Codigo,PaisCodigo,DescripcionES,DescripcionEN,DescripcionFR,DescripcionDE,DescripcionPT
AE-01,AE,ABU DHABI,ABU DHABI,ABOU DABI,ABU DHABI,ABU DHABI
AE-02,AE,AJMAN,AJMAN,AJMAN,AJMAN,AJMAN
AE-03,AE,DUBÁI,DUBAI,DUBAÏ,DUBAI,DUBAI
AE-04,AE,FUJAIRAH,FUJAIRAH EMIRATE,FUJAÏRAH,FUJAIRAH EMIRATE,FUJAIRAH EMIRATE
AE-05,AE,RAS AL KHAIMAH,EMIRATE OF RAS AL KHAIMAH,RAS EL KHAÏMAH,EMIRATE OF RAS AL KHAIMAH,EMIRATE OF RAS AL KHAIMAH
AE-06,AE,SHARJAH,SHARJAH EMIRATE,CHARJAH,SHARJAH EMIRATE,SHARJAH EMIRATE
AE-07,AE,UMM AL QAYWAYN,UMM AL QAYWAYN,OUMM AL QAÏWAÏN,UMM AL QAYWAYN,UMM AL QAYWAYN
AG-01,AG,BARBUDA,BARBUDA,ÎLE DE BARBUDA,BARBUDA,BARBUDA
AG-03,AG,PARROQUIA DE SAINT GEORGE,SAINT GEORGE PARISH,SAINT-GEORGE,SAINT GEORGE PARISH,SAINT GEORGE PARISH
AG-04,AG,ST. JOHN'S,SAINT JOHN PARISH,SAINT-JOHN,SAINT JOHN PARISH,SAINT JOHN PARISH
AG-05,AG,PARROQUIA DE SAINT MARY,SAINT MARY PARISH,SAINT-MARY,SAINT MARY PARISH,SAINT MARY PARISH
AG-06,AG,PARROQUIA DE SAINT PAUL,SAINT PAUL PARISH,SAINT-PAUL,SAINT PAUL PARISH,SAINT PAUL PARISH
AG-07,AG,PARROQUIA DE SAINT PETER,SAINT PETER PARISH,SAINT-PETER,SAINT PETER PARISH,SAINT PETER PARISH
AG-08,AG,PARROQUIA DE SAINT PHILIP,SAINT PHILIP PARISH,SAINT-PHILIP,SAINT PHILIP PARISH,SAINT PHILIP PARISH
AG-09,AG,ISLA REDONDA,REDONDA,ÎLE DE REDONDA,REDONDA,REDONDA
AR-01,AR,BUENOS AIRES,BUENOS AIRES,BUENOS AIRES,BUENOS AIRES,BUENOS AIRES
AR-02,AR,PROVINCIA DE CATAMARCA,CATAMARCA PROVINCE,CATAMARCA,CATAMARCA PROVINCE,CATAMARCA PROVINCE
AR-03,AR,PROVINCIA DEL CHACO,CHACO PROVINCE,CHACO,CHACO PROVINCE,CHACO PROVINCE
AR-04,AR,CHUBUT,CHUBUT PROVINCE,CHUBUT,CHUBUT PROVINCE,CHUBUT PROVINCE
AR-05,AR,PROVINCIA DE CÓRDOBA,CORDOBA PROVINCE,CÓRDOBA,CORDOBA PROVINCE,CORDOBA PROVINCE
AR-06,AR,PROVINCIA DE CORRIENTES,CORRIENTES PROVINCE,CORRIENTES,CORRIENTES PROVINCE,CORRIENTES PROVINCE
AR-07,AR,CAPITAL FEDERAL,FEDERAL DISTRICT,BUENOS AIRES,FEDERAL DISTRICT,FEDERAL DISTRICT
AR-08,AR,PROVINCIA DE ENTRE RÍOS,ENTRE RÍOS PROVINCE,ENTRE RÍOS,ENTRE RÍOS PROVINCE,ENTRE RÍOS PROVINCE
AR-09,AR,PROVINCIA DE FORMOSA,FORMOSA PROVINCE,FORMOSA,FORMOSA PROVINCE,FORMOSA PROVINCE
AR-10,AR,PROVINCIA DE JUJUY,JUJUY PROVINCE,JUJUY,JUJUY PROVINCE,JUJUY PROVINCE
AR-11,AR,PROVINCIA DE LA PAMPA,LA PAMPA PROVINCE,LA PAMPA,LA PAMPA PROVINCE,LA PAMPA PROVINCE
AR-12,AR,PROVINCIA DE LA RIOJA,LA RIOJA PROVINCE,LA RIOJA,LA RIOJA PROVINCE,LA RIOJA PROVINCE
AR-13,AR,PROVINCIA DE MENDOZA,MENDOZA PROVINCE,MENDOZA,MENDOZA PROVINCE,MENDOZA PROVINCE
AR-14,AR,MISIONES,MISIONES PROVINCE,MISIONES,MISIONES PROVINCE,MISIONES PROVINCE
AR-15,AR,PROVINCIA DEL NEUQUÉN,NEUQUÉN PROVINCE,NEUQUÉN,NEUQUÉN PROVINCE,NEUQUÉN PROVINCE
AR-16,AR,PROVINCIA DE RÍO NEGRO,RÍO NEGRO PROVINCE,RÍO NEGRO,RÍO NEGRO PROVINCE,RÍO NEGRO PROVINCE
AR-17,AR,PROVINCIA DE SALTA,SALTA PROVINCE,SALTA,SALTA PROVINCE,SALTA PROVINCE
AR-18,AR,PROVINCIA DE SAN JUAN,SAN JUAN PROVINCE,SAN JUAN,SAN JUAN PROVINCE,SAN JUAN PROVINCE
AR-19,AR,PROVINCIA DE SAN LUIS,SAN LUIS PROVINCE,SAN LUIS,SAN LUIS PROVINCE,SAN LUIS PROVINCE
AR-20,AR,PROVINCIA DE SANTA CRUZ,SANTA CRUZ PROVINCE,SANTA CRUZ,SANTA CRUZ PROVINCE,SANTA CRUZ PROVINCE
AR-21,AR,SANTA FE,SANTA FE PROVINCE,SANTA FE,SANTA FE PROVINCE,SANTA FE PROVINCE
AR-22,AR,PROVINCIA DE SANTIAGO DEL ESTERO,SANTIAGO DEL ESTERO PROVINCE,SANTIAGO DEL ESTERO,SANTIAGO DEL ESTERO PROVINCE,SANTIAGO DEL ESTERO PROVINCE
AR-23,AR,TIERRA DEL FUEGO,TIERRA DEL FUEGO PROVINCE,TERRE DE FEU,TIERRA DEL FUEGO PROVINCE,TIERRA DEL FUEGO PROVINCE
AR-24,AR,PROVINCIA DE TUCUMÁN,TUCUMÁN PROVINCE,TUCUMÁN,TUCUMÁN PROVINCE,TUCUMÁN PROVINCE
AT-01,AT,BURGENLAND,BURGENLAND,BURGENLAND,BURGENLAND,BURGENLAND
AT-02,AT,CARINTIA,CARINTHIA,CARINTHIE,CARINTHIA,CARINTHIA
AT-03,AT,BAJA AUSTRIA,LOWER AUSTRIA,BASSE-AUTRICHE,LOWER AUSTRIA,LOWER AUSTRIA
AT-04,AT,ALTA AUSTRIA,UPPER AUSTRIA,HAUTE-AUTRICHE,UPPER AUSTRIA,UPPER AUSTRIA
AT-05,AT,SALZBURGO,SALZBURG,SALZBOURG,SALZBURG,SALZBURG
AT-06,AT,ESTIRIA,STYRIA,STYRIE,STYRIA,STYRIA
AT-07,AT,TIROL,TYROL,TYROL,TYROL,TYROL
AT-08,AT,VORARLBERG,VORARLBERG,VORARLBERG,VORARLBERG,VORARLBERG
AT-09,AT,VIENA,VIENNA,VIENNE,VIENNA,VIENNA
AU-01,AU,TERRITORIO DE LA CAPITAL AUSTRALIANA,AUSTRALIAN CAPITAL TERRITORY,TERRITOIRE DE LA CAPITALE AUSTRALIENNE,AUSTRALIAN CAPITAL TERRITORY,AUSTRALIAN CAPITAL TERRITORY
AU-02,AU,NUEVA GALES DEL SUR,NEW SOUTH WALES,NOUVELLE-GALLES DU SUD,NEW SOUTH WALES,NEW SOUTH WALES
AU-03,AU,TERRITORIO DEL NORTE,NORTHERN TERRITORY,TERRITOIRE DU NORD,NORTHERN TERRITORY,NORTHERN TERRITORY
AU-04,AU,QUEENSLAND,QUEENSLAND,QUEENSLAND,QUEENSLAND,QUEENSLAND
AU-05,AU,SOUTH AUSTRALIA,SOUTH AUSTRALIA,AUSTRALIE-MÉRIDIONALE,SOUTH AUSTRALIA,SOUTH AUSTRALIA
AU-06,AU,TASMANIA,TASMANIA,TASMANIE,TASMANIA,TASMANIA
AU-07,AU,VICTORIA,VICTORIA,VICTORIA,VICTORIA,VICTORIA
AU-08,AU,AUSTRALIA OCCIDENTAL,WESTERN AUSTRALIA,AUSTRALIE-OCCIDENTALE,WESTERN AUSTRALIA,WESTERN AUSTRALIA
BB-01,BB,PARROQUIA DE CHRIST CHURCH,CHRIST CHURCH,CHRIST CHURCH,CHRIST CHURCH,CHRIST CHURCH
BB-02,BB,SAINT ANDREW,SAINT ANDREW,SAINT ANDREW,SAINT ANDREW,SAINT ANDREW
BB-03,BB,PARROQUIA DE SAINT GEORGE,SAINT GEORGE,SAINT GEORGE,SAINT GEORGE,SAINT GEORGE
BB-04,BB,PARROQUIA DE SAINT JAMES,SAINT JAMES,SAINT JAMES,SAINT JAMES,SAINT JAMES
BB-05,BB,PARROQUIA DE SAINT JOHN,SAINT JOHN,SAINT JOHN,SAINT JOHN,SAINT JOHN
BB-06,BB,PARROQUIA DE SAINT JOSEPH,SAINT JOSEPH,SAINT JOSEPH,SAINT JOSEPH,SAINT JOSEPH
BB-07,BB,PARROQUIA DE SAINT LUCY,SAINT LUCY,SAINT LUCY,SAINT LUCY,SAINT LUCY
BB-08,BB,PARROQUIA DE SAINT MICHAEL,SAINT MICHAEL,SAINT MICHAEL,SAINT MICHAEL,SAINT MICHAEL
BB-09,BB,PARROQUIA DE SAINT PETER,SAINT PETER,SAINT PETER,SAINT PETER,SAINT PETER
BB-10,BB,PARROQUIA DE SAINT PHILIP,SAINT PHILIP,SAINT PHILIP,SAINT PHILIP,SAINT PHILIP
BB-11,BB,PARROQUIA DE SAINT THOMAS,SAINT THOMAS,SAINT THOMAS,SAINT THOMAS,SAINT THOMAS
BD-81,BD,DACA,DHAKA DIVISION,DHÂKÂ,DHAKA DIVISION,DHAKA DIVISION
BD-82,BD,KHULNA,KHULNA DIVISION,KHULNÂ,KHULNA DIVISION,KHULNA DIVISION
BD-83,BD,RAJSHAHI,RAJSHAHI DIVISION,RÂJSHÂHÎ,RAJSHAHI DIVISION,RAJSHAHI DIVISION
BD-84,BD,CHITTAGONG,CHITTAGONG,CHITTAGONG,CHITTAGONG,CHITTAGONG
BD-85,BD,BARISAL,BARISAL DIVISION,BARISÂL,BARISAL DIVISION,BARISAL DIVISION
BD-86,BD,SYLHET,SYLHET DIVISION,SYLHET,SYLHET DIVISION,SYLHET DIVISION
BD-87,BD,RANGPUR,RANGPUR DIVISION,RANGPUR,RANGPUR DIVISION,RANGPUR DIVISION
BD-H,BD,MYMENSINGH DIVISION,MYMENSINGH DIVISION,MYMENSINGH DIVISION,MYMENSINGH DIVISION,MYMENSINGH DIVISION
BE-BRU,BE,BRUSELAS,BRUSSELS CAPITAL,BRUXELLES-CAPITALE,BRUSSELS CAPITAL,BRUSSELS CAPITAL
BE-VLG,BE,FLANDES,FLEMISH REGION,RÉGION FLAMANDE,FLEMISH REGION,FLEMISH REGION
BE-WAL,BE,VALONIA,WALLONIA,RÉGION WALLONNE,WALLONIA,WALLONIA
BF-01,BF,REGIÓN BOUCLE DU MOUHOUN,BOUCLE DU MOUHOUN,BOUCLE DU MOUHOUN,BOUCLE DU MOUHOUN,BOUCLE DU MOUHOUN
BF-02,BF,REGIÓN CASCADES,CASCADES REGION,CASCADES,CASCADES REGION,CASCADES REGION
BF-03,BF,REGIÓN CENTRO,CENTRE REGION,CENTRE,CENTRE REGION,CENTRE REGION
BF-04,BF,REGIÓN CENTRO-ESTE,CENTRE-EST REGION,CENTRE-EST,CENTRE-EST REGION,CENTRE-EST REGION
BF-05,BF,REGIÓN CENTRO-NORTE,CENTRE-NORD REGION,CENTRE-NORD,CENTRE-NORD REGION,CENTRE-NORD REGION
BF-06,BF,REGIÓN CENTRO-OESTE,CENTRE-OUEST REGION,CENTRE-OUEST,CENTRE-OUEST REGION,CENTRE-OUEST REGION
BF-07,BF,REGIÓN CENTRO-SUR,CENTRE-SUD REGION,CENTRE-SUD,CENTRE-SUD REGION,CENTRE-SUD REGION
BF-08,BF,REGIÓN ESTE,EST REGION,EST,EST REGION,EST REGION
BF-09,BF,REGIÓN HAUTS-BASSINS,HAUTS-BASSINS REGION,HAUTS-BASSINS,HAUTS-BASSINS REGION,HAUTS-BASSINS REGION
BF-10,BF,REGIÓN NORTE,NORD REGION,RÉGION NORD,NORD REGION,NORD REGION
BF-11,BF,REGIÓN PLATEAU-CENTRAL,PLATEAU-CENTRAL REGION,PLATEAU-CENTRAL,PLATEAU-CENTRAL REGION,PLATEAU-CENTRAL REGION
BF-12,BF,REGIÓN DEL SAHEL,SAHEL REGION,SAHEL,SAHEL REGION,SAHEL REGION
BF-13,BF,REGIÓN SUROESTE,SUD-OUEST REGION,SUD-OUEST,SUD-OUEST REGION,SUD-OUEST REGION
BI-09,BI,PROVINCIA DE BUBANZA,BUBANZA,PROVINCE DE BUBANZA,BUBANZA,BUBANZA
BI-10,BI,PROVINCIA DE BURURI,BURURI,PROVINCE DE BURURI,BURURI,BURURI
BI-11,BI,PROVINCIA DE CANKUZO,CANKUZO,PROVINCE DE CANKUZO,CANKUZO,CANKUZO
BI-12,BI,PROVINCIA DE CIBITOKE,CIBITOKE,PROVINCE DE CIBITOKE,CIBITOKE,CIBITOKE
BI-13,BI,PROVINCIA DE GITEGA,GITEGA PROVINCE,PROVINCE DE GITEGA,GITEGA PROVINCE,GITEGA PROVINCE
BI-15,BI,PROVINCIA DE KAYANZA,KAYANZA,PROVINCE DE KAYANZA,KAYANZA,KAYANZA
BI-16,BI,PROVINCIA DE KIRUNDO,KIRUNDO,PROVINCE DE KIRUNDO,KIRUNDO,KIRUNDO
BI-17,BI,PROVINCIA DE MAKAMBA,MAKAMBA PROVINCE,PROVINCE DE MAKAMBA,MAKAMBA PROVINCE,MAKAMBA PROVINCE
BI-18,BI,PROVINCIA DE MUYINGA,MUYINGA PROVINCE,PROVINCE DE MUYINGA,MUYINGA PROVINCE,MUYINGA PROVINCE
BI-19,BI,PROVINCIA DE NGOZI,NGOZI,PROVINCE DE NGOZI,NGOZI,NGOZI
BI-20,BI,PROVINCIA DE RUTANA,RUTANA,PROVINCE DE RUTANA,RUTANA,RUTANA
BI-21,BI,PROVINCIA DE RUYIGI,RUYIGI,PROVINCE DE RUYIGI,RUYIGI,RUYIGI
BI-22,BI,PROVINCIA DE MURAMVYA,MURAMVYA,PROVINCE DE MURAMVYA,MURAMVYA,MURAMVYA
BI-24,BI,PROVINCIA DE BUYUMBURA MAIRIE,BUJUMBURA MAIRIE,BUJUMBURA MAIRIE,BUJUMBURA MAIRIE,BUJUMBURA MAIRIE
BI-25,BI,PROVINCIA DE BUYUMBURA RURAL,BUJUMBURA RURAL PROVINCE,BUJUMBURA RURAL,BUJUMBURA RURAL PROVINCE,BUJUMBURA RURAL PROVINCE
BI-26,BI,PROVINCIA DE RUMONGE,RUMONGE PROVINCE,RUMONGE,RUMONGE PROVINCE,RUMONGE PROVINCE
BJ-07,BJ,ALIBORI,ALIBORI,ALIBORI,ALIBORI,ALIBORI
BJ-08,BJ,ATAKORA,ATAKORA,ATACORA,ATAKORA,ATAKORA
BJ-09,BJ,ATLANTIQUE,ATLANTIQUE DEPARTMENT,ATLANTIQUE,ATLANTIQUE DEPARTMENT,ATLANTIQUE DEPARTMENT
BJ-10,BJ,BORGOU,BORGOU DEPARTMENT,BORGOU,BORGOU DEPARTMENT,BORGOU DEPARTMENT
BJ-11,BJ,COLLINES,COLLINES,COLLINES,COLLINES,COLLINES
BJ-12,BJ,KOUFFO,KOUFFO DEPARTMENT,COUFFO,KOUFFO DEPARTMENT,KOUFFO DEPARTMENT
BJ-13,BJ,DONGA,DONGA,DONGA,DONGA,DONGA
BJ-14,BJ,LITTORAL,LITTORAL,LITTORAL,LITTORAL,LITTORAL
BJ-15,BJ,MONO,MONO,MONO,MONO,MONO
BJ-16,BJ,OUÉMÉ,OUÉMÉ DEPARTMENT,OUÉMÉ,OUÉMÉ DEPARTMENT,OUÉMÉ DEPARTMENT
BJ-17,BJ,PLATEAU,PLATEAU,PLATEAU,PLATEAU,PLATEAU
BJ-18,BJ,ZOU,ZOU DEPARTMENT,ZOU,ZOU DEPARTMENT,ZOU DEPARTMENT
BO-01,BO,DEPARTAMENTO DE CHUQUISACA,CHUQUISACA DEPARTMENT,CHUQUISACA,CHUQUISACA DEPARTMENT,CHUQUISACA DEPARTMENT
BO-02,BO,DEPARTAMENTO DE COCHABAMBA,COCHABAMBA,COCHABAMBA,COCHABAMBA,COCHABAMBA
BO-03,BO,DEPARTAMENTO DEL BENI,BENI DEPARTMENT,BENI,BENI DEPARTMENT,BENI DEPARTMENT
BO-04,BO,DEPARTAMENTO DE LA PAZ,LA PAZ DEPARTMENT,LA PAZ,LA PAZ DEPARTMENT,LA PAZ DEPARTMENT
BO-05,BO,DEPARTAMENTO DE ORURO,ORURO,ORURO,ORURO,ORURO
BO-06,BO,DEPARTAMENTO DE PANDO,PANDO,PANDO,PANDO,PANDO
BO-07,BO,DEPARTAMENTO DE POTOSÍ,POTOSÍ DEPARTMENT,POTOSÍ,POTOSÍ DEPARTMENT,POTOSÍ DEPARTMENT
BO-08,BO,DEPARTAMENTO DE SANTA CRUZ,SANTA CRUZ DEPARTMENT,SANTA CRUZ,SANTA CRUZ DEPARTMENT,SANTA CRUZ DEPARTMENT
BO-09,BO,DEPARTAMENTO DE TARIJA,TARIJA DEPARTMENT,TARIJA,TARIJA DEPARTMENT,TARIJA DEPARTMENT
BR-01,BR,ESTADO DE ACRE,ACRE,ACRE,ACRE,ACRE
BR-02,BR,ESTADO DE ALAGOAS,ALAGOAS,ALAGOAS,ALAGOAS,ALAGOAS
BR-03,BR,ESTADO DE AMAPÁ,AMAPÁ,AMAPÁ,AMAPÁ,AMAPÁ
BR-04,BR,ESTADO DE AMAZONAS,AMAZONAS,AMAZONAS,AMAZONAS,AMAZONAS
BR-05,BR,BAHÍA,ESTADO DE BAHIA,BAHIA,ESTADO DE BAHIA,ESTADO DE BAHIA
BR-06,BR,ESTADO DE CEARÁ,CEARÁ,CEARÁ,CEARÁ,CEARÁ
BR-07,BR,DISTRITO FEDERAL,FEDERAL DISTRICT,DISTRICT FÉDÉRAL,FEDERAL DISTRICT,FEDERAL DISTRICT
BR-08,BR,ESTADO DE ESPÍRITO SANTO,ESPÍRITO SANTO,ESPÍRITO SANTO,ESPÍRITO SANTO,ESPÍRITO SANTO
BR-11,BR,MATO GROSSO DEL SUR,MATO GROSSO DO SUL,MATO GROSSO DO SUL,MATO GROSSO DO SUL,MATO GROSSO DO SUL
BR-13,BR,ESTADO DE MARANHÃO,MARANHÃO,MARANHÃO,MARANHÃO,MARANHÃO
BR-14,BR,ESTADO DE MATO GROSSO,MATO GROSSO,MATO GROSSO,MATO GROSSO,MATO GROSSO
BR-15,BR,ESTADO DE MINAS GERAIS,MINAS GERAIS,MINAS GERAIS,MINAS GERAIS,MINAS GERAIS
BR-16,BR,ESTADO DE PARÁ,PARÁ,PARÁ,PARÁ,PARÁ
BR-17,BR,ESTADO DE PARAÍBA,PARAÍBA,PARAÍBA,PARAÍBA,PARAÍBA
BR-18,BR,ESTADO DE PARANÁ,PARANÁ,PARANÁ,PARANÁ,PARANÁ
BR-20,BR,ESTADO DE PIAUÍ,PIAUÍ,PIAUÍ,PIAUÍ,PIAUÍ
BR-21,BR,ESTADO DE RÍO DE JANEIRO,STATE OF RIO DE JANEIRO,RIO DE JANEIRO,STATE OF RIO DE JANEIRO,STATE OF RIO DE JANEIRO
BR-22,BR,ESTADO DE RÍO GRANDE DEL NORTE,RIO GRANDE DO NORTE,RIO GRANDE DO NORTE,RIO GRANDE DO NORTE,RIO GRANDE DO NORTE
BR-23,BR,ESTADO DE RÍO GRANDE DEL SUR,RIO GRANDE DO SUL,RIO GRANDE DO SUL,RIO GRANDE DO SUL,RIO GRANDE DO SUL
BR-24,BR,ESTADO DE RONDONIA,RONDÔNIA,RONDÔNIA,RONDÔNIA,RONDÔNIA
BR-25,BR,ESTADO DE RORAIMA,RORAIMA,RORAIMA,RORAIMA,RORAIMA
BR-26,BR,ESTADO DE SANTA CATARINA,SANTA CATARINA,SANTA CATARINA,SANTA CATARINA,SANTA CATARINA
BR-27,BR,ESTADO DE SÃO PAULO,SÃO PAULO,SÃO PAULO,SÃO PAULO,SÃO PAULO
BR-28,BR,ESTADO DE SERGIPE,SERGIPE,SERGIPE,SERGIPE,SERGIPE
BR-29,BR,ESTADO DE GOIÁS,GOIÁS,GOIÁS,GOIÁS,GOIÁS
BR-30,BR,ESTADO DE PERNAMBUCO,PERNAMBUCO,PERNAMBOUC,PERNAMBUCO,PERNAMBUCO
BR-31,BR,ESTADO DE TOCANTINS,TOCANTINS,TOCANTINS,TOCANTINS,TOCANTINS
BS-05,BS,BIMINI,BIMINI DISTRICT,ÎLES BIMINI,BIMINI DISTRICT,BIMINI DISTRICT
BS-06,BS,ISLA CAT,CAT ISLAND,CAT ISLAND,CAT ISLAND,CAT ISLAND
BS-10,BS,EXUMA,EXUMA,ÎLES EXUMAS,EXUMA,EXUMA
BS-13,BS,INAGUA,INAGUA,INAGUA,INAGUA,INAGUA
BS-15,BS,LONG ISLAND,LONG ISLAND,LONG ISLAND,LONG ISLAND,LONG ISLAND
BS-16,BS,MAYAGUANA,MAYAGUANA,MAYAGUANA,MAYAGUANA,MAYAGUANA
BS-18,BS,ISLA RAGGED,RAGGED ISLAND,RAGGED ISLAND,RAGGED ISLAND,RAGGED ISLAND
BS-22,BS,ISLA HARBOUR,HARBOUR ISLAND,HARBOUR ISLAND,HARBOUR ISLAND,HARBOUR ISLAND
BS-23,BS,NEW PROVIDENCE,NEW PROVIDENCE,NEW PROVIDENCE,NEW PROVIDENCE,NEW PROVIDENCE
BS-24,BS,ACKLINS,ACKLINS,ACKLINS,ACKLINS,ACKLINS
BS-25,BS,FREEPORT,FREEPORT,FREEPORT,FREEPORT,FREEPORT
BS-32,BS,ISLAS BERRY,BERRY ISLANDS,ÎLES BERRY,BERRY ISLANDS,BERRY ISLANDS
BS-35,BS,SAN SALVADOR,SAN SALVADOR,SAN SALVADOR,SAN SALVADOR,SAN SALVADOR
BS-36,BS,BLACK POINT,BLACK POINT,BLACK POINT,BLACK POINT,BLACK POINT
BS-37,BS,ÁBACO CENTRAL,CENTRAL ABACO,CENTRAL ABACO,CENTRAL ABACO,CENTRAL ABACO
BS-38,BS,CENTRAL ANDROS,CENTRAL ANDROS,CENTRAL ANDROS,CENTRAL ANDROS,CENTRAL ANDROS
BS-39,BS,CENTRAL ELEUTHERA,CENTRAL ELEUTHERA,CENTRAL ELEUTHERA,CENTRAL ELEUTHERA,CENTRAL ELEUTHERA
BS-40,BS,CROOKED ISLAND AND LONG CAY,CROOKED ISLAND AND LONG CAY,CROOKED ISLAND AND LONG CAY,CROOKED ISLAND AND LONG CAY,CROOKED ISLAND AND LONG CAY
BS-41,BS,EAST GRAND BAHAMA,EAST GRAND BAHAMA,EAST GRAND BAHAMA,EAST GRAND BAHAMA,EAST GRAND BAHAMA
BS-42,BS,GRAND CAY,GRAND CAY,GRAND CAY,GRAND CAY,GRAND CAY
BS-43,BS,HOPE TOWN,HOPE TOWN,HOPE TOWN,HOPE TOWN,HOPE TOWN
BS-44,BS,CAYO MANGROVE,MANGROVE CAY DISTRICT,MANGROVE CAY,MANGROVE CAY DISTRICT,MANGROVE CAY DISTRICT
BS-45,BS,MOORE’S ISLAND,MOORE’S ISLAND,MOORE’S ISLAND,MOORE’S ISLAND,MOORE’S ISLAND
BS-46,BS,ÁBACO NORTE,NORTH ABACO,NORTH ABACO,NORTH ABACO,NORTH ABACO
BS-47,BS,ANDROS NORTE,NORTH ANDROS,NORTH ANDROS,NORTH ANDROS,NORTH ANDROS
BS-48,BS,ELEUTHERA NORTE,NORTH ELEUTHERA,NORTH ELEUTHERA,NORTH ELEUTHERA,NORTH ELEUTHERA
BS-49,BS,RUM CAY,RUM CAY,RUM CAY,RUM CAY,RUM CAY
BS-50,BS,ABACO SUL,SOUTH ABACO,SOUTH ABACO,SOUTH ABACO,SOUTH ABACO
BS-51,BS,ANDROS SUR,SOUTH ANDROS,SOUTH ANDROS,SOUTH ANDROS,SOUTH ANDROS
BS-52,BS,ELEUTHERA SUR,SOUTH ELEUTHERA,SOUTH ELEUTHERA,SOUTH ELEUTHERA,SOUTH ELEUTHERA
BS-53,BS,SPANISH WELLS,SPANISH WELLS,SPANISH WELLS,SPANISH WELLS,SPANISH WELLS
BS-54,BS,WEST GRAND BAHAMA,WEST GRAND BAHAMA,WEST GRAND BAHAMA,WEST GRAND BAHAMA,WEST GRAND BAHAMA
BW-01,BW,DISTRITO CENTRAL,CENTRAL DISTRICT,DISTRICT CENTRAL,CENTRAL DISTRICT,CENTRAL DISTRICT
BW-03,BW,DISTRITO GHANZI,GHANZI DISTRICT,GHANZI,GHANZI DISTRICT,GHANZI DISTRICT
BW-04,BW,DISTRITO KGALAGADI,KGALAGADI DISTRICT,KGALAGADI,KGALAGADI DISTRICT,KGALAGADI DISTRICT
BW-05,BW,DISTRITO KGATLENG,KGATLENG,KGATLENG,KGATLENG,KGATLENG
BW-06,BW,DISTRITO KWENENG,KWENENG DISTRICT,KWENENG,KWENENG DISTRICT,KWENENG DISTRICT
BW-08,BW,NORTH-EAST,NORTH-EAST DISTRICT,NORTH-EAST,NORTH-EAST DISTRICT,NORTH-EAST DISTRICT
BW-09,BW,SOUTH-EAST,SOUTH-EAST,SUD-EST,SOUTH-EAST,SOUTH-EAST
BW-10,BW,DISTRITO SUR,NGWAKETSI,DISTRICT DU SUD,NGWAKETSI,NGWAKETSI
BW-11,BW,DISTRITO NOROESTE,NORTH-WEST DISTRICT,DISTRICT DU NORD-OUEST,NORTH-WEST DISTRICT,NORTH-WEST DISTRICT
BW-12,BW,CHOBE,CHOBE,CHOBE,CHOBE,CHOBE
BW-13,BW,CITY OF FRANCISTOWN,CITY OF FRANCISTOWN,CITY OF FRANCISTOWN,CITY OF FRANCISTOWN,CITY OF FRANCISTOWN
BW-14,BW,GABORONE,GABORONE,GABORONE,GABORONE,GABORONE
BW-15,BW,JWANENG,JWANENG,JWANENG,JWANENG,JWANENG
BW-16,BW,LOBATSE,LOBATSE,LOBATSE,LOBATSE,LOBATSE
BW-17,BW,SELIBE PHIKWE,SELIBE PHIKWE,SELIBE PHIKWE,SELIBE PHIKWE,SELIBE PHIKWE
BW-18,BW,SOWA TOWN,SOWA TOWN,SOWA TOWN,SOWA TOWN,SOWA TOWN
BZ-01,BZ,DISTRITO DE BELICE,BELIZE DISTRICT,BELIZE,BELIZE DISTRICT,BELIZE DISTRICT
BZ-02,BZ,DISTRITO DE CAYO,CAYO DISTRICT,CAYO,CAYO DISTRICT,CAYO DISTRICT
BZ-03,BZ,DISTRITO DE COROZAL,COROZAL DISTRICT,COROZAL,COROZAL DISTRICT,COROZAL DISTRICT
BZ-04,BZ,DISTRITO DE ORANGE WALK,ORANGE WALK DISTRICT,ORANGE WALK,ORANGE WALK DISTRICT,ORANGE WALK DISTRICT
BZ-05,BZ,DISTRITO DE STANN CREEK,SOUTHERN DISTRICT,STANN CREEK,SOUTHERN DISTRICT,SOUTHERN DISTRICT
BZ-06,BZ,DISTRITO DE TOLEDO,TOLEDO DISTRICT,TOLEDO,TOLEDO DISTRICT,TOLEDO DISTRICT
CA-01,CA,ALBERTA,ALBERTA,ALBERTA,ALBERTA,ALBERTA
CA-02,CA,COLUMBIA BRITÁNICA,BRITISH COLUMBIA,COLOMBIE-BRITANNIQUE,BRITISH COLUMBIA,BRITISH COLUMBIA
CA-03,CA,MANITOBA,MANITOBA,MANITOBA,MANITOBA,MANITOBA
CA-04,CA,NUEVO BRUNSWICK,NEW BRUNSWICK,NOUVEAU-BRUNSWICK,NEW BRUNSWICK,NEW BRUNSWICK
CA-05,CA,NEW FOUNDLAND - LABRADOR,NEWFOUNDLAND AND LABRADOR,TERRE-NEUVE-ET-LABRADOR,NEWFOUNDLAND AND LABRADOR,NEWFOUNDLAND AND LABRADOR
CA-07,CA,NUEVA ESCOCIA,NOVA SCOTIA,NOUVELLE-ÉCOSSE,NOVA SCOTIA,NOVA SCOTIA
CA-08,CA,ONTARIO,ONTARIO,ONTARIO,ONTARIO,ONTARIO
CA-09,CA,ISLA DEL PRÍNCIPE EDUARDO,PRINCE EDWARD ISLAND,ÎLE-DU-PRINCE-ÉDOUARD,PRINCE EDWARD ISLAND,PRINCE EDWARD ISLAND
CA-10,CA,QUEBEC,QUEBEC,QUÉBEC,QUEBEC,QUEBEC
CA-11,CA,SASKATCHEWAN,SASKATCHEWAN,SASKATCHEWAN,SASKATCHEWAN,SASKATCHEWAN
CA-12,CA,YUKÓN,YUKON TERRITORY,YUKON,YUKON TERRITORY,YUKON TERRITORY
CA-13,CA,NORTHWEST TERRITORIES,NORTHWEST TERRITORIES,TERRITOIRES DU NORD-OUEST,NORTHWEST TERRITORIES,NORTHWEST TERRITORIES
CA-14,CA,NUNAVUT,NUNAVUT,NUNAVUT,NUNAVUT,NUNAVUT
CD-02,CD,ÉQUATEUR,ÉQUATEUR PROVINCE,ÉQUATEUR,ÉQUATEUR PROVINCE,ÉQUATEUR PROVINCE
CD-04,CD,KASAI ORIENTAL,EAST KASAI,KASAÏ-ORIENTAL,EAST KASAI,EAST KASAI
CD-06,CD,KINSHASA,KINSHASA CITY,KINSHASA,KINSHASA CITY,KINSHASA CITY
CD-08,CD,BAS-CONGO,BAS-CONGO,BAS-CONGO,BAS-CONGO,BAS-CONGO
CD-10,CD,MANIEMA,MANIEMA PROVINCE,MANIEMA,MANIEMA PROVINCE,MANIEMA PROVINCE
CD-11,CD,KIVU DEL NORTE,NORTH KIVU,NORD-KIVU,NORTH KIVU,NORTH KIVU
CD-12,CD,KIVU DEL SUR,SOUTH KIVU,SUD-KIVU,SOUTH KIVU,SOUTH KIVU
CD-13,CD,BAJO UELE,BAS-UELE,BAS-UELE,BAS-UELE,BAS-UELE
CD-14,CD,ALTO KATANGA,HAUT-KATANGA PROVINCE,PROVINCE DU HAUT-KATANGA,HAUT-KATANGA PROVINCE,HAUT-KATANGA PROVINCE
CD-15,CD,HAUT-LOMAMI,HAUT-LOMAMI,HAUT-LOMAMI,HAUT-LOMAMI,HAUT-LOMAMI
CD-16,CD,ALTO UELE,HAUT-UELE,HAUT-UELE,HAUT-UELE,HAUT-UELE
CD-17,CD,ITURI,ITURI,ITURI,ITURI,ITURI
CD-18,CD,KASAI,KASAÏ PROVINCE,KASAI,KASAÏ PROVINCE,KASAÏ PROVINCE
CD-19,CD,KWANGO,KWANGO,KWANGO,KWANGO,KWANGO
CD-20,CD,KWILU,KWILU,KWILU,KWILU,KWILU
CD-21,CD,LOMAMI,LOMAMI,LOMAMI,LOMAMI,LOMAMI
CD-22,CD,LUALABA,LUALABA,LUALABA,LUALABA,LUALABA
CD-23,CD,LULUA,KASAI-CENTRAL,KASAÏ CENTRAL,KASAI-CENTRAL,KASAI-CENTRAL
CD-24,CD,MAI-NDOMBE,MAI-NDOMBE,MAI-NDOMBE,MAI-NDOMBE,MAI-NDOMBE
CD-25,CD,MONGALA,MONGALA,MONGALA,MONGALA,MONGALA
CD-26,CD,NORD-UBANGI,NORD-UBANGI,PROVINCE DU NORD-UBANGI,NORD-UBANGI,NORD-UBANGI
CD-27,CD,SANKURU,SANKURU,SANKURU,SANKURU,SANKURU
CD-28,CD,SUD-UBANGI,SUD-UBANGI,PROVINCE DU SUD-UBANGI,SUD-UBANGI,SUD-UBANGI
CD-29,CD,PROVINCIA DE TANGANYIKA,TANGANYIKA,TANGANYIKA,TANGANYIKA,TANGANYIKA
CD-30,CD,TSHOPO,TSHOPO,TSHOPO,TSHOPO,TSHOPO
CD-31,CD,TSHUAPA,TSHUAPA,TSHUAPA,TSHUAPA,TSHUAPA
CF-01,CF,BAMINGUI-BANGORAN,BAMINGUI-BANGORAN,BAMINGUI-BANGORAN,BAMINGUI-BANGORAN,BAMINGUI-BANGORAN
CF-02,CF,BASSE-KOTTO,BASSE-KOTTO PREFECTURE,BASSE-KOTTO,BASSE-KOTTO PREFECTURE,BASSE-KOTTO PREFECTURE
CF-03,CF,HAUTE-KOTTO,HAUTE-KOTTO,HAUTE-KOTTO,HAUTE-KOTTO,HAUTE-KOTTO
CF-04,CF,MAMBÉRÉ-KADÉÏ,MAMBÉRÉ-KADÉÏ,MAMBÉRÉ-KADÉÏ,MAMBÉRÉ-KADÉÏ,MAMBÉRÉ-KADÉÏ
CF-05,CF,HAUT-MBOMOU,HAUT-MBOMOU PREFECTURE,HAUT-MBOMOU,HAUT-MBOMOU PREFECTURE,HAUT-MBOMOU PREFECTURE
CF-06,CF,KÉMO,KÉMO,KÉMO,KÉMO,KÉMO
CF-07,CF,LOBAYE,LOBAYE,LOBAYE,LOBAYE,LOBAYE
CF-08,CF,MBOMOU,MBOMOU,MBOMOU,MBOMOU,MBOMOU
CF-09,CF,NANA-MAMBÉRÉ,NANA-MAMBÉRÉ,NANA-MAMBÉRÉ,NANA-MAMBÉRÉ,NANA-MAMBÉRÉ
CF-11,CF,OUAKA,OUAKA,OUAKA,OUAKA,OUAKA
CF-12,CF,OUHAM,OUHAM,OUHAM,OUHAM,OUHAM
CF-13,CF,OUHAM-PENDÉ,OUHAM-PENDÉ,OUHAM-PENDÉ,OUHAM-PENDÉ,OUHAM-PENDÉ
CF-14,CF,VAKAGA,VAKAGA,VAKAGA,VAKAGA,VAKAGA
CF-15,CF,NANA-GRÉBIZI,NANA-GRÉBIZI,NANA-GRÉBIZI,NANA-GRÉBIZI,NANA-GRÉBIZI
CF-16,CF,SANGHA-MBAÉRÉ,SANGHA-MBAÉRÉ,SANGHA-MBAÉRÉ,SANGHA-MBAÉRÉ,SANGHA-MBAÉRÉ
CF-17,CF,OMBELLA-M'POKO,OMBELLA-M'POKO,OMBELLA-M'POKO,OMBELLA-M'POKO,OMBELLA-M'POKO
CF-18,CF,BANGUI,BANGUI,BANGUI,BANGUI,BANGUI
CF-19,CF,MAMBÉRÉ,MAMBÉRÉ,MAMBÉRÉ,MAMBÉRÉ,MAMBÉRÉ
CF-20,CF,OUHAM-FAFA,OUHAM-FAFA,OUHAM-FAFA,OUHAM-FAFA,OUHAM-FAFA
CF-21,CF,LIM-PENDÉ,LIM-PENDÉ,LIM-PENDÉ,LIM-PENDÉ,LIM-PENDÉ
CG-01,CG,BOUENZA,BOUENZA DEPARTMENT,BOUENZA,BOUENZA DEPARTMENT,BOUENZA DEPARTMENT
CG-04,CG,KOUILOU,KOUILOU,KOUILOU,KOUILOU,KOUILOU
CG-05,CG,LÉKOUMOU,LÉKOUMOU,LÉKOUMOU,LÉKOUMOU,LÉKOUMOU
CG-06,CG,LIKOUALA,LIKOUALA,LIKOUALA,LIKOUALA,LIKOUALA
CG-07,CG,NIARI,NIARI,NIARI,NIARI,NIARI
CG-08,CG,PLATEAUX,PLATEAUX,PLATEAUX,PLATEAUX,PLATEAUX
CG-10,CG,DEPARTAMENTO DE SANGHA,SANGHA,DÉPARTEMENT DE LA SANGHA,SANGHA,SANGHA
CG-11,CG,DEPARTAMENTO DE POOL,POOL,POOL,POOL,POOL
CG-12,CG,BRAZZAVILLE,BRAZZAVILLE,BRAZZAVILLE,BRAZZAVILLE,BRAZZAVILLE
CG-13,CG,DEPARTAMENTO DE CUVETTE,CUVETTE,CUVETTE,CUVETTE,CUVETTE
CG-14,CG,CUVETTE-OESTE,CUVETTE-OUEST DEPARTMENT,CUVETTE-OUEST,CUVETTE-OUEST DEPARTMENT,CUVETTE-OUEST DEPARTMENT
CG-15,CG,POINTE-NOIRE,POINTE-NOIRE,POINTE-NOIRE,POINTE-NOIRE,POINTE-NOIRE
CH-AG,CH,ARGOVIA,CANTON OF AARGAU,ARGOVIE,CANTON OF AARGAU,CANTON OF AARGAU
CH-AI,CH,APPENZELL RODAS INTERIORES,APPENZELL INNER RHODES,CANTON D’APPENZELL RHODEN-INTÉRIEUR,APPENZELL INNER RHODES,APPENZELL INNER RHODES
CH-AR,CH,APPENZELL RODAS EXTERIORES,APPENZELL OUTER RHODES,CANTON D’APPENZELL RHODEN-EXTÉRIEUR,APPENZELL OUTER RHODES,APPENZELL OUTER RHODES
CH-BE,CH,BERNA,CANTON OF BERN,BERNE,CANTON OF BERN,CANTON OF BERN
CH-BL,CH,BASILEA-CAMPIÑA,BASEL-LANDSCHAFT,CANTON DE BÂLE-CAMPAGNE,BASEL-LANDSCHAFT,BASEL-LANDSCHAFT
CH-BS,CH,CANTÓN DE BASILEA-CIUDAD,CANTON OF BASEL-CITY,CANTON DE BÂLE-VILLE,CANTON OF BASEL-CITY,CANTON OF BASEL-CITY
CH-FR,CH,FRIBURGO,CANTON OF FRIBOURG,FRIBOURG,CANTON OF FRIBOURG,CANTON OF FRIBOURG
CH-GE,CH,GINEBRA,CANTON OF GENEVA,GENÈVE,CANTON OF GENEVA,CANTON OF GENEVA
CH-GL,CH,GLARIS,CANTON OF GLARUS,GLARIS,CANTON OF GLARUS,CANTON OF GLARUS
CH-GR,CH,CANTÓN DE LOS GRISONES,GRISONS,CANTON DES GRISONS,GRISONS,GRISONS
CH-JU,CH,JURA,CANTON OF JURA,JURA,CANTON OF JURA,CANTON OF JURA
CH-LU,CH,LUCERNA,CANTON OF LUCERNE,LUCERNE,CANTON OF LUCERNE,CANTON OF LUCERNE
CH-NE,CH,NEUCHÂTEL,CANTON OF NEUCHÂTEL,NEUCHÂTEL,CANTON OF NEUCHÂTEL,CANTON OF NEUCHÂTEL
CH-NW,CH,NIDWALDEN,CANTON OF NIDWALDEN,NIDWALD,CANTON OF NIDWALDEN,CANTON OF NIDWALDEN
CH-OW,CH,OBWALDEN,CANTON OF OBWALDEN,OBWALD,CANTON OF OBWALDEN,CANTON OF OBWALDEN
CH-SG,CH,SAINT GALLEN,SAINT GALLEN,CANTON DE SAINT-GALL,SAINT GALLEN,SAINT GALLEN
CH-SH,CH,SCHAFFHAUSEN,CANTON OF SCHAFFHAUSEN,SCHAFFHOUSE,CANTON OF SCHAFFHAUSEN,CANTON OF SCHAFFHAUSEN
CH-SO,CH,SOLEURA,CANTON OF SOLOTHURN,SOLEURE,CANTON OF SOLOTHURN,CANTON OF SOLOTHURN
CH-SZ,CH,SCHWYZ,CANTON OF SCHWYZ,CANTON DE SCHWYZ,CANTON OF SCHWYZ,CANTON OF SCHWYZ
CH-TG,CH,TURGOVIA,THURGAU,CANTON DE THURGOVIE,THURGAU,THURGAU
CH-TI,CH,TESINO,CANTON TICINO,CANTON DU TESSIN,CANTON TICINO,CANTON TICINO
CH-UR,CH,URI,CANTON OF URI,CANTON D’URI,CANTON OF URI,CANTON OF URI
CH-VD,CH,VAUD,VAUD,VAUD,VAUD,VAUD
CH-VS,CH,VALAIS,VALAIS,CANTON VALAIS,VALAIS,VALAIS
CH-ZG,CH,ZUG,CANTON OF ZUG,CANTON DE ZOUG,CANTON OF ZUG,CANTON OF ZUG
CH-ZH,CH,ZÚRICH,CANTON OF ZURICH,CANTON DE ZURICH,CANTON OF ZURICH,CANTON OF ZURICH
CI-76,CI,DISTRITO DE BAS-SASSANDRA,BAS-SASSANDRA DISTRICT,DISTRICT DU BAS-SASSANDRA,BAS-SASSANDRA DISTRICT,BAS-SASSANDRA DISTRICT
CI-77,CI,DENGUÉLÉ,DENGUÉLÉ DISTRICT,DISTRICT DU DENGUÉLÉ,DENGUÉLÉ DISTRICT,DENGUÉLÉ DISTRICT
CI-78,CI,MONTAGNES,MONTAGNES,DISTRICT DES MONTAGNES,MONTAGNES,MONTAGNES
CI-81,CI,LACS DISTRICT,LACS DISTRICT,DISTRICT DES LACS,LACS DISTRICT,LACS DISTRICT
CI-82,CI,LAGUNES DISTRICT,LAGUNES DISTRICT,DISTRICT DES LAGUNES,LAGUNES DISTRICT,LAGUNES DISTRICT
CI-87,CI,SAVANES,SAVANES DISTRICT,DISTRICT DES SAVANES,SAVANES DISTRICT,SAVANES DISTRICT
CI-90,CI,VALLÉE DU BANDAMA,VALLÉE DU BANDAMA DISTRICT,DISTRICT DE LA VALLÉE DU BANDAMA,VALLÉE DU BANDAMA DISTRICT,VALLÉE DU BANDAMA DISTRICT
CI-92,CI,ZANZAN DISTRICT,ZANZAN DISTRICT,DISTRICT DU ZANZAN,ZANZAN DISTRICT,ZANZAN DISTRICT
CI-93,CI,ABIDJAN AUTONOMOUS DISTRICT,ABIDJAN AUTONOMOUS DISTRICT,ABIDJAN AUTONOMOUS DISTRICT,ABIDJAN AUTONOMOUS DISTRICT,ABIDJAN AUTONOMOUS DISTRICT
CI-94,CI,COMOÉ DISTRICT,COMOÉ DISTRICT,DISTRICT DU COMOÉ,COMOÉ DISTRICT,COMOÉ DISTRICT
CI-95,CI,GÔH-DJIBOUA,GÔH-DJIBOUA,DISTRICT DU GÔH-DJIBOUA,GÔH-DJIBOUA,GÔH-DJIBOUA
CI-96,CI,SASSANDRA-MARAHOUÉ,SASSANDRA-MARAHOUÉ,DISTRICT DU SASSANDRA-MARAHOUÉ,SASSANDRA-MARAHOUÉ,SASSANDRA-MARAHOUÉ
CI-97,CI,WOROBA,WOROBA,DISTRICT DU WOROBA,WOROBA,WOROBA
CI-98,CI,YAMOUSSOUKRO,YAMOUSSOUKRO,YAMOUSSOUKRO,YAMOUSSOUKRO,YAMOUSSOUKRO
CL-01,CL,REGIÓN DE VALPARAÍSO,VALPARAÍSO,VALPARAÍSO,VALPARAÍSO,VALPARAÍSO
CL-02,CL,REGIÓN AYSÉN DEL GENERAL CARLOS IBÁÑEZ DEL CAMPO,AYSÉN,AYSÉN,AYSÉN,AYSÉN
CL-03,CL,REGIÓN DE ANTOFAGASTA,ANTOFAGASTA,ANTOFAGASTA,ANTOFAGASTA,ANTOFAGASTA
CL-04,CL,REGIÓN DE LA ARAUCANÍA,ARAUCANÍA,ARAUCANÍA,ARAUCANÍA,ARAUCANÍA
CL-05,CL,REGIÓN DE ATACAMA,ATACAMA,ATACAMA,ATACAMA,ATACAMA
CL-06,CL,REGIÓN DEL BIOBÍO,BIOBÍO,BIOBÍO,BIOBÍO,BIOBÍO
CL-07,CL,REGIÓN DE COQUIMBO,COQUIMBO REGION,COQUIMBO,COQUIMBO REGION,COQUIMBO REGION
CL-08,CL,REGIÓN DEL LIBERTADOR GENERAL BERNARDO O'HIGGINS,O'HIGGINS REGION,O'HIGGINS,O'HIGGINS REGION,O'HIGGINS REGION
CL-10,CL,REGIÓN DE MAGALLANES Y DE LA ANTÁRTICA CHILENA,REGION OF MAGALLANES,REGION OF MAGALLANES,REGION OF MAGALLANES,REGION OF MAGALLANES
CL-11,CL,REGIÓN DEL MAULE,MAULE REGION,MAULE REGION,MAULE REGION,MAULE REGION
CL-12,CL,REGIÓN METROPOLITANA DE SANTIAGO DE CHILE,SANTIAGO,SANTIAGO,SANTIAGO,SANTIAGO
CL-14,CL,REGIÓN DE LOS LAGOS,LOS LAGOS REGION,RÉGION DES LACS,LOS LAGOS REGION,LOS LAGOS REGION
CL-15,CL,REGIÓN DE TARAPACÁ,TARAPACÁ,TARAPACÁ,TARAPACÁ,TARAPACÁ
CL-16,CL,REGIÓN DE ARICA Y PARINACOTA,ARICA Y PARINACOTA REGION,ARICA ET PARINACOTA,ARICA Y PARINACOTA REGION,ARICA Y PARINACOTA REGION
CL-17,CL,REGIÓN DE LOS RÍOS,LOS RÍOS REGION,RÉGION DES FLEUVES,LOS RÍOS REGION,LOS RÍOS REGION
CL-18,CL,REGIÓN DE ÑUBLE,ÑUBLE REGION,ÑUBLE,ÑUBLE REGION,ÑUBLE REGION
CM-04,CM,REGIÓN DEL ESTE,EAST PROVINCE,PROVINCE DE L'EST,EAST PROVINCE,EAST PROVINCE
CM-05,CM,REGIÓN DEL LITORAL,LITTORAL,PROVINCE DU LITTORAL,LITTORAL,LITTORAL
CM-07,CM,NORTH-WEST,NORTH-WEST PROVINCE,PROVINCE DU NORD-OUEST,NORTH-WEST PROVINCE,NORTH-WEST PROVINCE
CM-08,CM,REGIÓN DEL OESTE,WEST REGION,PROVINCE DE L'OUEST,WEST REGION,WEST REGION
CM-09,CM,SOUTH-WEST,SOUTH-WEST PROVINCE,PROVINCE DU SUD-OUEST,SOUTH-WEST PROVINCE,SOUTH-WEST PROVINCE
CM-10,CM,REGIÓN ADAMAWA,ADAMAOUA,PROVINCE DE L'ADAMAOUA,ADAMAOUA,ADAMAOUA
CM-11,CM,REGIÓN DEL CENTRO,CENTRE,PROVINCE DU CENTRE,CENTRE,CENTRE
CM-12,CM,REGIÓN DEL EXTREMO NORTE,FAR NORTH REGION,PROVINCE DE L'EXTRÊME-NORD,FAR NORTH REGION,FAR NORTH REGION
CM-13,CM,REGIÓN DEL NORTE,NORTH PROVINCE,PROVINCE DU NORD,NORTH PROVINCE,NORTH PROVINCE
CM-14,CM,REGIÓN DEL SUR,SOUTH PROVINCE,PROVINCE DU SUD,SOUTH PROVINCE,SOUTH PROVINCE
CN-01,CN,ANHUI,ANHUI,PROVINCE D'ANHUI,ANHUI,ANHUI
CN-02,CN,ZHEJIANG,ZHEJIANG,PROVINCE DE ZHEJIANG,ZHEJIANG,ZHEJIANG
CN-03,CN,JIANGXI,JIANGXI,PROVINCE DE JIANGXI,JIANGXI,JIANGXI
CN-04,CN,JIANGSU,JIANGSU PROVINCE,PROVINCE DE JIANGSU,JIANGSU PROVINCE,JIANGSU PROVINCE
CN-05,CN,JILIN,JILIN PROVINCE,PROVINCE DE JILIN,JILIN PROVINCE,JILIN PROVINCE
CN-06,CN,QINGHAI,QINGHAI,PROVINCE DE QINGHAI,QINGHAI,QINGHAI
CN-07,CN,FUJIAN,FUJIAN,PROVINCE DE FUJIAN,FUJIAN,FUJIAN
CN-08,CN,HEILONGJIANG,HEILONGJIANG PROVINCE,PROVINCE DE HEILONGJIANG,HEILONGJIANG PROVINCE,HEILONGJIANG PROVINCE
CN-09,CN,HENAN,HONAN,PROVINCE DE HENAN,HONAN,HONAN
CN-10,CN,HEBEI,HEBEI,PROVINCE DE HEBEI,HEBEI,HEBEI
CN-11,CN,HUNAN,HUNAN PROVINCE,PROVINCE DE HUNAN,HUNAN PROVINCE,HUNAN PROVINCE
CN-12,CN,HUBEI,HUBEI,PROVINCE DE HUBEI,HUBEI,HUBEI
CN-13,CN,SINKIANG,XINJIANG UYGHUR AUTONOMOUS REGION,RÉGION AUTONOME OUÏGHOURE DU XINJIANG,XINJIANG UYGHUR AUTONOMOUS REGION,XINJIANG UYGHUR AUTONOMOUS REGION
CN-14,CN,REGIÓN AUTÓNOMA DEL TÍBET,TIBET AUTONOMOUS REGION,RÉGION AUTONOME DU TIBET,TIBET AUTONOMOUS REGION,TIBET AUTONOMOUS REGION
CN-15,CN,GANSU,GANSU,PROVINCE DE GANSU,GANSU,GANSU
CN-16,CN,GUANGXI,GUANGXI ZHUANG AUTONOMOUS REGION,RÉGION AUTONOME ZHUANG DU GUANGXI,GUANGXI ZHUANG AUTONOMOUS REGION,GUANGXI ZHUANG AUTONOMOUS REGION
CN-18,CN,GUIZHOU,GUIZHOU,PROVINCE DE GUIZHOU,GUIZHOU,GUIZHOU
CN-19,CN,LIAONING,LIAONING PROVINCE,PROVINCE DE LIAONING,LIAONING PROVINCE,LIAONING PROVINCE
CN-20,CN,MONGOLIA INTERIOR,INNER MONGOLIA,RÉGION AUTONOME DE MONGOLIE-INTÉRIEURE,INNER MONGOLIA,INNER MONGOLIA
CN-21,CN,NINGXIA,NINGXIA HUI AUTONOMOUS REGION,RÉGION AUTONOME DE NINGXIA,NINGXIA HUI AUTONOMOUS REGION,NINGXIA HUI AUTONOMOUS REGION
CN-22,CN,BEIJING,BEIJING MUNICIPALITY,MUNICIPALITÉ DE PÉKIN,BEIJING MUNICIPALITY,BEIJING MUNICIPALITY
CN-23,CN,SHANGHAI,SHANGHAI,MUNICIPALITÉ DE SHANGHAI,SHANGHAI,SHANGHAI
CN-24,CN,SHANXI,SHANSI,PROVINCE DE SHANXI,SHANSI,SHANSI
CN-25,CN,SHANDONG,SHANDONG,PROVINCE DE SHANDONG,SHANDONG,SHANDONG
CN-26,CN,SHAANXI,SHAANXI,PROVINCE DE SHAANXI,SHAANXI,SHAANXI
CN-28,CN,TIANJIN,TIANJIN MUNICIPALITY,MUNICIPALITÉ DE TIANJIN,TIANJIN MUNICIPALITY,TIANJIN MUNICIPALITY
CN-29,CN,YUNNAN,YUNNAN PROVINCE,PROVINCE DE YUNNAN,YUNNAN PROVINCE,YUNNAN PROVINCE
CN-30,CN,GUANGDONG,KWANGTUNG,PROVINCE DE GUANGDONG,KWANGTUNG,KWANGTUNG
CN-31,CN,HAINAN,HAINAN PROVINCE,PROVINCE DE HAINAN,HAINAN PROVINCE,HAINAN PROVINCE
CN-32,CN,SICHUAN,SICHUAN,PROVINCE DE SICHUAN,SICHUAN,SICHUAN
CN-33,CN,CHONGQING,CHONGQING MUNICIPALITY,MUNICIPALITÉ DE CHONGQING,CHONGQING MUNICIPALITY,CHONGQING MUNICIPALITY
CO-01,CO,AMAZONAS,AMAZONAS DEPARTMENT,AMAZONAS,AMAZONAS DEPARTMENT,AMAZONAS DEPARTMENT
CO-02,CO,ANTIOQUIA,ANTIOQUIA,ANTIOQUIA,ANTIOQUIA,ANTIOQUIA
CO-03,CO,ARAUCA,ARAUCA DEPARTMENT,ARAUCA,ARAUCA DEPARTMENT,ARAUCA DEPARTMENT
CO-04,CO,ATLÁNTICO,ATLÁNTICO,ATLÁNTICO,ATLÁNTICO,ATLÁNTICO
CO-08,CO,CAQUETÁ,CAQUETÁ,CAQUETÁ,CAQUETÁ,CAQUETÁ
CO-09,CO,CAUCA,CAUCA DEPARTMENT,CAUCA,CAUCA DEPARTMENT,CAUCA DEPARTMENT
CO-10,CO,CESAR,CESAR DEPARTMENT,CESAR,CESAR DEPARTMENT,CESAR DEPARTMENT
CO-11,CO,CHOCÓ,CHOCÓ,CHOCÓ,CHOCÓ,CHOCÓ
CO-12,CO,CÓRDOBA,CÓRDOBA,CÓRDOBA,CÓRDOBA,CÓRDOBA
CO-14,CO,GUAVIARE,GUAVIARE DEPARTMENT,GUAVIARE,GUAVIARE DEPARTMENT,GUAVIARE DEPARTMENT
CO-15,CO,GUAINÍA,GUAINÍA DEPARTMENT,GUAINÍA,GUAINÍA DEPARTMENT,GUAINÍA DEPARTMENT
CO-16,CO,HUILA,HUILA DEPARTMENT,HUILA,HUILA DEPARTMENT,HUILA DEPARTMENT
CO-17,CO,LA GUAJIRA,LA GUAJIRA DEPARTMENT,LA GUAJIRA,LA GUAJIRA DEPARTMENT,LA GUAJIRA DEPARTMENT
CO-19,CO,DEPARTAMENTO DEL META,META DEPARTMENT,META,META DEPARTMENT,META DEPARTMENT
CO-20,CO,NARIÑO,NARIÑO DEPARTMENT,NARIÑO,NARIÑO DEPARTMENT,NARIÑO DEPARTMENT
CO-21,CO,NORTE DE SANTANDER,NORTE DE SANTANDER DEPARTMENT,NORTE DE SANTANDER,NORTE DE SANTANDER DEPARTMENT,NORTE DE SANTANDER DEPARTMENT
CO-22,CO,PUTUMAYO,PUTUMAYO DEPARTMENT,PUTUMAYO,PUTUMAYO DEPARTMENT,PUTUMAYO DEPARTMENT
CO-23,CO,DEPARTAMENTO DEL QUINDÍO,QUINDÍO DEPARTMENT,QUINDÍO,QUINDÍO DEPARTMENT,QUINDÍO DEPARTMENT
CO-24,CO,RISARALDA,RISARALDA DEPARTMENT,RISARALDA,RISARALDA DEPARTMENT,RISARALDA DEPARTMENT
CO-25,CO,SAN ANDRÉS Y PROVIDENCIA,SAN ANDRES Y PROVIDENCIA,SAN ANDRES Y PROVIDENCIA,SAN ANDRES Y PROVIDENCIA,SAN ANDRES Y PROVIDENCIA
CO-26,CO,SANTANDER,SANTANDER DEPARTMENT,SANTANDER,SANTANDER DEPARTMENT,SANTANDER DEPARTMENT
CO-27,CO,SUCRE,SUCRE DEPARTMENT,SUCRE,SUCRE DEPARTMENT,SUCRE DEPARTMENT
CO-28,CO,TOLIMA,TOLIMA DEPARTMENT,TOLIMA,TOLIMA DEPARTMENT,TOLIMA DEPARTMENT
CO-29,CO,VALLE DEL CAUCA,VALLE DEL CAUCA DEPARTMENT,VALLE DEL CAUCA,VALLE DEL CAUCA DEPARTMENT,VALLE DEL CAUCA DEPARTMENT
CO-30,CO,VAUPÉS,VAUPÉS,VAUPÉS,VAUPÉS,VAUPÉS
CO-31,CO,DEPARTAMENTO DEL VICHADA,VICHADA DEPARTMENT,VICHADA,VICHADA DEPARTMENT,VICHADA DEPARTMENT
CO-32,CO,CASANARE,CASANARE DEPARTMENT,CASANARE,CASANARE DEPARTMENT,CASANARE DEPARTMENT
CO-33,CO,CUNDINAMARCA,CUNDINAMARCA,CUNDINAMARCA,CUNDINAMARCA,CUNDINAMARCA
CO-34,CO,DISTRITO CAPITAL,BOGOTA D.C.,BOGOTA D.C.,BOGOTA D.C.,BOGOTA D.C.
CO-35,CO,BOLÍVAR,BOLÍVAR,BOLÍVAR,BOLÍVAR,BOLÍVAR
CO-36,CO,BOYACÁ,BOYACÁ,BOYACÁ,BOYACÁ,BOYACÁ
CO-37,CO,CALDAS,CALDAS DEPARTMENT,CALDAS,CALDAS DEPARTMENT,CALDAS DEPARTMENT
CO-38,CO,MAGDALENA,MAGDALENA DEPARTMENT,MAGDALENA,MAGDALENA DEPARTMENT,MAGDALENA DEPARTMENT
CR-01,CR,PROVINCIA DE ALAJUELA,ALAJUELA PROVINCE,ALAJUELA,ALAJUELA PROVINCE,ALAJUELA PROVINCE
CR-02,CR,PROVINCIA DE CARTAGO,CARTAGO PROVINCE,CARTAGO,CARTAGO PROVINCE,CARTAGO PROVINCE
CR-03,CR,PROVINCIA DE GUANACASTE,GUANACASTE PROVINCE,GUANACASTE,GUANACASTE PROVINCE,GUANACASTE PROVINCE
CR-04,CR,PROVINCIA DE HEREDIA,HEREDIA PROVINCE,HEREDIA,HEREDIA PROVINCE,HEREDIA PROVINCE
CR-06,CR,PROVINCIA DE LIMÓN,LIMÓN PROVINCE,LIMÓN,LIMÓN PROVINCE,LIMÓN PROVINCE
CR-07,CR,PROVINCIA DE PUNTARENAS,PUNTARENAS PROVINCE,PUNTARENAS,PUNTARENAS PROVINCE,PUNTARENAS PROVINCE
CR-08,CR,SAN JOSÉ,SAN JOSÉ,SAN JOSÉ,SAN JOSÉ,SAN JOSÉ
CU-01,CU,PINAR DEL RÍO,PINAR DEL RIO,PINAR DEL RÍO,PINAR DEL RIO,PINAR DEL RIO
CU-02,CU,ARTEMISA,ARTEMISA,ARTEMISA,ARTEMISA,ARTEMISA
CU-03,CU,LA HABANA,HAVANA,LA HAVANE,HAVANA,HAVANA
CU-04,CU,MAYABEQUE,MAYABEQUE,MAYABEQUE,MAYABEQUE,MAYABEQUE
CU-05,CU,MATANZAS,MATANZAS,MATANZAS,MATANZAS,MATANZAS
CU-06,CU,VILLA CLARA,VILLA CLARA,VILLA CLARA,VILLA CLARA,VILLA CLARA
CU-07,CU,CIENFUEGOS,CIENFUEGOS,CIENFUEGOS,CIENFUEGOS,CIENFUEGOS
CU-08,CU,SANCTI SPÍRITUS,SANCTI SPIRITUS,SANCTI SPÍRITUS,SANCTI SPIRITUS,SANCTI SPIRITUS
CU-09,CU,CIEGO DE ÁVILA,CIEGO DE AVILA,CIEGO DE ÁVILA,CIEGO DE AVILA,CIEGO DE AVILA
CU-10,CU,CAMAGÜEY,CAMAGUEY,CAMAGÜEY,CAMAGUEY,CAMAGUEY
CU-11,CU,LAS TUNAS,LAS TUNAS,LAS TUNAS,LAS TUNAS,LAS TUNAS
CU-12,CU,GRANMA,GRANMA,GRANMA,GRANMA,GRANMA
CU-13,CU,HOLGUÍN,HOLGUIN,HOLGUÍN,HOLGUIN,HOLGUIN
CU-14,CU,SANTIAGO DE CUBA,SANTIAGO DE CUBA,SANTIAGO DE CUBA,SANTIAGO DE CUBA,SANTIAGO DE CUBA
CU-15,CU,GUANTÁNAMO,GUANTANAMO,GUANTÁNAMO,GUANTANAMO,GUANTANAMO
CU-16,CU,ISLA DE LA JUVENTUD,ISLE OF YOUTH,ÎLE DE LA JEUNESSE,ISLE OF YOUTH,ISLE OF YOUTH
CZ-52,CZ,PRAGA,PRAGUE,PRAGUE VILLE-CAPITALE,PRAGUE,PRAGUE
CZ-78,CZ,REGIÓN DE MORAVIA MERIDIONAL,SOUTH MORAVIAN REGION,MORAVIE-DU-SUD,SOUTH MORAVIAN REGION,SOUTH MORAVIAN REGION
CZ-79,CZ,REGIÓN DE BOHEMIA MERIDIONAL,JIHOČESKÝ KRAJ,BOHÊME-DU-SUD,JIHOČESKÝ KRAJ,JIHOČESKÝ KRAJ
CZ-80,CZ,VYSOČINA,VYSOČINA,VYSOČINA,VYSOČINA,VYSOČINA
CZ-81,CZ,KARLOVARSKÝ KRAJ,KARLOVARSKÝ KRAJ,KARLOVARSKÝ KRAJ,KARLOVARSKÝ KRAJ,KARLOVARSKÝ KRAJ
CZ-82,CZ,KRÁLOVÉHRADECKÝ KRAJ,KRÁLOVÉHRADECKÝ KRAJ,KRÁLOVÉHRADECKÝ KRAJ,KRÁLOVÉHRADECKÝ KRAJ,KRÁLOVÉHRADECKÝ KRAJ
CZ-83,CZ,LIBERECKÝ KRAJ,LIBERECKÝ KRAJ,LIBERECKÝ KRAJ,LIBERECKÝ KRAJ,LIBERECKÝ KRAJ
CZ-84,CZ,OLOMOUCKÝ,OLOMOUCKÝ,OLOMOUCKÝ,OLOMOUCKÝ,OLOMOUCKÝ
CZ-85,CZ,MORAVSKOSLEZSKÝ,MORAVSKOSLEZSKÝ,MORAVIE-SILÉSIE,MORAVSKOSLEZSKÝ,MORAVSKOSLEZSKÝ
CZ-86,CZ,PARDUBICKÝ,PARDUBICKÝ,PARDUBICKÝ,PARDUBICKÝ,PARDUBICKÝ
CZ-87,CZ,PLZEŇ REGION,PLZEŇ REGION,PLZEŇ REGION,PLZEŇ REGION,PLZEŇ REGION
CZ-88,CZ,REGIÓN DE BOHEMIA CENTRAL,CENTRAL BOHEMIAN REGION,BOHÊME-CENTRALE,CENTRAL BOHEMIAN REGION,CENTRAL BOHEMIAN REGION
CZ-89,CZ,ÚSTECKÝ KRAJ,ÚSTECKÝ KRAJ,ÚSTECKÝ KRAJ,ÚSTECKÝ KRAJ,ÚSTECKÝ KRAJ
CZ-90,CZ,ZLÍN,ZLÍN,ZLÍN,ZLÍN,ZLÍN
DE-01,DE,BADEN-WURTEMBERG,BADEN-WURTTEMBERG REGION,BADE-WURTEMBERG,BADEN-WURTTEMBERG REGION,BADEN-WURTTEMBERG REGION
DE-02,DE,BAVIERA,BAVARIA,BAVIÈRE,BAVARIA,BAVARIA
DE-03,DE,CIUDAD DE BREMEN,CITY STATE BREMEN,VILLE LIBRE ET HANSÉATIQUE DE BRÊME,CITY STATE BREMEN,CITY STATE BREMEN
DE-04,DE,CIUDAD DE HAMBURGO,HAMBURG,VILLE LIBRE ET HANSÉATIQUE DE HAMBOURG,HAMBURG,HAMBURG
DE-05,DE,HESSEN,HESSE,HESSE,HESSE,HESSE
DE-06,DE,NIEDERSACHSEN,LOWER SAXONY,BASSE-SAXE,LOWER SAXONY,LOWER SAXONY
DE-07,DE,RENANIA DEL NORTE-WESTFALIA,NORTH RHINE-WESTPHALIA,RHÉNANIE DU NORD-WESTPHALIE,NORTH RHINE-WESTPHALIA,NORTH RHINE-WESTPHALIA
DE-08,DE,RHEINLAND-PFALZ,RHEINLAND-PFALZ,RHÉNANIE-PALATINAT,RHEINLAND-PFALZ,RHEINLAND-PFALZ
DE-09,DE,SARRE,SAARLAND,SARRE,SAARLAND,SAARLAND
DE-10,DE,SCHLESWIG-HOLSTEIN,SCHLESWIG-HOLSTEIN,SCHLESWIG-HOLSTEIN,SCHLESWIG-HOLSTEIN,SCHLESWIG-HOLSTEIN
DE-11,DE,BRANDENBURGO,BRANDENBURG,BRANDEBOURG,BRANDENBURG,BRANDENBURG
DE-12,DE,MECKLENBURG-VORPOMMERN,MECKLENBURG-VORPOMMERN,MECKLEMBOURG-POMÉRANIE-OCCIDENTALE,MECKLENBURG-VORPOMMERN,MECKLENBURG-VORPOMMERN
DE-13,DE,SACHSEN,SAXONY,SAXE,SAXONY,SAXONY
DE-14,DE,SAJONIA-ANHALT,SAXONY-ANHALT,SAXE-ANHALT,SAXONY-ANHALT,SAXONY-ANHALT
DE-15,DE,THÜRINGEN,THURINGIA,THURINGE,THURINGIA,THURINGIA
DE-16,DE,CIUDAD ESTADO BERLÍN,STATE OF BERLIN,VILLE-ÉTAT DE BERLIN,STATE OF BERLIN,STATE OF BERLIN
DJ-01,DJ,REGIÓN DE ALI SABIEH,ALI SABIEH,ALI SABIEH,ALI SABIEH,ALI SABIEH
DJ-04,DJ,REGIÓN DE OBOCK,OBOCK,CERCLE D'OBOCK,OBOCK,OBOCK
DJ-05,DJ,TADJOURA,TADJOURAH,TADJOURAH,TADJOURAH,TADJOURAH
DJ-06,DJ,DIKHIL,DIKHIL,DIKHIL,DIKHIL,DIKHIL
DJ-07,DJ,DJIBOUTI,DJIBOUTI,DJIBOUTI,DJIBOUTI,DJIBOUTI
DJ-08,DJ,REGIÓN DE ARTA,ARTA REGION,ARTA,ARTA REGION,ARTA REGION
DK-17,DK,CAPITAL REGION,CAPITAL REGION,HOVEDSTADEN,CAPITAL REGION,CAPITAL REGION
DK-18,DK,JUTLANDIA CENTRAL,CENTRAL JUTLAND,JUTLAND-CENTRAL,CENTRAL JUTLAND,CENTRAL JUTLAND
DK-19,DK,JUTLANDIA SEPTENTRIONAL,NORTH DENMARK REGION,JUTLAND-DU-NORD,NORTH DENMARK REGION,NORTH DENMARK REGION
DK-20,DK,REGIÓN DE SELANDIA,REGION ZEALAND,SJÆLLAND,REGION ZEALAND,REGION ZEALAND
DK-21,DK,DINAMARCA MERIDIONAL,REGION SOUTH DENMARK,DANEMARK-DU-SUD,REGION SOUTH DENMARK,REGION SOUTH DENMARK
DM-02,DM,PARROQUIA DE SAINT ANDREW,SAINT ANDREW PARISH,SAINT-ANDREW,SAINT ANDREW PARISH,SAINT ANDREW PARISH
DM-03,DM,PARROQUIA DE SAINT DAVID,SAINT DAVID PARISH,SAINT-DAVID,SAINT DAVID PARISH,SAINT DAVID PARISH
DM-04,DM,PARROQUIA DE SAINT GEORGE,SAINT GEORGE PARISH,SAINT-GEORGE,SAINT GEORGE PARISH,SAINT GEORGE PARISH
DM-05,DM,PARROQUIA DE SAINT JOHN,SAINT JOHN PARISH,SAINT-JOHN,SAINT JOHN PARISH,SAINT JOHN PARISH
DM-06,DM,PARROQUIA DE SAINT JOSEPH,SAINT JOSEPH PARISH,SAINT-JOSEPH,SAINT JOSEPH PARISH,SAINT JOSEPH PARISH
DM-07,DM,PARROQUIA DE SAINT LUKE,SAINT LUKE PARISH,SAINT-LUKE,SAINT LUKE PARISH,SAINT LUKE PARISH
DM-08,DM,PARROQUIA DE SAINT MARK,SAINT MARK PARISH,SAINT-MARK,SAINT MARK PARISH,SAINT MARK PARISH
DM-09,DM,PARROQUIA DE SAINT PATRICK,SAINT PATRICK PARISH,SAINT-PATRICK,SAINT PATRICK PARISH,SAINT PATRICK PARISH
DM-10,DM,PARROQUIA DE SAINT PAUL,SAINT PAUL PARISH,SAINT-PAUL,SAINT PAUL PARISH,SAINT PAUL PARISH
DM-11,DM,PARROQUIA DE SAINT PETER,SAINT PETER PARISH,SAINT-PETER,SAINT PETER PARISH,SAINT PETER PARISH
DO-01,DO,PROVINCIA DE AZUA,AZUA PROVINCE,AZUA,AZUA PROVINCE,AZUA PROVINCE
DO-02,DO,BAHORUCO,BAORUCO PROVINCE,BAORUCO,BAORUCO PROVINCE,BAORUCO PROVINCE
DO-03,DO,BARAHONA,BARAHONA PROVINCE,BARAHONA,BARAHONA PROVINCE,BARAHONA PROVINCE
DO-04,DO,PROVINCIA DAJABÓN,DAJABÓN,DAJABÓN,DAJABÓN,DAJABÓN
DO-06,DO,DUARTE,DUARTE PROVINCE,DUARTE,DUARTE PROVINCE,DUARTE PROVINCE
DO-08,DO,ESPAILLAT,ESPAILLAT PROVINCE,ESPAILLAT,ESPAILLAT PROVINCE,ESPAILLAT PROVINCE
DO-09,DO,INDEPENDENCIA,INDEPENDENCIA,INDEPENDENCIA,INDEPENDENCIA,INDEPENDENCIA
DO-10,DO,LA ALTAGRACIA,LA ALTAGRACIA PROVINCE,LA ALTAGRACIA,LA ALTAGRACIA PROVINCE,LA ALTAGRACIA PROVINCE
DO-11,DO,PROVINCIA ELÍAS PIÑA,ELÍAS PIÑA,ELÍAS PIÑA,ELÍAS PIÑA,ELÍAS PIÑA
DO-12,DO,LA ROMANA,LA ROMANA,LA ROMANA,LA ROMANA,LA ROMANA
DO-14,DO,MARÍA TRINIDAD SÁNCHEZ,MARÍA TRINIDAD SÁNCHEZ,MARÍA TRINIDAD SÁNCHEZ,MARÍA TRINIDAD SÁNCHEZ,MARÍA TRINIDAD SÁNCHEZ
DO-15,DO,MONTE CRISTI,MONTE CRISTI PROVINCE,MONTE CRISTI,MONTE CRISTI PROVINCE,MONTE CRISTI PROVINCE
DO-16,DO,PEDERNALES,PEDERNALES PROVINCE,PEDERNALES,PEDERNALES PROVINCE,PEDERNALES PROVINCE
DO-18,DO,PUERTO PLATA,PUERTO PLATA,PUERTO PLATA,PUERTO PLATA,PUERTO PLATA
DO-19,DO,HERMANAS MIRABAL,HERMANAS MIRABAL,HERMANAS MIRABAL,HERMANAS MIRABAL,HERMANAS MIRABAL
DO-20,DO,DISTRITO DE SAMANA,SAMANÁ,SAMANÁ,SAMANÁ,SAMANÁ
DO-21,DO,SÁNCHEZ RAMÍREZ,SÁNCHEZ RAMÍREZ,SÁNCHEZ RAMÍREZ,SÁNCHEZ RAMÍREZ,SÁNCHEZ RAMÍREZ
DO-23,DO,PROVINCIA DE SAN JUAN,SAN JUAN PROVINCE,SAN JUAN,SAN JUAN PROVINCE,SAN JUAN PROVINCE
DO-24,DO,SAN PEDRO DE MACORÍS,SAN PEDRO DE MACORÍS,SAN PEDRO DE MACORÍS,SAN PEDRO DE MACORÍS,SAN PEDRO DE MACORÍS
DO-25,DO,PROVINCIA DE SANTIAGO,SANTIAGO PROVINCE,SANTIAGO,SANTIAGO PROVINCE,SANTIAGO PROVINCE
DO-26,DO,PROVINCIA SANTIAGO RODRÍGUEZ,SANTIAGO RODRÍGUEZ,SANTIAGO RODRÍGUEZ,SANTIAGO RODRÍGUEZ,SANTIAGO RODRÍGUEZ
DO-27,DO,VALVERDE,VALVERDE PROVINCE,VALVERDE,VALVERDE PROVINCE,VALVERDE PROVINCE
DO-28,DO,PROVINCIA EL SEIBO,EL SEÍBO,EL SEÍBO,EL SEÍBO,EL SEÍBO
DO-29,DO,HATO MAYOR,HATO MAYOR PROVINCE,HATO MAYOR,HATO MAYOR PROVINCE,HATO MAYOR PROVINCE
DO-30,DO,PROVINCIA LA VEGA,LA VEGA,LA VEGA,LA VEGA,LA VEGA
DO-31,DO,PROVINCIA MONSEÑOR NOUEL,MONSEÑOR NOUEL,MONSEÑOR NOUEL,MONSEÑOR NOUEL,MONSEÑOR NOUEL
DO-32,DO,MONTE PLATA,MONTE PLATA PROVINCE,MONTE PLATA,MONTE PLATA PROVINCE,MONTE PLATA PROVINCE
DO-33,DO,PROVINCIA SAN CRISTÓBAL,SAN CRISTÓBAL,SAN CRISTÓBAL,SAN CRISTÓBAL,SAN CRISTÓBAL
DO-34,DO,DISTRITO DE SANTO DOMINGO,NACIONAL,DISTRITO NACIONAL,NACIONAL,NACIONAL
DO-35,DO,PROVINCIA PERAVIA,PERAVIA,PERAVIA,PERAVIA,PERAVIA
DO-36,DO,SAN JOSÉ DE OCOA,SAN JOSÉ DE OCOA,SAN JOSÉ DE OCOA,SAN JOSÉ DE OCOA,SAN JOSÉ DE OCOA
DO-37,DO,PROVINCIA SANTO DOMINGO,SANTO DOMINGO PROVINCE,SANTO DOMINGO,SANTO DOMINGO PROVINCE,SANTO DOMINGO PROVINCE
EC-01,EC,ARCHIPIÉLAGO DE GALÁPAGOS,GALÁPAGOS,GALÁPAGOS,GALÁPAGOS,GALÁPAGOS
EC-02,EC,AZUAY,AZUAY,AZUAY,AZUAY,AZUAY
EC-03,EC,BOLÍVAR,BOLÍVAR,BOLÍVAR,BOLÍVAR,BOLÍVAR
EC-04,EC,PROVINCIA DE CAÑAR,CAÑAR,CAÑAR,CAÑAR,CAÑAR
EC-05,EC,CARCHI,CARCHI,CARCHI,CARCHI,CARCHI
EC-06,EC,PROVINCIA DE CHIMBORAZO,CHIMBORAZO PROVINCE,CHIMBORAZO,CHIMBORAZO PROVINCE,CHIMBORAZO PROVINCE
EC-07,EC,COTOPAXI,COTOPAXI,COTOPAXI,COTOPAXI,COTOPAXI
EC-08,EC,EL ORO,EL ORO,EL ORO,EL ORO,EL ORO
EC-09,EC,ESMERALDAS,ESMERALDAS,ESMERALDAS,ESMERALDAS,ESMERALDAS
EC-10,EC,GUAYAS,GUAYAS,GUAYAS,GUAYAS,GUAYAS
EC-11,EC,IMBABURA,IMBABURA,IMBABURA,IMBABURA,IMBABURA
EC-12,EC,LOJA,LOJA,LOJA,LOJA,LOJA
EC-13,EC,PROVINCIA DE LOS RÍOS,LOS RÍOS,LOS RÍOS,LOS RÍOS,LOS RÍOS
EC-14,EC,MANABÍ,MANABÍ,MANABÍ,MANABÍ,MANABÍ
EC-15,EC,MORONA SANTIAGO,MORONA-SANTIAGO PROVINCE,MORONA-SANTIAGO,MORONA-SANTIAGO PROVINCE,MORONA-SANTIAGO PROVINCE
EC-17,EC,PROVINCIA DE PASTAZA,PASTAZA PROVINCE,PASTAZA,PASTAZA PROVINCE,PASTAZA PROVINCE
EC-18,EC,PICHINCHA,PICHINCHA,PICHINCHA,PICHINCHA,PICHINCHA
EC-19,EC,PROVINCIA DE TUNGURAHUA,TUNGURAHUA PROVINCE,TUNGURAHUA,TUNGURAHUA PROVINCE,TUNGURAHUA PROVINCE
EC-20,EC,ZAMORA CHINCHIPE,ZAMORA CHINCHIPE,ZAMORA-CHINCHIPE,ZAMORA CHINCHIPE,ZAMORA CHINCHIPE
EC-22,EC,SUCUMBÍOS,SUCUMBÍOS,SUCUMBÍOS,SUCUMBÍOS,SUCUMBÍOS
EC-23,EC,NAPO,NAPO,NAPO,NAPO,NAPO
EC-24,EC,PROVINCIA DE ORELLANA,ORELLANA PROVINCE,ORELLANA,ORELLANA PROVINCE,ORELLANA PROVINCE
EC-25,EC,PROVINCIA DE SANTA ELENA,SANTA ELENA,SANTA ELENA,SANTA ELENA,SANTA ELENA
EC-26,EC,SANTO DOMINGO DE LOS TSÁCHILAS,SANTO DOMINGO DE LOS TSÁCHILAS,SANTO DOMINGO DE LOS TSÁCHILAS,SANTO DOMINGO DE LOS TSÁCHILAS,SANTO DOMINGO DE LOS TSÁCHILAS
EG-01,EG,DACALIA,DAKAHLIA GOVERNORATE,DAKAHLEYA,DAKAHLIA GOVERNORATE,DAKAHLIA GOVERNORATE
EG-02,EG,MAR ROJO,RED SEA,MER ROUGE,RED SEA,RED SEA
EG-03,EG,BEHERA,BEHEIRA,BEHEIRA,BEHEIRA,BEHEIRA
EG-04,EG,FAYÚN,FAIYUM,FAYOUM,FAIYUM,FAIYUM
EG-05,EG,OCCIDENTAL,GHARBIA GOVERNORATE,GHARBEYA,GHARBIA GOVERNORATE,GHARBIA GOVERNORATE
EG-06,EG,ALEJANDRÍA,ALEXANDRIA GOVERNORATE,ALEXANDRIE,ALEXANDRIA GOVERNORATE,ALEXANDRIA GOVERNORATE
EG-07,EG,ISMAILIA,ISMAILIA GOVERNORATE,GOUVERNORAT D'ISMAÏLIA,ISMAILIA GOVERNORATE,ISMAILIA GOVERNORATE
EG-08,EG,GUIZA,GIZA GOVERNORATE,GIZEH,GIZA GOVERNORATE,GIZA GOVERNORATE
EG-09,EG,MENUFIA,MONUFIA GOVERNORATE,MENUFEYA,MONUFIA GOVERNORATE,MONUFIA GOVERNORATE
EG-10,EG,MENIA,MINYA GOVERNORATE,MINYA,MINYA GOVERNORATE,MINYA GOVERNORATE
EG-11,EG,GOBERNACIÓN DE EL CAIRO,CAIRO,LE CAIRE,CAIRO,CAIRO
EG-12,EG,CALIUBIA,QALYUBIA GOVERNORATE,QALYUBIYA,QALYUBIA GOVERNORATE,QALYUBIA GOVERNORATE
EG-13,EG,NUEVO VALLE,NEW VALLEY GOVERNORATE,LA NOUVELLE-VALLÉE,NEW VALLEY GOVERNORATE,NEW VALLEY GOVERNORATE
EG-14,EG,SHARQIA,EASTERN PROVINCE,SHARQIA,EASTERN PROVINCE,EASTERN PROVINCE
EG-15,EG,GOBERNACIÓN DE SUEZ,SUEZ GOVERNORATE,SUEZ,SUEZ GOVERNORATE,SUEZ GOVERNORATE
EG-16,EG,ASUÁN,ASWAN GOVERNORATE,ASSOUAN,ASWAN GOVERNORATE,ASWAN GOVERNORATE
EG-17,EG,ASIUT,ASYUT,ASSIOUT,ASYUT,ASYUT
EG-18,EG,BENI SUWEIF,BENI SUWEIF,BENI SUWEIF,BENI SUWEIF,BENI SUWEIF
EG-19,EG,PUERTO SAÍD,PORT SAID GOVERNORATE,PORT-SAÏD,PORT SAID GOVERNORATE,PORT SAID GOVERNORATE
EG-20,EG,DAMIETA,DAMIETTA,DAMIETTE,DAMIETTA,DAMIETTA
EG-21,EG,KAFR EL SHEIJ,KAFR EL-SHEIKH,GOUVERNORAT DE KAFR EL-CHEIK,KAFR EL-SHEIKH,KAFR EL-SHEIKH
EG-22,EG,GOBERNACIÓN DE MATRÚ,MATRUH,GOUVERNORAT DE MATROUH,MATRUH,MATRUH
EG-23,EG,QUENA,QENA GOVERNORATE,QENA,QENA GOVERNORATE,QENA GOVERNORATE
EG-24,EG,SUHAG,SOHAG GOVERNORATE,SOHAG,SOHAG GOVERNORATE,SOHAG GOVERNORATE
EG-26,EG,SINAÍ DEL SUR,SOUTH SINAI,SINAÏ SUD,SOUTH SINAI,SOUTH SINAI
EG-27,EG,SINAÍ DEL NORTE,NORTH SINAI GOVERNORATE,SINAÏ NORD,NORTH SINAI GOVERNORATE,NORTH SINAI GOVERNORATE
EG-28,EG,LÚXOR,LUXOR,LOUXOR,LUXOR,LUXOR
ES-07,ES,BALEARES,BALEARIC ISLANDS,ÎLES BALÉARES,BALEARIC ISLANDS,BALEARIC ISLANDS
ES-27,ES,LA RIOJA,LA RIOJA,LA RIOJA,LA RIOJA,LA RIOJA
ES-29,ES,COMUNIDAD AUTÓNOMA DE MADRID,AUTONOMOUS REGION OF MADRID,COMMUNAUTÉ DE MADRID,AUTONOMOUS REGION OF MADRID,AUTONOMOUS REGION OF MADRID
ES-31,ES,MURCIA,REGION OF MURCIA,RÉGION DE MURCIE,REGION OF MURCIA,REGION OF MURCIA
ES-32,ES,NAVARRA,NAVARRE,NAVARRE,NAVARRE,NAVARRE
ES-34,ES,ASTURIAS,PRINCIPALITY OF ASTURIAS,PRINCIPAUTÉ DES ASTURIES,PRINCIPALITY OF ASTURIAS,PRINCIPALITY OF ASTURIAS
ES-39,ES,CANTABRIA,CANTABRIA,CANTABRIE,CANTABRIA,CANTABRIA
ES-51,ES,ANDALUCÍA,ANDALUSIA,ANDALOUSIE,ANDALUSIA,ANDALUSIA
ES-52,ES,ARAGÓN,ARAGON,ARAGON,ARAGON,ARAGON
ES-53,ES,CANARIAS,CANARY ISLANDS,ÎLES CANARIES,CANARY ISLANDS,CANARY ISLANDS
ES-54,ES,CASTILLA-LA MANCHA,CASTILLE-LA MANCHA,CASTILLE-LA-MANCHE,CASTILLE-LA MANCHA,CASTILLE-LA MANCHA
ES-55,ES,CASTILLA Y LEÓN,CASTILLE AND LEÓN,CASTILLE-ET-LEÓN,CASTILLE AND LEÓN,CASTILLE AND LEÓN
ES-56,ES,CATALUÑA,CATALONIA,CATALOGNE,CATALONIA,CATALONIA
ES-57,ES,EXTREMADURA,EXTREMADURA,ESTRÉMADURE,EXTREMADURA,EXTREMADURA
ES-58,ES,GALICIA,GALICIA,GALICE,GALICIA,GALICIA
ES-59,ES,PAÍS VASCO,BASQUE COUNTRY,PAYS BASQUE,BASQUE COUNTRY,BASQUE COUNTRY
ES-60,ES,COMUNIDAD VALENCIANA,VALENCIAN COMMUNITY,COMMUNAUTÉ DE VALENCE,VALENCIAN COMMUNITY,VALENCIAN COMMUNITY
ES-CE,ES,CIUDAD DE CEUTA,CEUTA,CEUTA,CEUTA,CEUTA
ES-ML,ES,MELILLA,MELILLA,MELILLA,MELILLA,MELILLA
FI-01,FI,UUSIMAA,UUSIMAA,UUSIMAA,UUSIMAA,UUSIMAA
FI-02,FI,FINLANDIA PROPIA,FINLAND PROPER,FINLANDE DU SUD-OUEST,FINLAND PROPER,FINLAND PROPER
FI-04,FI,SATAKUNTA,SATAKUNTA REGION,SATAKUNTA,SATAKUNTA REGION,SATAKUNTA REGION
FI-05,FI,TAVASTIA PROPIA,TAVASTIA PROPER,KANTA-HÄME,TAVASTIA PROPER,TAVASTIA PROPER
FI-06,FI,PIRKANMAA,PIRKANMAA,PIRKANMAA,PIRKANMAA,PIRKANMAA
FI-07,FI,PAIJAT-HAME,PAIJAT-HAME,PAIJAT-HAME,PAIJAT-HAME,PAIJAT-HAME
FI-08,FI,KYMENLAAKSO,KYMENLAAKSO,VALLÉE DE LA KYMI,KYMENLAAKSO,KYMENLAAKSO
FI-09,FI,SOUTH KARELIA,SOUTH KARELIA,CARÉLIE DU SUD,SOUTH KARELIA,SOUTH KARELIA
FI-10,FI,SAVONIA DEL SUR,SOUTHERN SAVONIA,SAVONIE DU SUD,SOUTHERN SAVONIA,SOUTHERN SAVONIA
FI-11,FI,SAVONIA DEL NORTE,NORTHERN SAVONIA,SAVONIE DU NORD,NORTHERN SAVONIA,NORTHERN SAVONIA
FI-12,FI,CARELIA DEL NORTE,NORTH KARELIA,CARÉLIE DU NORD,NORTH KARELIA,NORTH KARELIA
FI-13,FI,CENTRAL FINLAND,CENTRAL FINLAND REGION,FINLANDE-CENTRALE,CENTRAL FINLAND REGION,CENTRAL FINLAND REGION
FI-14,FI,OSTROBOTNIA DEL SUR,SOUTH OSTROBOTHNIA REGION,OSTROBOTNIE DU SUD,SOUTH OSTROBOTHNIA REGION,SOUTH OSTROBOTHNIA REGION
FI-15,FI,OSTROBOTNIA,OSTROBOTHNIA,OSTROBOTNIE,OSTROBOTHNIA,OSTROBOTHNIA
FI-16,FI,OSTROBOTNIA CENTRAL,CENTRAL OSTROBOTHNIA,OSTROBOTNIE-CENTRALE,CENTRAL OSTROBOTHNIA,CENTRAL OSTROBOTHNIA
FI-17,FI,OSTROBOTNIA DEL NORTE,NORTHERN OSTROBOTHNIA,OSTROBOTNIE DU NORD,NORTHERN OSTROBOTHNIA,NORTHERN OSTROBOTHNIA
FI-18,FI,KAINUU,KAINUU,KAINUU,KAINUU,KAINUU
FI-19,FI,LAPONIA,LAPLAND REGION,LAPONIE,LAPLAND REGION,LAPLAND REGION
FJ-01,FJ,DIVISIÓN CENTRAL,CENTRAL,DIVISION CENTRALE,CENTRAL,CENTRAL
FJ-02,FJ,DIVISIÓN ESTE,EASTERN,DIVISION ORIENTALE,EASTERN,EASTERN
FJ-03,FJ,DIVISIÓN NORTE,NORTHERN,DIVISION SEPTENTRIONALE,NORTHERN,NORTHERN
FJ-04,FJ,ROTUMA,ROTUMA,ROTUMA,ROTUMA,ROTUMA
FJ-05,FJ,DIVISIÓN OESTE,WESTERN,DIVISION OCCIDENTALE,WESTERN,WESTERN
FR-11,FR,ISLA DE FRANCIA,ÎLE-DE-FRANCE REGION,RÉGION ÎLE-DE-FRANCE,ÎLE-DE-FRANCE REGION,ÎLE-DE-FRANCE REGION
FR-24,FR,CENTRO,CENTRE,RÉGION CENTRE,CENTRE,CENTRE
FR-27,FR,BORGOÑA-FRANCO CONDADO,BOURGOGNE-FRANCHE-COMTÉ,BOURGOGNE-FRANCHE-COMTÉ,BOURGOGNE-FRANCHE-COMTÉ,BOURGOGNE-FRANCHE-COMTÉ
FR-28,FR,NORMANDÍA,NORMANDY,NORMANDIE,NORMANDY,NORMANDY
FR-32,FR,ALTA FRANCIA,HAUTS-DE-FRANCE,NORD-PAS-DE-CALAIS-PICARDIE,HAUTS-DE-FRANCE,HAUTS-DE-FRANCE
FR-44,FR,GRAN ESTE,GRAND EST,ALSACE-CHAMPAGNE-ARDENNE-LORRAINE,GRAND EST,GRAND EST
FR-52,FR,PAÍSES DEL LOIRA,PAYS DE LA LOIRE,RÉGION PAYS DE LA LOIRE,PAYS DE LA LOIRE,PAYS DE LA LOIRE
FR-53,FR,BRETAÑA,BRITTANY,RÉGION BRETAGNE,BRITTANY,BRITTANY
FR-75,FR,NOUVELLE-AQUITAINE,NOUVELLE-AQUITAINE,NOUVELLE-AQUITAINE,NOUVELLE-AQUITAINE,NOUVELLE-AQUITAINE
FR-76,FR,OCCITANIE,OCCITANIE,LANGUEDOC-ROUSSILLON-MIDI-PYRÉNÉES,OCCITANIE,OCCITANIE
FR-84,FR,AUVERNIA-RÓDANO-ALPES,AUVERGNE-RHÔNE-ALPES,AUVERGNE-RHÔNE-ALPES,AUVERGNE-RHÔNE-ALPES,AUVERGNE-RHÔNE-ALPES
FR-93,FR,PROVENZA-ALPES-COSTA AZUL,PROVENCE-ALPES-CÔTE D'AZUR,RÉGION PACA,PROVENCE-ALPES-CÔTE D'AZUR,PROVENCE-ALPES-CÔTE D'AZUR
FR-94,FR,CORSICA,CORSICA,COLLECTIVITÉ TERRITORIALE DE CORSE,CORSICA,CORSICA
GA-01,GA,PROVINCIA DE ESTUAIRE,ESTUAIRE,ESTUAIRE,ESTUAIRE,ESTUAIRE
GA-02,GA,PROVINCIA DE HAUT-OGOOUÉ,HAUT-OGOOUÉ,HAUT-OGOOUÉ,HAUT-OGOOUÉ,HAUT-OGOOUÉ
GA-03,GA,PROVINCIA DE MOYEN-OGOOUÉ,MOYEN-OGOOUÉ,MOYEN-OGOOUÉ,MOYEN-OGOOUÉ,MOYEN-OGOOUÉ
GA-04,GA,NGOUNI,NGOUNI,NGOUNI,NGOUNI,NGOUNI
GA-05,GA,PROVINCIA DE NYANGA,NYANGA PROVINCE,NYANGA,NYANGA PROVINCE,NYANGA PROVINCE
GA-06,GA,PROVINCIA DE OGOOUÉ-IVINDO,OGOOUÉ-IVINDO PROVINCE,OGOOUÉ-IVINDO,OGOOUÉ-IVINDO PROVINCE,OGOOUÉ-IVINDO PROVINCE
GA-07,GA,OGOOUÉ-LOLO,OGOOUÉ-LOLO,OGOOUÉ-LOLO,OGOOUÉ-LOLO,OGOOUÉ-LOLO
GA-08,GA,OGOOUÉ-MARITIME,OGOOUÉ-MARITIME,OGOOUÉ-MARITIME,OGOOUÉ-MARITIME,OGOOUÉ-MARITIME
GA-09,GA,PROVINCIA DE WOLEU-NTEM,WOLEU-NTEM PROVINCE,WOLEU-NTEM,WOLEU-NTEM PROVINCE,WOLEU-NTEM PROVINCE
GB-ENG,GB,INGLATERRA,ENGLAND,ANGLETERRE,ENGLAND,ENGLAND
GB-NIR,GB,IRLANDA DEL NORTE,NORTHERN IRELAND,IRLANDE DU NORD,NORTHERN IRELAND,NORTHERN IRELAND
GB-SCT,GB,ESCOCIA,SCOTLAND,ECOSSE,SCOTLAND,SCOTLAND
GB-WLS,GB,GALES,WALES,PAYS DE GALLES,WALES,WALES
GD-01,GD,PARROQUIA DE SAINT ANDREW,SAINT ANDREW PARISH,PAROISSE DE SAINT ANDREW,SAINT ANDREW PARISH,SAINT ANDREW PARISH
GD-02,GD,PARROQUIA DE SAINT DAVID,SAINT DAVID PARISH,PAROISSE DE SAINT DAVID,SAINT DAVID PARISH,SAINT DAVID PARISH
GD-03,GD,PARROQUIA DE SAINT GEORGE,SAINT GEORGE PARISH,PAROISSE DE SAINT GEORGE,SAINT GEORGE PARISH,SAINT GEORGE PARISH
GD-04,GD,PARROQUIA DE SAINT JOHN,SAINT JOHN PARISH,PAROISSE DE SAINT JOHN,SAINT JOHN PARISH,SAINT JOHN PARISH
GD-05,GD,PARROQUIA DE SAINT MARK,SAINT MARK PARISH,PAROISSE DE SAINT MARK,SAINT MARK PARISH,SAINT MARK PARISH
GD-06,GD,PARROQUIA DE SAINT PATRICK,SAINT PATRICK PARISH,PAROISSE DE SAINT PATRICK,SAINT PATRICK PARISH,SAINT PATRICK PARISH
GD-10,GD,CARRIACOU AND PETITE MARTINIQUE,CARRIACOU AND PETITE MARTINIQUE,CARRIACOU AND PETITE MARTINIQUE,CARRIACOU AND PETITE MARTINIQUE,CARRIACOU AND PETITE MARTINIQUE
GH-01,GH,GREATER ACCRA,GREATER ACCRA,GREATER ACCRA,GREATER ACCRA,GREATER ACCRA
GH-02,GH,ASHANTI,ASHANTI,ASHANTI,ASHANTI,ASHANTI
GH-04,GH,CENTRAL,CENTRAL,CENTRAL,CENTRAL,CENTRAL
GH-05,GH,EASTERN,EASTERN,EASTERN,EASTERN,EASTERN
GH-06,GH,NORTHERN,NORTHERN,NORTHERN,NORTHERN,NORTHERN
GH-08,GH,VOLTA,VOLTA,VOLTA,VOLTA,VOLTA
GH-09,GH,WESTERN,WESTERN,WESTERN,WESTERN,WESTERN
GH-10,GH,UPPER EAST,UPPER EAST,UPPER EAST,UPPER EAST,UPPER EAST
GH-11,GH,UPPER WEST,UPPER WEST,UPPER WEST,UPPER WEST,UPPER WEST
GH-12,GH,AHAFO,AHAFO,AHAFO,AHAFO,AHAFO
GH-13,GH,BONO,BONO,BONO,BONO,BONO
GH-14,GH,BONO EAST,BONO EAST,BONO EAST,BONO EAST,BONO EAST
GH-15,GH,NORTH EAST,NORTH EAST,NORTH EAST,NORTH EAST,NORTH EAST
GH-16,GH,OTI,OTI,OTI,OTI,OTI
GH-17,GH,SAVANNAH,SAVANNAH,SAVANNAH,SAVANNAH,SAVANNAH
GH-18,GH,WESTERN NORTH,WESTERN NORTH,WESTERN NORTH,WESTERN NORTH,WESTERN NORTH
GM-01,GM,BANJUL,BANJUL,BANJUL,BANJUL,BANJUL
GM-02,GM,LOWER RIVER,LOWER RIVER DIVISION,LOWER RIVER,LOWER RIVER DIVISION,LOWER RIVER DIVISION
GM-03,GM,DIVISIÓN CENTRAL RIVER,CENTRAL RIVER,DIVISION DE CENTRAL RIVER,CENTRAL RIVER,CENTRAL RIVER
GM-04,GM,DIVISIÓN UPPER RIVER,UPPER RIVER,UPPER RIVER,UPPER RIVER,UPPER RIVER
GM-05,GM,WESTERN,WESTERN,WESTERN,WESTERN,WESTERN
GM-07,GM,DIVISIÓN NORTH BANK,NORTH BANK,NORTH BANK,NORTH BANK,NORTH BANK
GN-04,GN,CONAKRY,CONAKRY,CONAKRY,CONAKRY,CONAKRY
GN-B,GN,BOKÉ,BOKÉ REGION,BOKÉ,BOKÉ REGION,BOKÉ REGION
GN-D,GN,KINDIA,KINDIA,RÉGION DE KINDIA,KINDIA,KINDIA
GN-F,GN,FARANAH,FARANAH,FARANAH,FARANAH,FARANAH
GN-K,GN,KANKAN,KANKAN REGION,KANKAN,KANKAN REGION,KANKAN REGION
GN-L,GN,LABÉ,LABÉ REGION,LABÉ,LABÉ REGION,LABÉ REGION
GN-M,GN,MAMOU,MAMOU REGION,RÉGION DE MAMOU,MAMOU REGION,MAMOU REGION
GN-N,GN,NZÉRÉKORÉ,NZÉRÉKORÉ REGION,NZÉRÉKORÉ,NZÉRÉKORÉ REGION,NZÉRÉKORÉ REGION
GQ-03,GQ,ANNOBON,ANNOBÓN PROVINCE,ANNOBON,ANNOBÓN PROVINCE,ANNOBÓN PROVINCE
GQ-04,GQ,BIOKO NORTE,BIOKO NORTE PROVINCE,BIOKO NORTE,BIOKO NORTE PROVINCE,BIOKO NORTE PROVINCE
GQ-05,GQ,BIOKO SUR,BIOKO SUR,BIOKO SUR,BIOKO SUR,BIOKO SUR
GQ-06,GQ,CENTRO SUR,CENTRO SUR PROVINCE,CENTRO SUR,CENTRO SUR PROVINCE,CENTRO SUR PROVINCE
GQ-07,GQ,KIÉ-NTEM,KIÉ-NTEM PROVINCE,KIÉ-NTEM,KIÉ-NTEM PROVINCE,KIÉ-NTEM PROVINCE
GQ-08,GQ,LITORAL,LITORAL PROVINCE,LITORAL,LITORAL PROVINCE,LITORAL PROVINCE
GQ-09,GQ,WELE-NZAS,WELE-NZAS PROVINCE,WELE-NZAS,WELE-NZAS PROVINCE,WELE-NZAS PROVINCE
GQ-10,GQ,DJIBLOHO,DJIBLOHO,DJIBLOHO,DJIBLOHO,DJIBLOHO
GR-736572,GR,MOUNT ATHOS,MOUNT ATHOS,RÉPUBLIQUE MONASTIQUE DU MONT ATHOS,MOUNT ATHOS,MOUNT ATHOS
GR-ESYE11,GR,MACEDONIA ORIENTAL Y TRACIA,EAST MACEDONIA AND THRACE,MACÉDOINE-ORIENTALE-ET-THRACE,EAST MACEDONIA AND THRACE,EAST MACEDONIA AND THRACE
GR-ESYE12,GR,MACEDONIA CENTRAL,CENTRAL MACEDONIA,MACÉDOINE-CENTRALE,CENTRAL MACEDONIA,CENTRAL MACEDONIA
GR-ESYE13,GR,MACEDONIA OCCIDENTAL,WEST MACEDONIA,MACÉDOINE-OCCIDENTALE,WEST MACEDONIA,WEST MACEDONIA
GR-ESYE14,GR,THESSALY,THESSALY,THESSALIE,THESSALY,THESSALY
GR-ESYE21,GR,EPIRUS,EPIRUS,ÉPIRE,EPIRUS,EPIRUS
GR-ESYE22,GR,IONIAN ISLANDS,IONIAN ISLANDS,ÎLES IONIENNES,IONIAN ISLANDS,IONIAN ISLANDS
GR-ESYE23,GR,WEST GREECE,WEST GREECE,GRÈCE-OCCIDENTALE,WEST GREECE,WEST GREECE
GR-ESYE24,GR,CENTRAL GREECE,CENTRAL GREECE,GRÈCE-CENTRALE,CENTRAL GREECE,CENTRAL GREECE
GR-ESYE25,GR,PELOPONNESE,PELOPONNESE,PÉLOPONNÈSE,PELOPONNESE,PELOPONNESE
GR-ESYE31,GR,ATTICA,ATTICA,ATTIQUE,ATTICA,ATTICA
GR-ESYE41,GR,NORTH AEGEAN,NORTH AEGEAN,ÉGÉE-SEPTENTRIONALE,NORTH AEGEAN,NORTH AEGEAN
GR-ESYE42,GR,SOUTH AEGEAN,SOUTH AEGEAN,ÉGÉE-MÉRIDIONALE,SOUTH AEGEAN,SOUTH AEGEAN
GR-ESYE43,GR,CRETA,CRETE,CRÈTE,CRETE,CRETE
GT-01,GT,DEPARTAMENTO DE ALTA VERAPAZ,ALTA VERAPAZ DEPARTMENT,ALTA VERAPAZ,ALTA VERAPAZ DEPARTMENT,ALTA VERAPAZ DEPARTMENT
GT-02,GT,DEPARTAMENTO DE BAJA VERAPAZ,BAJA VERAPAZ DEPARTMENT,BAJA VERAPAZ,BAJA VERAPAZ DEPARTMENT,BAJA VERAPAZ DEPARTMENT
GT-03,GT,DEPARTAMENTO DE CHIMALTENANGO,CHIMALTENANGO DEPARTMENT,CHIMALTENANGO,CHIMALTENANGO DEPARTMENT,CHIMALTENANGO DEPARTMENT
GT-04,GT,DEPARTAMENTO DE CHIQUIMULA,CHIQUIMULA DEPARTMENT,CHIQUIMULA,CHIQUIMULA DEPARTMENT,CHIQUIMULA DEPARTMENT
GT-05,GT,DEPARTAMENTO DE EL PROGRESO,EL PROGRESO DEPARTMENT,EL PROGRESO,EL PROGRESO DEPARTMENT,EL PROGRESO DEPARTMENT
GT-06,GT,ESCUINTLA,ESCUINTLA,ESCUINTLA,ESCUINTLA,ESCUINTLA
GT-07,GT,DEPARTAMENTO DE GUATEMALA,GUATEMALA DEPARTMENT,GUATEMALA,GUATEMALA DEPARTMENT,GUATEMALA DEPARTMENT
GT-08,GT,HUEHUETENANGO,HUEHUETENANGO,HUEHUETENANGO,HUEHUETENANGO,HUEHUETENANGO
GT-09,GT,DEPARTAMENTO DE IZABAL,IZABAL DEPARTMENT,IZABAL,IZABAL DEPARTMENT,IZABAL DEPARTMENT
GT-10,GT,JALAPA,JALAPA,JALAPA,JALAPA,JALAPA
GT-11,GT,JUTIAPA,JUTIAPA,JUTIAPA,JUTIAPA,JUTIAPA
GT-12,GT,DEPARTAMENTO DE PETÉN,PETÉN DEPARTMENT,PETÉN,PETÉN DEPARTMENT,PETÉN DEPARTMENT
GT-13,GT,DEPARTAMENTO DE QUETZALTENANGO,QUETZALTENANGO DEPARTMENT,QUETZALTENANGO,QUETZALTENANGO DEPARTMENT,QUETZALTENANGO DEPARTMENT
GT-14,GT,DEPARTAMENTO DE QUICHÉ,QUICHÉ DEPARTMENT,QUICHÉ,QUICHÉ DEPARTMENT,QUICHÉ DEPARTMENT
GT-15,GT,RETALHULEU,RETALHULEU,RETALHULEU,RETALHULEU,RETALHULEU
GT-16,GT,DEPARTAMENTO DE SACATEPÉQUEZ,SACATEPÉQUEZ DEPARTMENT,SACATEPÉQUEZ,SACATEPÉQUEZ DEPARTMENT,SACATEPÉQUEZ DEPARTMENT
GT-17,GT,DEPARTAMENTO DE SAN MARCOS,SAN MARCOS DEPARTMENT,SAN MARCOS,SAN MARCOS DEPARTMENT,SAN MARCOS DEPARTMENT
GT-18,GT,DEPARTAMENTO DE SANTA ROSA,SANTA ROSA DEPARTMENT,SANTA ROSA,SANTA ROSA DEPARTMENT,SANTA ROSA DEPARTMENT
GT-19,GT,DEPARTAMENTO DE SOLOLÁ,SOLOLÁ DEPARTMENT,SOLOLÁ,SOLOLÁ DEPARTMENT,SOLOLÁ DEPARTMENT
GT-20,GT,SUCHITEPÉQUEZ,SUCHITEPEQUE,SUCHITEPEQUE,SUCHITEPEQUE,SUCHITEPEQUE
GT-21,GT,TOTONICAPÁN,TOTONICAPÁN DEPARTMENT,TOTONICAPÁN,TOTONICAPÁN DEPARTMENT,TOTONICAPÁN DEPARTMENT
GT-22,GT,DEPARTAMENTO DE ZACAPA,ZACAPA DEPARTMENT,ZACAPA,ZACAPA DEPARTMENT,ZACAPA DEPARTMENT
GY-10,GY,BARIMA-WAINI,BARIMA-WAINI,BARIMA-WAINI,BARIMA-WAINI,BARIMA-WAINI
GY-11,GY,CUYUNI-MAZARUNI,CUYUNI-MAZARUNI,CUYUNI-MAZARUNI,CUYUNI-MAZARUNI,CUYUNI-MAZARUNI
GY-12,GY,DEMERARA-MAHAICA,DEMERARA-MAHAICA,DEMERARA-MAHAICA,DEMERARA-MAHAICA,DEMERARA-MAHAICA
GY-13,GY,EAST BERBICE-CORENTYNE,EAST BERBICE-CORENTYNE,EAST BERBICE-CORENTYNE,EAST BERBICE-CORENTYNE,EAST BERBICE-CORENTYNE
GY-14,GY,ISLAS ESEQUIBO-DEMERARA OCCIDENTAL,ESSEQUIBO ISLANDS-WEST DEMERARA,ÎLES D'ESSEQUIBO-DEMERARA OCCIDENTAL,ESSEQUIBO ISLANDS-WEST DEMERARA,ESSEQUIBO ISLANDS-WEST DEMERARA
GY-15,GY,MAHAICA-BERBICE,MAHAICA-BERBICE,MAHAICA-BERBICE,MAHAICA-BERBICE,MAHAICA-BERBICE
GY-16,GY,POMEROON-SUPENAAM,POMEROON-SUPENAAM,POMEROON-SUPENAAM,POMEROON-SUPENAAM,POMEROON-SUPENAAM
GY-17,GY,POTARO-SIPARUNI,POTARO-SIPARUNI,POTARO-SIPARUNI,POTARO-SIPARUNI,POTARO-SIPARUNI
GY-18,GY,ALTO DEMERARA-BERBICE,UPPER DEMERARA-BERBICE,HAUT-DEMERARA-BERBICE,UPPER DEMERARA-BERBICE,UPPER DEMERARA-BERBICE
GY-19,GY,ALTO TACUTU-ALTO ESEQUIBO,UPPER TAKUTU-UPPER ESSEQUIBO,HAUT-TAKUTU-HAUT-ESSEQUIBO,UPPER TAKUTU-UPPER ESSEQUIBO,UPPER TAKUTU-UPPER ESSEQUIBO
HK-HCW,HK,CENTRAL AND WESTERN,CENTRAL AND WESTERN,CENTRAL AND WESTERN,CENTRAL AND WESTERN,CENTRAL AND WESTERN
HK-HEA,HK,EASTERN DISTRICT,EASTERN DISTRICT,EASTERN DISTRICT,EASTERN DISTRICT,EASTERN DISTRICT
HK-HSO,HK,SOUTHERN DISTRICT,SOUTHERN DISTRICT,SOUTHERN DISTRICT,SOUTHERN DISTRICT,SOUTHERN DISTRICT
HK-HWC,HK,WAN CHAI,WANCHAI,WAN CHAI,WANCHAI,WANCHAI
HK-KKC,HK,KOWLOON CITY,KOWLOON CITY DISTRICT,KOWLOON CITY,KOWLOON CITY DISTRICT,KOWLOON CITY DISTRICT
HK-KKT,HK,KWUN TONG DISTRICT,KWUN TONG DISTRICT,KWUN TONG DISTRICT,KWUN TONG DISTRICT,KWUN TONG DISTRICT
HK-KSS,HK,SHAM SHUI PO DISTRICT,SHAM SHUI PO DISTRICT,SHAM SHUI PO DISTRICT,SHAM SHUI PO DISTRICT,SHAM SHUI PO DISTRICT
HK-KWT,HK,WONG TAI SIN DISTRICT,WONG TAI SIN DISTRICT,WONG TAI SIN DISTRICT,WONG TAI SIN DISTRICT,WONG TAI SIN DISTRICT
HK-KYT,HK,YAU TSIM MONG DISTRICT,YAU TSIM MONG DISTRICT,YAU TSIM MONG DISTRICT,YAU TSIM MONG DISTRICT,YAU TSIM MONG DISTRICT
HK-NIS,HK,ISLANDS,ISLANDS,ISLANDS,ISLANDS,ISLANDS
HK-NKT,HK,KWAI TSING DISTRICT,KWAI TSING DISTRICT,KWAI TSING DISTRICT,KWAI TSING DISTRICT,KWAI TSING DISTRICT
HK-NNO,HK,NORTH DISTRICT,NORTH DISTRICT,NORTH DISTRICT,NORTH DISTRICT,NORTH DISTRICT
HK-NSK,HK,SAI KUNG DISTRICT,SAI KUNG DISTRICT,SAI KUNG DISTRICT,SAI KUNG DISTRICT,SAI KUNG DISTRICT
HK-NST,HK,SHA TIN,SHA TIN,SHA TIN,SHA TIN,SHA TIN
HK-NTM,HK,TUEN MUN,TUEN MUN,TUEN MUN,TUEN MUN,TUEN MUN
HK-NTP,HK,TAI PO,TAI PO,TAI PO,TAI PO,TAI PO
HK-NTW,HK,TSUEN WAN,TSUEN WAN,TSUEN WAN,TSUEN WAN,TSUEN WAN
HK-NYL,HK,YUEN LONG,YUEN LONG,YUEN LONG,YUEN LONG,YUEN LONG
HN-01,HN,DEPARTAMENTO DE ATLÁNTIDA,ATLÁNTIDA DEPARTMENT,ATLÁNTIDA,ATLÁNTIDA DEPARTMENT,ATLÁNTIDA DEPARTMENT
HN-02,HN,DEPARTAMENTO DE CHOLUTECA,CHOLUTECA DEPARTMENT,CHOLUTECA,CHOLUTECA DEPARTMENT,CHOLUTECA DEPARTMENT
HN-03,HN,DEPARTAMENTO DE COLÓN,COLÓN DEPARTMENT,COLÓN,COLÓN DEPARTMENT,COLÓN DEPARTMENT
HN-04,HN,DEPARTAMENTO DE COMAYAGUA,COMAYAGUA DEPARTMENT,COMAYAGUA,COMAYAGUA DEPARTMENT,COMAYAGUA DEPARTMENT
HN-05,HN,DEPARTAMENTO DE COPÁN,COPÁN DEPARTMENT,COPÁN,COPÁN DEPARTMENT,COPÁN DEPARTMENT
HN-06,HN,DEPARTAMENTO DE CORTÉS,CORTÉS DEPARTMENT,CORTÉS,CORTÉS DEPARTMENT,CORTÉS DEPARTMENT
HN-07,HN,DEPARTAMENTO DE EL PARAÍSO,EL PARAÍSO DEPARTMENT,EL PARAÍSO,EL PARAÍSO DEPARTMENT,EL PARAÍSO DEPARTMENT
HN-08,HN,DEPARTAMENTO DE FRANCISCO MORAZÁN,FRANCISCO MORAZÁN DEPARTMENT,FRANCISCO MORAZÁN,FRANCISCO MORAZÁN DEPARTMENT,FRANCISCO MORAZÁN DEPARTMENT
HN-09,HN,DEPARTAMENTO DE GRACIAS A DIOS,GRACIAS A DIOS DEPARTMENT,GRACIAS A DIOS,GRACIAS A DIOS DEPARTMENT,GRACIAS A DIOS DEPARTMENT
HN-10,HN,DEPARTAMENTO DE INTIBUCÁ,INTIBUCÁ DEPARTMENT,INTIBUCÁ,INTIBUCÁ DEPARTMENT,INTIBUCÁ DEPARTMENT
HN-11,HN,ISLAS DE LA BAHÍA,BAY ISLANDS,BAY ISLANDS,BAY ISLANDS,BAY ISLANDS
HN-12,HN,DEPARTAMENTO DE LA PAZ,LA PAZ DEPARTMENT,LA PAZ,LA PAZ DEPARTMENT,LA PAZ DEPARTMENT
HN-13,HN,DEPARTAMENTO DE LEMPIRA,LEMPIRA DEPARTMENT,LEMPIRA,LEMPIRA DEPARTMENT,LEMPIRA DEPARTMENT
HN-14,HN,DEPARTAMENTO DE OCOTEPEQUE,OCOTEPEQUE DEPARTMENT,OCOTEPEQUE,OCOTEPEQUE DEPARTMENT,OCOTEPEQUE DEPARTMENT
HN-15,HN,DEPARTAMENTO DE OLANCHO,OLANCHO DEPARTMENT,OLANCHO,OLANCHO DEPARTMENT,OLANCHO DEPARTMENT
HN-16,HN,SANTA BÁRBARA DEPARTMENT,SANTA BÁRBARA DEPARTMENT,SANTA BÁRBARA DEPARTMENT,SANTA BÁRBARA DEPARTMENT,SANTA BÁRBARA DEPARTMENT
HN-17,HN,DEPARTAMENTO DE VALLE,VALLE DEPARTMENT,VALLE,VALLE DEPARTMENT,VALLE DEPARTMENT
HN-18,HN,DEPARTAMENTO DE YORO,YORO DEPARTMENT,YORO,YORO DEPARTMENT,YORO DEPARTMENT
HT-03,HT,NOROESTE,NORD-OUEST,DÉPARTEMENT DU NORD-OUEST,NORD-OUEST,NORD-OUEST
HT-06,HT,ARTIBONITO,ARTIBONITE,ARTIBONITE,ARTIBONITE,ARTIBONITE
HT-07,HT,CENTRO,CENTRE,CENTRE,CENTRE,CENTRE
HT-09,HT,NORTE,NORD,NORD,NORD,NORD
HT-10,HT,NORESTE,NORD-EST,NORD-EST,NORD-EST,NORD-EST
HT-11,HT,OESTE,OUEST,OUEST,OUEST,OUEST
HT-12,HT,SUR,SUD,SUD,SUD,SUD
HT-13,HT,SURESTE,SUD-EST,DÉPARTEMENT DU SUD-EST,SUD-EST,SUD-EST
HT-14,HT,GRAND’ANSE,GRAND'ANSE,GRAND'ANSE,GRAND'ANSE,GRAND'ANSE
HT-15,HT,NIPPES,NIPPES,NIPPES,NIPPES,NIPPES
HU-01,HU,BÁCS-KISKUN,BÁCS-KISKUN COUNTY,BÁCS-KISKUN,BÁCS-KISKUN COUNTY,BÁCS-KISKUN COUNTY
HU-02,HU,BARANYA,BARANYA,BARANYA,BARANYA,BARANYA
HU-03,HU,BEKES COUNTY,BEKES COUNTY,BEKES COUNTY,BEKES COUNTY,BEKES COUNTY
HU-04,HU,BORSOD-ABAÚJ-ZEMPLÉN,BORSOD-ABAUJ ZEMPLEN COUNTY,BORSOD-ABAÚJ-ZEMPLÉN,BORSOD-ABAUJ ZEMPLEN COUNTY,BORSOD-ABAUJ ZEMPLEN COUNTY
HU-05,HU,BUDAPEST,BUDAPEST,BUDAPEST,BUDAPEST,BUDAPEST
HU-06,HU,CSONGRÁD,CSONGRÁD,CSONGRÁD,CSONGRÁD,CSONGRÁD
HU-08,HU,FEJÉR,FEJÉR,FEJÉR,FEJÉR,FEJÉR
HU-09,HU,GYŐR-MOSON-SOPRON,GYŐR-MOSON-SOPRON,GYŐR-MOSON-SOPRON,GYŐR-MOSON-SOPRON,GYŐR-MOSON-SOPRON
HU-10,HU,HAJDÚ-BIHAR,HAJDÚ-BIHAR,HAJDÚ-BIHAR,HAJDÚ-BIHAR,HAJDÚ-BIHAR
HU-11,HU,HEVES,HEVES COUNTY,HEVES,HEVES COUNTY,HEVES COUNTY
HU-12,HU,KOMÁROM-ESZTERGOM,KOMÁROM-ESZTERGOM,KOMÁROM-ESZTERGOM,KOMÁROM-ESZTERGOM,KOMÁROM-ESZTERGOM
HU-14,HU,NÓGRÁD,NÓGRÁD,NÓGRÁD,NÓGRÁD,NÓGRÁD
HU-16,HU,PEST,PEST COUNTY,PEST,PEST COUNTY,PEST COUNTY
HU-17,HU,SOMOGY,SOMOGY COUNTY,SOMOGY,SOMOGY COUNTY,SOMOGY COUNTY
HU-18,HU,SZABOLCS-SZATMÁR-BEREG,SZABOLCS-SZATMÁR-BEREG,SZABOLCS-SZATMÁR-BEREG,SZABOLCS-SZATMÁR-BEREG,SZABOLCS-SZATMÁR-BEREG
HU-20,HU,JÁSZ-NAGYKUN-SZOLNOK,JÁSZ-NAGYKUN-SZOLNOK,JÁSZ-NAGYKUN-SZOLNOK,JÁSZ-NAGYKUN-SZOLNOK,JÁSZ-NAGYKUN-SZOLNOK
HU-21,HU,TOLNA,TOLNA COUNTY,TOLNA,TOLNA COUNTY,TOLNA COUNTY
HU-22,HU,VAS,VAS COUNTY,VAS,VAS COUNTY,VAS COUNTY
HU-23,HU,VESZPRÉM,VESZPRÉM,VESZPRÉM,VESZPRÉM,VESZPRÉM
HU-24,HU,ZALA,ZALA COUNTY,ZALA,ZALA COUNTY,ZALA COUNTY
ID-01,ID,ACEH,SPECIAL REGION OF ACEH,ACEH,SPECIAL REGION OF ACEH,SPECIAL REGION OF ACEH
ID-02,ID,BALI,BALI,BALI,BALI,BALI
ID-03,ID,BENGKULU,BENGKULU,BENGKULU,BENGKULU,BENGKULU
ID-04,ID,JAKARTA,JAKARTA SPECIAL CAPITAL REGION,JAKARTA,JAKARTA SPECIAL CAPITAL REGION,JAKARTA SPECIAL CAPITAL REGION
ID-05,ID,JAMBI,JAMBI,JAMBI,JAMBI,JAMBI
ID-07,ID,CENTRAL JAVA,CENTRAL JAVA,JAVA CENTRAL,CENTRAL JAVA,CENTRAL JAVA
ID-08,ID,JAVA ORIENTAL,EAST JAVA,JAVA ORIENTAL,EAST JAVA,EAST JAVA
ID-10,ID,YOGYAKARTA,SPECIAL REGION OF YOGYAKARTA,YOGYAKARTA,SPECIAL REGION OF YOGYAKARTA,SPECIAL REGION OF YOGYAKARTA
ID-11,ID,WEST KALIMANTAN,WEST KALIMANTAN,KALIMANTAN OCCIDENTAL,WEST KALIMANTAN,WEST KALIMANTAN
ID-12,ID,SOUTH KALIMANTAN,SOUTH KALIMANTAN,KALIMANTAN DU SUD,SOUTH KALIMANTAN,SOUTH KALIMANTAN
ID-13,ID,CENTRAL KALIMANTAN,CENTRAL KALIMANTAN,CENTRAL KALIMANTAN,CENTRAL KALIMANTAN,CENTRAL KALIMANTAN
ID-14,ID,EAST KALIMANTAN,EAST KALIMANTAN,KALIMANTAN ORIENTAL,EAST KALIMANTAN,EAST KALIMANTAN
ID-15,ID,LAMPUNG,LAMPUNG,LAMPUNG,LAMPUNG,LAMPUNG
ID-17,ID,WEST NUSA TENGGARA,WEST NUSA TENGGARA,PETITES ÎLES DE LA SONDE OCCIDENTALES,WEST NUSA TENGGARA,WEST NUSA TENGGARA
ID-18,ID,EAST NUSA TENGGARA,EAST NUSA TENGGARA,PETITES ÎLES DE LA SONDE ORIENTALES,EAST NUSA TENGGARA,EAST NUSA TENGGARA
ID-21,ID,CÉLEBES CENTRAL,CENTRAL SULAWESI,SULAWESI CENTRAL,CENTRAL SULAWESI,CENTRAL SULAWESI
ID-22,ID,SOUTHEAST SULAWESI,SOUTHEAST SULAWESI,SOUTHEAST SULAWESI,SOUTHEAST SULAWESI,SOUTHEAST SULAWESI
ID-24,ID,SUMATRA OCCIDENTAL,WEST SUMATRA,SUMATRA OCCIDENTAL,WEST SUMATRA,WEST SUMATRA
ID-26,ID,SUMATRA SEPTENTRIONAL,NORTH SUMATRA,SUMATRA DU NORD,NORTH SUMATRA,NORTH SUMATRA
ID-28,ID,MOLUCAS,MALUKU,MOLUQUES,MALUKU,MALUKU
ID-29,ID,PROVINCIA DE MOLUCAS SEPTENTRIONALES,NORTH MALUKU,MOLUQUES DU NORD,NORTH MALUKU,NORTH MALUKU
ID-30,ID,JAVA OCCIDENTAL,WEST JAVA,JAVA OCCIDENTAL,WEST JAVA,WEST JAVA
ID-31,ID,CÉLEBES SEPTENTRIONAL,NORTH SULAWESI,SULAWESI DU NORD,NORTH SULAWESI,NORTH SULAWESI
ID-32,ID,SUMATRA MERIDIONAL,SOUTH SUMATRA,SUMATRA DU SUD,SOUTH SUMATRA,SOUTH SUMATRA
ID-33,ID,BANTÉN,BANTEN,BANTEN,BANTEN,BANTEN
ID-34,ID,GORONTALO,GORONTALO,GORONTALO,GORONTALO,GORONTALO
ID-35,ID,BANGKA–BELITUNG ISLANDS,BANGKA–BELITUNG ISLANDS,ÎLES BANGKA BELITUNG,BANGKA–BELITUNG ISLANDS,BANGKA–BELITUNG ISLANDS
ID-36,ID,PAPUA,PAPUA,PAPOUASIE,PAPUA,PAPUA
ID-37,ID,RIAU,RIAU,RIAU,RIAU,RIAU
ID-38,ID,SOUTH SULAWESI,SOUTH SULAWESI,SULAWESI DU SUD,SOUTH SULAWESI,SOUTH SULAWESI
ID-39,ID,WEST PAPUA,WEST PAPUA,PAPOUASIE OCCIDENTALE,WEST PAPUA,WEST PAPUA
ID-40,ID,RIAU ISLANDS,RIAU ISLANDS,RIAU ISLANDS,RIAU ISLANDS,RIAU ISLANDS
ID-41,ID,WEST SULAWESI,WEST SULAWESI,SULAWESI OCCIDENTAL,WEST SULAWESI,WEST SULAWESI
ID-42,ID,NORTH KALIMANTAN,NORTH KALIMANTAN,NORTH KALIMANTAN,NORTH KALIMANTAN,NORTH KALIMANTAN
ID-PD,ID,SOUTHWEST PAPUA,SOUTHWEST PAPUA,PAPOUASIE DU SUD-OUEST,SOUTHWEST PAPUA,SOUTHWEST PAPUA
ID-PE,ID,HIGHLAND PAPUA,HIGHLAND PAPUA,HIGHLAND PAPUA,HIGHLAND PAPUA,HIGHLAND PAPUA
ID-PS,ID,SOUTH PAPUA,SOUTH PAPUA,PAPOUASIE MÉRIDIONALE,SOUTH PAPUA,SOUTH PAPUA
ID-PT,ID,CENTRAL PAPUA,CENTRAL PAPUA,PAPOUASIE CENTRALE,CENTRAL PAPUA,CENTRAL PAPUA
IE-C,IE,CONNACHT,CONNACHT,CONNACHT,CONNACHT,CONNACHT
IE-L,IE,LEINSTER,LEINSTER,LEINSTER,LEINSTER,LEINSTER
IE-M,IE,MUNSTER,MUNSTER,MUNSTER,MUNSTER,MUNSTER
IE-U,IE,ÚLSTER,ULSTER,ULSTER,ULSTER,ULSTER
IL-01,IL,DISTRITO MERIDIONAL,SOUTHERN DISTRICT,DISTRICT SUD,SOUTHERN DISTRICT,SOUTHERN DISTRICT
IL-02,IL,DISTRITO CENTRAL,CENTRAL DISTRICT,DISTRICT CENTRE,CENTRAL DISTRICT,CENTRAL DISTRICT
IL-03,IL,DISTRITO NORTE,NORTHERN DISTRICT,DISTRICT NORD,NORTHERN DISTRICT,NORTHERN DISTRICT
IL-04,IL,DISTRITO DE HAIFA,HAIFA,DISTRICT DE HAÏFA,HAIFA,HAIFA
IL-05,IL,DISTRITO DE TEL AVIV,TEL AVIV,TEL-AVIV,TEL AVIV,TEL AVIV
IL-06,IL,DISTRITO DE JERUSALÉN,JERUSALEM DISTRICT,JÉRUSALEM,JERUSALEM DISTRICT,JERUSALEM DISTRICT
IL-WE,IL,JUDEA AND SAMARIA AREA,JUDEA AND SAMARIA AREA,JUDEA AND SAMARIA AREA,JUDEA AND SAMARIA AREA,JUDEA AND SAMARIA AREA
IN-01,IN,ISLAS ANDAMÁN Y NICOBAR,ANDAMAN AND NICOBAR ISLANDS,ANDAMAN ET NICOBAR,ANDAMAN AND NICOBAR ISLANDS,ANDAMAN AND NICOBAR ISLANDS
IN-02,IN,ANDHRA PRADESH,ANDHRA PRADESH,ANDHRA PRADESH,ANDHRA PRADESH,ANDHRA PRADESH
IN-03,IN,ASSAM,STATE OF ASSAM,ASSAM,STATE OF ASSAM,STATE OF ASSAM
IN-05,IN,CHANDIGARH,CHANDIGARH,CHANDIGARH,CHANDIGARH,CHANDIGARH
IN-07,IN,DELHI,DELHI,DELHI,DELHI,DELHI
IN-09,IN,GUJARAT,GUJARAT,GUJARAT,GUJARAT,GUJARAT
IN-10,IN,HARYANA,HARYANA,HARYANA,HARYANA,HARYANA
IN-11,IN,HIMACHAL PRADESH,HIMACHAL PRADESH,HIMACHAL PRADESH,HIMACHAL PRADESH,HIMACHAL PRADESH
IN-12,IN,JAMMU AND KASHMIR,KASHMIR,JAMMU-ET-CACHEMIRE,KASHMIR,KASHMIR
IN-13,IN,KERALA,KERALA,KERALA,KERALA,KERALA
IN-14,IN,LAKSHADWEEP,LACCADIVES,LAQUEDIVES,LACCADIVES,LACCADIVES
IN-16,IN,MAHARASTRA,MAHARASHTRA,MAHARASHTRA,MAHARASHTRA,MAHARASHTRA
IN-17,IN,MANIPUR,STATE OF MANIPUR,MANIPUR,STATE OF MANIPUR,STATE OF MANIPUR
IN-18,IN,MEGALAYA,STATE OF MEGHĀLAYA,MEGHALAYA,STATE OF MEGHĀLAYA,STATE OF MEGHĀLAYA
IN-19,IN,KARNATAKA,KARNATAKA,KARNATAKA,KARNATAKA,KARNATAKA
IN-20,IN,NAGALAND,NAGALAND,NAGALAND,NAGALAND,NAGALAND
IN-21,IN,ODISHA,ODISHA,ORISSA,ODISHA,ODISHA
IN-22,IN,PUDUCHERRY,UNION TERRITORY OF PONDICHERRY,L'ÉTAT DE PONDICHÉRY,UNION TERRITORY OF PONDICHERRY,UNION TERRITORY OF PONDICHERRY
IN-23,IN,PUNYAB,PUNJAB,PENJAB,PUNJAB,PUNJAB
IN-24,IN,RAJASTÁN,RAJASTHAN,RAJASTHAN,RAJASTHAN,RAJASTHAN
IN-25,IN,TAMIL NADU,TAMIL NADU,TAMIL NADU,TAMIL NADU,TAMIL NADU
IN-26,IN,TRIPURA,STATE OF TRIPURA,TRIPURA,STATE OF TRIPURA,STATE OF TRIPURA
IN-28,IN,BENGALA OCCIDENTAL,WEST BENGAL,BENGALE,WEST BENGAL,WEST BENGAL
IN-29,IN,SIKKIM,STATE OF SIKKIM,SIKKIM,STATE OF SIKKIM,STATE OF SIKKIM
IN-30,IN,ARUNACHAL PRADESH,ARUNACHAL PRADESH,ARUNACHAL PRADESH,ARUNACHAL PRADESH,ARUNACHAL PRADESH
IN-31,IN,MIZORÁN,STATE OF MIZORAM,MIZORAM,STATE OF MIZORAM,STATE OF MIZORAM
IN-33,IN,GOA,GOA,GOA,GOA,GOA
IN-34,IN,BIHAR,BIHAR,BIHAR,BIHAR,BIHAR
IN-35,IN,MADHYA PRADESH,MADHYA PRADESH,MADHYA PRADESH,MADHYA PRADESH,MADHYA PRADESH
IN-36,IN,UTTAR PRADESH,UTTAR PRADESH,UTTAR PRADESH,UTTAR PRADESH,UTTAR PRADESH
IN-37,IN,CHHATTISGARH,CHHATTISGARH,CHHATTISGARH,CHHATTISGARH,CHHATTISGARH
IN-38,IN,JHARKHAND,JHARKHAND,JHARKHAND,JHARKHAND,JHARKHAND
IN-39,IN,UTTARAKHAND,UTTARAKHAND,UTTARAKHAND,UTTARAKHAND,UTTARAKHAND
IN-40,IN,TELANGANA,TELANGANA,TÉLANGANA,TELANGANA,TELANGANA
IN-41,IN,LADAKH,LADAKH,LADAKH,LADAKH,LADAKH
IN-52,IN,DADRA AND NAGAR HAVELI AND DAMAN AND DIU,DADRA AND NAGAR HAVELI AND DAMAN AND DIU,DADRA AND NAGAR HAVELI AND DAMAN AND DIU,DADRA AND NAGAR HAVELI AND DAMAN AND DIU,DADRA AND NAGAR HAVELI AND DAMAN AND DIU
IT-01,IT,LOS ABRUZOS,ABRUZZO,ABRUZZES,ABRUZZO,ABRUZZO
IT-02,IT,REGIÓN DE BASILICATA,BASILICATE,BASILICATE,BASILICATE,BASILICATE
IT-03,IT,CALABRIA,CALABRIA,CALABRE,CALABRIA,CALABRIA
IT-04,IT,REGIÓN DE CAMPANIA,CAMPANIA,CAMPANIE,CAMPANIA,CAMPANIA
IT-05,IT,EMILIA-ROMAÑA,EMILIA-ROMAGNA,ÉMILIE-ROMAGNE,EMILIA-ROMAGNA,EMILIA-ROMAGNA
IT-06,IT,FRIULI-VENECIA JULIA,FRIULI VENEZIA GIULIA,FRIOUL-VÉNÉTIE JULIENNE,FRIULI VENEZIA GIULIA,FRIULI VENEZIA GIULIA
IT-07,IT,LACIO,LATIUM,LATIUM,LATIUM,LATIUM
IT-08,IT,LIGURIA,LIGURIA,LIGURIE,LIGURIA,LIGURIA
IT-09,IT,REGIÓN DE LOMBARDÍA,LOMBARDY,LOMBARDIE,LOMBARDY,LOMBARDY
IT-10,IT,REGIÓN DE LAS MARCAS,THE MARCHES,MARCHES,THE MARCHES,THE MARCHES
IT-11,IT,REGIÓN DE MOLISE,MOLISE,MOLISE,MOLISE,MOLISE
IT-12,IT,PIAMONTE,PIEDMONT,PIÉMONT,PIEDMONT,PIEDMONT
IT-13,IT,REGIÓN DE APULIA,APULIA,POUILLES,APULIA,APULIA
IT-14,IT,CERDEÑA,SARDINIA,SARDAIGNE,SARDINIA,SARDINIA
IT-15,IT,SICILIA,SICILY,SICILE,SICILY,SICILY
IT-16,IT,TOSCANA,TUSCANY,TOSCANE,TUSCANY,TUSCANY
IT-17,IT,TRENTINO-ALTO ADIGIO,TRENTINO-ALTO ADIGE,TRENTIN-HAUT-ADIGE,TRENTINO-ALTO ADIGE,TRENTINO-ALTO ADIGE
IT-18,IT,REGIÓN DE UMBRÍA,UMBRIA,OMBRIE,UMBRIA,UMBRIA
IT-19,IT,VALLE DE AOSTA,AOSTA VALLEY,RÉGION AUTONOME VALLÉE D'AOSTE,AOSTA VALLEY,AOSTA VALLEY
IT-20,IT,REGIÓN DE VÉNETO,VENETO,VÉNÉTIE,VENETO,VENETO
JM-01,JM,PARROQUIA DE CLARENDON,CLARENDON,PAROISSE DE CLARENDON,CLARENDON,CLARENDON
JM-02,JM,PARROQUIA DE HANOVER,HANOVER,PAROISSE DE HANOVER,HANOVER,HANOVER
JM-04,JM,PARROQUIA DE MANCHESTER,MANCHESTER,MANCHESTER,MANCHESTER,MANCHESTER
JM-07,JM,PARROQUIA DE PORTLAND,PORTLAND PARISH,PORTLAND,PORTLAND PARISH,PORTLAND PARISH
JM-08,JM,PARROQUIA DE SAINT ANDREW,SAINT ANDREW PARISH,PAROISSE DE SAINT ANDREW,SAINT ANDREW PARISH,SAINT ANDREW PARISH
JM-09,JM,PARROQUIA DE SAINT ANN,SAINT ANN PARISH,PAROISSE DE SAINT ANN,SAINT ANN PARISH,SAINT ANN PARISH
JM-10,JM,PARROQUIA DE SAINT CATHERINE,SAINT CATHERINE PARISH,PAROISSE DE SAINTE-CATHERINE,SAINT CATHERINE PARISH,SAINT CATHERINE PARISH
JM-11,JM,PARROQUIA DE SAINT ELIZABETH,SAINT ELIZABETH,SAINT ELIZABETH,SAINT ELIZABETH,SAINT ELIZABETH
JM-12,JM,PARROQUIA DE SAINT JAMES,SAINT JAMES PARISH,SAINT JAMES,SAINT JAMES PARISH,SAINT JAMES PARISH
JM-13,JM,PARROQUIA DE SAINT MARY,SAINT MARY PARISH,SAINT MARY,SAINT MARY PARISH,SAINT MARY PARISH
JM-14,JM,PARROQUIA DE SAINT THOMAS,SAINT THOMAS PARISH,SAINT-THOMAS,SAINT THOMAS PARISH,SAINT THOMAS PARISH
JM-15,JM,PARROQUIA DE TRELAWNY,TRELAWNY PARISH,PAROISSE DE TRELAWNY,TRELAWNY PARISH,TRELAWNY PARISH
JM-16,JM,PARROQUIA DE WESTMORELAND,WESTMORELAND,WESTMORELAND,WESTMORELAND,WESTMORELAND
JM-17,JM,PARROQUIA DE KINGSTON,KINGSTON,KINGSTON,KINGSTON,KINGSTON
JP-01,JP,PREFECTURA DE AICHI,AICHI,PRÉFECTURE D'AICHI,AICHI,AICHI
JP-02,JP,PREFECTURA DE AKITA,AKITA,PRÉFECTURE D'AKITA,AKITA,AKITA
JP-03,JP,PREFECTURA DE AOMORI,AOMORI,PRÉFECTURE D'AOMORI,AOMORI,AOMORI
JP-04,JP,PREFECTURA DE CHIBA,CHIBA,PRÉFECTURE DE CHIBA,CHIBA,CHIBA
JP-05,JP,PREFECTURA DE EHIME,EHIME,PRÉFECTURE D'EHIME,EHIME,EHIME
JP-06,JP,PREFECTURA DE FUKUI,FUKUI,PRÉFECTURE DE FUKUI,FUKUI,FUKUI
JP-07,JP,PREFECTURA DE FUKUOKA,FUKUOKA,PRÉFECTURE DE FUKUOKA,FUKUOKA,FUKUOKA
JP-08,JP,PREFECTURA DE FUKUSHIMA,FUKUSHIMA,PRÉFECTURE DE FUKUSHIMA,FUKUSHIMA,FUKUSHIMA
JP-09,JP,PREFECTURA DE GIFU,GIFU,PRÉFECTURE DE GIFU,GIFU,GIFU
JP-10,JP,PREFECTURA DE GUNMA,GUNMA,PRÉFECTURE DE GUNMA,GUNMA,GUNMA
JP-11,JP,PREFECTURA DE HIROSHIMA,HIROSHIMA,PRÉFECTURE DE HIROSHIMA,HIROSHIMA,HIROSHIMA
JP-12,JP,HOKKAIDO,HOKKAIDO,HOKKAIDO,HOKKAIDO,HOKKAIDO
JP-13,JP,PREFECTURA DE HYOGO,HYŌGO,PRÉFECTURE DE HYŌGO,HYŌGO,HYŌGO
JP-14,JP,PREFECTURA DE IBARAKI,IBARAKI,PRÉFECTURE D'IBARAKI,IBARAKI,IBARAKI
JP-15,JP,PREFECTURA DE ISHIKAWA,ISHIKAWA,PRÉFECTURE D'ISHIKAWA,ISHIKAWA,ISHIKAWA
JP-16,JP,PREFECTURA DE IWATE,IWATE,PRÉFECTURE D'IWATE,IWATE,IWATE
JP-17,JP,PREFECTURA DE KAGAWA,KAGAWA,PRÉFECTURE DE KAGAWA,KAGAWA,KAGAWA
JP-18,JP,PREFECTURA DE KAGOSHIMA,KAGOSHIMA,PRÉFECTURE DE KAGOSHIMA,KAGOSHIMA,KAGOSHIMA
JP-19,JP,PREFECTURA DE KANAGAWA,KANAGAWA,PRÉFECTURE DE KANAGAWA,KANAGAWA,KANAGAWA
JP-20,JP,PREFECTURA DE KŌCHI,KOCHI,KOCHI,KOCHI,KOCHI
JP-21,JP,PREFECTURA DE KUMAMOTO,KUMAMOTO,PRÉFECTURE DE KUMAMOTO,KUMAMOTO,KUMAMOTO
JP-22,JP,PREFECTURA DE KIOTO,KYOTO,PRÉFECTURE DE KYOTO,KYOTO,KYOTO
JP-23,JP,PREFECTURA DE MIE,MIE,PRÉFECTURE DE MIE,MIE,MIE
JP-24,JP,PREFECTURA DE MIYAGI,MIYAGI,PRÉFECTURE DE MIYAGI,MIYAGI,MIYAGI
JP-25,JP,PREFECTURA DE MIYAZAKI,MIYAZAKI,PRÉFECTURE DE MIYAZAKI,MIYAZAKI,MIYAZAKI
JP-26,JP,PREFECTURA DE NAGANO,NAGANO,PRÉFECTURE DE NAGANO,NAGANO,NAGANO
JP-27,JP,PREFECTURA DE NAGASAKI,NAGASAKI,PRÉFECTURE DE NAGASAKI,NAGASAKI,NAGASAKI
JP-28,JP,PREFECTURA DE NARA,NARA,PRÉFECTURE DE NARA,NARA,NARA
JP-29,JP,PREFECTURA DE NIIGATA,NIIGATA,PRÉFECTURE DE NIIGATA,NIIGATA,NIIGATA
JP-30,JP,PREFECTURA DE OITA,OITA,PRÉFECTURE DE OITA,OITA,OITA
JP-31,JP,PREFECTURA DE OKAYAMA,OKAYAMA,PRÉFECTURE D'OKAYAMA,OKAYAMA,OKAYAMA
JP-32,JP,PREFECTURA DE OSAKA,ŌSAKA,PRÉFECTURE D'OSAKA,ŌSAKA,ŌSAKA
JP-33,JP,PREFECTURA DE SAGA,SAGA PREFECTURE,PRÉFECTURE DE SAGA,SAGA PREFECTURE,SAGA PREFECTURE
JP-34,JP,PREFECTURA DE SAITAMA,SAITAMA,PRÉFECTURE DE SAITAMA,SAITAMA,SAITAMA
JP-35,JP,PREFECTURA DE SHIGA,SHIGA PREFECTURE,PRÉFECTURE DE SHIGA,SHIGA PREFECTURE,SHIGA PREFECTURE
JP-36,JP,PREFECTURA DE SHIMANE,SHIMANE,PRÉFECTURE DE SHIMANE,SHIMANE,SHIMANE
JP-37,JP,PREFECTURA DE SHIZUOKA,SHIZUOKA,PRÉFECTURE DE SHIZUOKA,SHIZUOKA,SHIZUOKA
JP-38,JP,PREFECTURA DE TOCHIGI,TOCHIGI,PRÉFECTURE DE TOCHIGI,TOCHIGI,TOCHIGI
JP-39,JP,PREFECTURA DE TOKUSHIMA,TOKUSHIMA,PRÉFECTURE DE TOKUSHIMA,TOKUSHIMA,TOKUSHIMA
JP-40,JP,TOKIO,TOKYO,PRÉFECTURE DE TOKYO,TOKYO,TOKYO
JP-41,JP,PREFECTURA DE TOTTORI,TOTTORI,PRÉFECTURE DE TOTTORI,TOTTORI,TOTTORI
JP-42,JP,PREFECTURA DE TOYAMA,TOYAMA,PRÉFECTURE DE TOYAMA,TOYAMA,TOYAMA
JP-43,JP,PREFECTURA DE WAKAYAMA,WAKAYAMA,PRÉFECTURE DE WAKAYAMA,WAKAYAMA,WAKAYAMA
JP-44,JP,PREFECTURA DE YAMAGATA,YAMAGATA,PRÉFECTURE DE YAMAGATA,YAMAGATA,YAMAGATA
JP-45,JP,PREFECTURA DE YAMAGUCHI,YAMAGUCHI,PRÉFECTURE DE YAMAGUCHI,YAMAGUCHI,YAMAGUCHI
JP-46,JP,PREFECTURA DE YAMANASHI,YAMANASHI,PRÉFECTURE DE YAMANASHI,YAMANASHI,YAMANASHI
JP-47,JP,PREFECTURA DE OKINAWA,OKINAWA,PRÉFECTURE D'OKINAWA,OKINAWA,OKINAWA
KE-05,KE,NAIROBI,NAIROBI COUNTY,NAIROBI,NAIROBI COUNTY,NAIROBI COUNTY
KE-10,KE,CONDADO DE BARINGO,BARINGO,COMTÉ DE BARINGO,BARINGO,BARINGO
KE-11,KE,CONDADO DE BOMET,BOMET COUNTY,BOMET,BOMET COUNTY,BOMET COUNTY
KE-12,KE,CONDADO DE BUNGOMA,BUNGOMA COUNTY,BUNGOMA,BUNGOMA COUNTY,BUNGOMA COUNTY
KE-13,KE,CONDADO DE BUSIA,BUSIA COUNTY,BUSIA,BUSIA COUNTY,BUSIA COUNTY
KE-14,KE,ELEGEYO-MARAKWET,ELEGEYO-MARAKWET,ELEGEYO-MARAKWET,ELEGEYO-MARAKWET,ELEGEYO-MARAKWET
KE-15,KE,CONDADO DE EMBU,EMBU COUNTY,COMTÉ D'EMBU,EMBU COUNTY,EMBU COUNTY
KE-16,KE,CONDADO DE GARISSA,GARISSA COUNTY,GARISSA,GARISSA COUNTY,GARISSA COUNTY
KE-17,KE,CONDADO DE HOMA BAY,HOMA BAY COUNTY,HOMA BAY,HOMA BAY COUNTY,HOMA BAY COUNTY
KE-18,KE,CONDADO DE ISIOLO,ISIOLO COUNTY,COMTÉ D'ISIOLO,ISIOLO COUNTY,ISIOLO COUNTY
KE-19,KE,CONDADO DE KAJIADO,KAJIADO COUNTY,COMTÉ DE KAJIADO,KAJIADO COUNTY,KAJIADO COUNTY
KE-20,KE,CONDADO DE KAKAMEGA,KAKAMEGA COUNTY,KAKAMEGA,KAKAMEGA COUNTY,KAKAMEGA COUNTY
KE-21,KE,CONDADO DE KERICHO,KERICHO COUNTY,KERICHO COUNTY,KERICHO COUNTY,KERICHO COUNTY
KE-22,KE,CONDADO DE KIAMBU,KIAMBU COUNTY,COMTÉ DE KIAMBU,KIAMBU COUNTY,KIAMBU COUNTY
KE-23,KE,DISTRITO DE KILIFI,KILIFI COUNTY,KILIFI,KILIFI COUNTY,KILIFI COUNTY
KE-24,KE,CONDADO DE KIRINYAGA,KIRINYAGA COUNTY,COMTÉ DE KIRINYAGA,KIRINYAGA COUNTY,KIRINYAGA COUNTY
KE-25,KE,CONDADO DE KISII,KISII COUNTY,KISII,KISII COUNTY,KISII COUNTY
KE-26,KE,CONDADO DE KISUMU,KISUMU COUNTY,KISUMU,KISUMU COUNTY,KISUMU COUNTY
KE-27,KE,CONDADO DE KITUI,KITUI COUNTY,COMTÉ DE KITUI,KITUI COUNTY,KITUI COUNTY
KE-28,KE,CONDADO DE KWALE,KWALE COUNTY,KWALE,KWALE COUNTY,KWALE COUNTY
KE-29,KE,CONDADO DE LAIKIPIA,LAIKIPIA,LAIKIPIA,LAIKIPIA,LAIKIPIA
KE-30,KE,LAMU,LAMU,LAMU,LAMU,LAMU
KE-31,KE,CONDADO DE MACHAKOS,MACHAKOS COUNTY,COMTÉ DE MACHAKOS,MACHAKOS COUNTY,MACHAKOS COUNTY
KE-32,KE,CONDADO DE MAKUENI,MAKUENI COUNTY,MAKUENI,MAKUENI COUNTY,MAKUENI COUNTY
KE-33,KE,CONDADO DE MANDERA,MANDERA COUNTY,COMTÉ DE MANDERA,MANDERA COUNTY,MANDERA COUNTY
KE-34,KE,MARSABIT,MARSABIT COUNTY,MARSABIT,MARSABIT COUNTY,MARSABIT COUNTY
KE-35,KE,CONDADO DE MERU,MERU COUNTY,COMTÉ DE MERU,MERU COUNTY,MERU COUNTY
KE-36,KE,CONDADO DE MIGORI,MIGORI COUNTY,MIGORI,MIGORI COUNTY,MIGORI COUNTY
KE-37,KE,CONDADO DE MOMBASA,MOMBASA COUNTY,MOMBASA DISTRICT,MOMBASA COUNTY,MOMBASA COUNTY
KE-38,KE,MURANG'A,MURANG'A,MURANG'A,MURANG'A,MURANG'A
KE-39,KE,CONDADO DE NAKURU,NAKURU COUNTY,NAKURU,NAKURU COUNTY,NAKURU COUNTY
KE-40,KE,NANDI,NANDI,NANDI,NANDI,NANDI
KE-41,KE,CONDADO DE NAROK,NAROK COUNTY,COMTÉ DE NAROK,NAROK COUNTY,NAROK COUNTY
KE-42,KE,CONDADO DE NYAMIRA,NYAMIRA COUNTY,NYAMIRA,NYAMIRA COUNTY,NYAMIRA COUNTY
KE-43,KE,CONDADO DE NYANDARUA,NYANDARUA COUNTY,COMTÉ DE NYANDARUA,NYANDARUA COUNTY,NYANDARUA COUNTY
KE-44,KE,CONDADO DE NYERI,NYERI COUNTY,COMTÉ DE NYERI,NYERI COUNTY,NYERI COUNTY
KE-45,KE,CONDADO DE SAMBURU,SAMBURU COUNTY,COMTÉ DE SAMBURU,SAMBURU COUNTY,SAMBURU COUNTY
KE-46,KE,DISTRITO DE SIAYA,SIAYA COUNTY,SIAYA,SIAYA COUNTY,SIAYA COUNTY
KE-47,KE,TAITA TAVETA,TAITA TAVETA,TAITA TAVETA,TAITA TAVETA,TAITA TAVETA
KE-48,KE,CONDADO DEL RÍO TANA,TANA RIVER COUNTY,COMTÉ DE TANA RIVER,TANA RIVER COUNTY,TANA RIVER COUNTY
KE-49,KE,THARAKA - NITHI,THARAKA - NITHI,THARAKA - NITHI,THARAKA - NITHI,THARAKA - NITHI
KE-50,KE,TRANS NZOIA,TRANS NZOIA,TRANS NZOIA,TRANS NZOIA,TRANS NZOIA
KE-51,KE,CONDADO DE TURKANA,TURKANA COUNTY,TURKANA,TURKANA COUNTY,TURKANA COUNTY
KE-52,KE,CONDADO DE UASIN GISHU,UASIN GISHU COUNTY,COMTÉ DE UASIN GISHU,UASIN GISHU COUNTY,UASIN GISHU COUNTY
KE-53,KE,CONDADO DE VIHIGA,VIHIGA COUNTY,VIHIGA,VIHIGA COUNTY,VIHIGA COUNTY
KE-54,KE,CONDADO DE WAJIR,WAJIR COUNTY,COMTÉ DE WAJIR,WAJIR COUNTY,WAJIR COUNTY
KE-55,KE,CONDADO DE WEST POKOT,WEST POKOT COUNTY,WEST POKOT COUNTY,WEST POKOT COUNTY,WEST POKOT COUNTY
KI-01,KI,GILBERT ISLANDS,GILBERT ISLANDS,GILBERT ISLANDS,GILBERT ISLANDS,GILBERT ISLANDS
KI-02,KI,LINE ISLANDS,LINE ISLANDS,LINE ISLANDS,LINE ISLANDS,LINE ISLANDS
KI-03,KI,ISLAS FÉNIX,PHOENIX ISLANDS,ÎLES PHŒNIX,PHOENIX ISLANDS,PHOENIX ISLANDS
KM-01,KM,ANJOUAN,ANJOUAN,ÎLE AUTONOME D'ANJOUAN,ANJOUAN,ANJOUAN
KM-02,KM,GRAN COMORA,GRANDE COMORE,ÎLE AUTONOME DE GRANDE COMORE,GRANDE COMORE,GRANDE COMORE
KM-03,KM,MOHÉLI,MOHÉLI,ÎLE AUTONOME DE MOHÉLI,MOHÉLI,MOHÉLI
KN-01,KN,CHRIST CHURCH NICHOLA TOWN,CHRIST CHURCH NICHOLA TOWN,CHRIST CHURCH NICHOLA TOWN,CHRIST CHURCH NICHOLA TOWN,CHRIST CHURCH NICHOLA TOWN
KN-02,KN,SAINT ANNE SANDY POINT,SAINT ANNE SANDY POINT,SAINT-ANNE SANDY POINT,SAINT ANNE SANDY POINT,SAINT ANNE SANDY POINT
KN-03,KN,SAINT GEORGE BASSETERRE,SAINT GEORGE BASSETERRE,SAINT-GEORGE BASSETERRE,SAINT GEORGE BASSETERRE,SAINT GEORGE BASSETERRE
KN-04,KN,SAINT GEORGE GINGERLAND,SAINT GEORGE GINGERLAND,SAINT-GEORGE GINGERLAND,SAINT GEORGE GINGERLAND,SAINT GEORGE GINGERLAND
KN-05,KN,SAINT JAMES WINDWA,SAINT JAMES WINDWA,SAINT-JAMES WINDWARD,SAINT JAMES WINDWA,SAINT JAMES WINDWA
KN-06,KN,SAINT JOHN CAPESTERRE,SAINT JOHN CAPESTERRE,SAINT-JOHN CAPISTERRE,SAINT JOHN CAPESTERRE,SAINT JOHN CAPESTERRE
KN-07,KN,SAINT JOHN FIGTREE,SAINT JOHN FIGTREE,SAINT-JOHN FIGTREE,SAINT JOHN FIGTREE,SAINT JOHN FIGTREE
KN-08,KN,SAINT MARY CAYON,SAINT MARY CAYON,SAINT-MARY CAYON,SAINT MARY CAYON,SAINT MARY CAYON
KN-09,KN,SAINT PAUL CAPESTERRE,SAINT PAUL CAPESTERRE,SAINT-PAUL CAPISTERRE,SAINT PAUL CAPESTERRE,SAINT PAUL CAPESTERRE
KN-10,KN,SAINT PAUL CHARLESTOWN,SAINT PAUL CHARLESTOWN,SAINT-PAUL CHARLESTOWN,SAINT PAUL CHARLESTOWN,SAINT PAUL CHARLESTOWN
KN-11,KN,SAINT PETER BASSETERRE,SAINT PETER BASSETERRE,SAINT-PETER BASSETERRE,SAINT PETER BASSETERRE,SAINT PETER BASSETERRE
KN-12,KN,SAINT THOMAS LOWLAND,SAINT THOMAS LOWLAND,SAINT-THOMAS LOWLAND,SAINT THOMAS LOWLAND,SAINT THOMAS LOWLAND
KN-13,KN,MIDDLE ISLAND,SAINT THOMAS MIDDLE ISLAND PARISH,SAINT-THOMAS MIDDLE ISLAND,SAINT THOMAS MIDDLE ISLAND PARISH,SAINT THOMAS MIDDLE ISLAND PARISH
KN-15,KN,TRINITY PALMETTO POINT,TRINITY PALMETTO POINT,TRINITY PALMETTO POINT,TRINITY PALMETTO POINT,TRINITY PALMETTO POINT
KR-01,KR,JEJU-DO,JEJU-DO,JEJU-DO,JEJU-DO,JEJU-DO
KR-03,KR,JEOLLABUK-DO,JEOLLABUK-DO,JEOLLABUK-DO,JEOLLABUK-DO,JEOLLABUK-DO
KR-05,KR,NORTH CHUNGCHEONG,CHUNGCHEONGBUK-DO,NORTH CHUNGCHEONG,CHUNGCHEONGBUK-DO,CHUNGCHEONGBUK-DO
KR-06,KR,GANGWON-DO,GANGWON-DO,GANGWON-DO,GANGWON-DO,GANGWON-DO
KR-10,KR,BUSAN,BUSAN,BUSAN,BUSAN,BUSAN
KR-11,KR,SEOUL,SEOUL,SEOUL,SEOUL,SEOUL
KR-12,KR,INCHEON,INCHEON,INCHEON,INCHEON,INCHEON
KR-13,KR,GYEONGGI-DO,GYEONGGI-DO,GYEONGGI-DO,GYEONGGI-DO,GYEONGGI-DO
KR-14,KR,GYEONGSANGBUK-DO,GYEONGSANGBUK-DO,GYEONGSANGBUK-DO,GYEONGSANGBUK-DO,GYEONGSANGBUK-DO
KR-15,KR,DAEGU,DAEGU,DAEGU,DAEGU,DAEGU
KR-16,KR,JEOLLANAM-DO,JEOLLANAM-DO,JEOLLANAM-DO,JEOLLANAM-DO,JEOLLANAM-DO
KR-17,KR,CHUNGCHEONGNAM-DO,CHUNGCHEONGNAM-DO,CHUNGCHEONGNAM-DO,CHUNGCHEONGNAM-DO,CHUNGCHEONGNAM-DO
KR-18,KR,GWANGJU,GWANGJU,GWANGJU,GWANGJU,GWANGJU
KR-19,KR,DAEJEON,DAEJEON,DAEJEON,DAEJEON,DAEJEON
KR-20,KR,GYEONGSANGNAM-DO,GYEONGSANGNAM-DO,GYEONGSANGNAM-DO,GYEONGSANGNAM-DO,GYEONGSANGNAM-DO
KR-21,KR,ULSAN,ULSAN,ULSAN,ULSAN,ULSAN
KR-22,KR,SEJONG-SI,SEJONG,SEJONG-SI,SEJONG,SEJONG
LC-01,LC,ANSE-LA-RAYE,ANSE-LA-RAYE,ANSE-LA-RAYE,ANSE-LA-RAYE,ANSE-LA-RAYE
LC-03,LC,CASTRIES,CASTRIES,DISTRICT DE CASTRIES,CASTRIES,CASTRIES
LC-04,LC,DISTRITO DE CHOISEUL,CHOISEUL,DISTRICT DE CHOISEUL,CHOISEUL,CHOISEUL
LC-05,LC,DENNERY,DENNERY,DISTRICT DE DENNERY,DENNERY,DENNERY
LC-06,LC,GROS-ISLET,GROS-ISLET,GROS-ISLET,GROS-ISLET,GROS-ISLET
LC-07,LC,LABORIE,LABORIE,DISTRICT DE LABORIE,LABORIE,LABORIE
LC-08,LC,MICOUD,MICOUD,DISTRICT DE MICOUD,MICOUD,MICOUD
LC-09,LC,SOUFRIÈRE,SOUFRIÈRE,SOUFRIÈRE,SOUFRIÈRE,SOUFRIÈRE
LC-10,LC,VIEUX-FORT,VIEUX-FORT,VIEUX-FORT,VIEUX-FORT,VIEUX-FORT
LC-12,LC,CANARIES,CANARIES,CANARIES,CANARIES,CANARIES
LK-29,LK,PROVINCIA CENTRAL,CENTRAL PROVINCE,PROVINCE DU CENTRE,CENTRAL PROVINCE,CENTRAL PROVINCE
LK-30,LK,PROVINCIA CENTRAL DEL NORTE,NORTH CENTRAL PROVINCE,PROVINCE DU CENTRE-NORD,NORTH CENTRAL PROVINCE,NORTH CENTRAL PROVINCE
LK-32,LK,PROVINCIA NOROESTE,NORTH WESTERN PROVINCE,PROVINCE DU NORD-OUEST,NORTH WESTERN PROVINCE,NORTH WESTERN PROVINCE
LK-33,LK,SABARAGAMUWA,SABARAGAMUWA PROVINCE,SABARAGAMUWA,SABARAGAMUWA PROVINCE,SABARAGAMUWA PROVINCE
LK-34,LK,PROVINCIA SUR,SOUTHERN PROVINCE,PROVINCE DU SUD,SOUTHERN PROVINCE,SOUTHERN PROVINCE
LK-35,LK,PROVINCIA DE UVA,UVA PROVINCE,UVA,UVA PROVINCE,UVA PROVINCE
LK-36,LK,PROVINCIA OESTE,WESTERN PROVINCE,PROVINCE DE L'OUEST,WESTERN PROVINCE,WESTERN PROVINCE
LK-37,LK,PROVINCIA DEL ESTE,EASTERN PROVINCE,PROVINCE DE L'EST,EASTERN PROVINCE,EASTERN PROVINCE
LK-38,LK,PROVINCIA NORTE,NORTHERN PROVINCE,PROVINCE DU NORD,NORTHERN PROVINCE,NORTHERN PROVINCE
LR-01,LR,BONG,BONG COUNTY,BONG,BONG COUNTY,BONG COUNTY
LR-09,LR,NIMBA,NIMBA,NIMBA,NIMBA,NIMBA
LR-10,LR,SINOE,SINOE COUNTY,SINOE,SINOE COUNTY,SINOE COUNTY
LR-11,LR,GRAND BASSA,GRAND BASSA COUNTY,GRAND BASSA,GRAND BASSA COUNTY,GRAND BASSA COUNTY
LR-12,LR,GRAND CAPE MOUNT,GRAND CAPE MOUNT COUNTY,GRAND CAPE MOUNT,GRAND CAPE MOUNT COUNTY,GRAND CAPE MOUNT COUNTY
LR-13,LR,CONDADO DE MARYLAND,MARYLAND COUNTY,MARYLAND,MARYLAND COUNTY,MARYLAND COUNTY
LR-14,LR,CONDADO DE MONTSERRADO,MONTSERRADO COUNTY,MONTSERRADO,MONTSERRADO COUNTY,MONTSERRADO COUNTY
LR-15,LR,BOMI,BOMI COUNTY,BOMI,BOMI COUNTY,BOMI COUNTY
LR-16,LR,GRAND KRU,GRAND KRU COUNTY,GRAND KRU,GRAND KRU COUNTY,GRAND KRU COUNTY
LR-17,LR,MARGIBI,MARGIBI COUNTY,MARGIBI,MARGIBI COUNTY,MARGIBI COUNTY
LR-18,LR,CONDADO DE RIVERCESS,RIVER CESS COUNTY,RIVER CESS,RIVER CESS COUNTY,RIVER CESS COUNTY
LR-19,LR,GRAND GEDEH,GRAND GEDEH COUNTY,GRAND GEDEH,GRAND GEDEH COUNTY,GRAND GEDEH COUNTY
LR-20,LR,LOFA,LOFA COUNTY,LOFA,LOFA COUNTY,LOFA COUNTY
LR-21,LR,GBARPOLU,GBARPOLU COUNTY,GBARPOLU,GBARPOLU COUNTY,GBARPOLU COUNTY
LR-22,LR,RIVER GEE,RIVER GEE COUNTY,RIVER GEE,RIVER GEE COUNTY,RIVER GEE COUNTY
LU-CA,LU,CAPELLEN,CAPELLEN,CAPELLEN,CAPELLEN,CAPELLEN
LU-CL,LU,CLERVAUX,CLERVAUX,CLERVAUX,CLERVAUX,CLERVAUX
LU-DI,LU,DIEKIRCH,DIEKIRCH,DIEKIRCH,DIEKIRCH,DIEKIRCH
LU-EC,LU,ECHTERNACH,ECHTERNACH,CANTON D'ECHTERNACH,ECHTERNACH,ECHTERNACH
LU-ES,LU,ESCH-SUR-ALZETTE,ESCH-SUR-ALZETTE,ESCH-SUR-ALZETTE,ESCH-SUR-ALZETTE,ESCH-SUR-ALZETTE
LU-GR,LU,GREVENMACHER,GREVENMACHER,GREVENMACHER,GREVENMACHER,GREVENMACHER
LU-LU,LU,LUXEMBOURG,LUXEMBOURG,LUXEMBOURG CAMPAGNE,LUXEMBOURG,LUXEMBOURG
LU-ME,LU,MERSCH,MERSCH,MERSCH,MERSCH,MERSCH
LU-RD,LU,REDANGE,REDANGE,REDANGE,REDANGE,REDANGE
LU-RM,LU,REMICH,REMICH,REMICH,REMICH,REMICH
LU-VD,LU,VIANDEN,VIANDEN,VIANDEN,VIANDEN,VIANDEN
LU-WI,LU,WILTZ,WILTZ,WILTZ,WILTZ,WILTZ
MA-01,MA,TANGER-TETOUAN-AL HOCEIMA,TANGER-TETOUAN-AL HOCEIMA,TANGER-TETOUAN-AL HOCEIMA,TANGER-TETOUAN-AL HOCEIMA,TANGER-TETOUAN-AL HOCEIMA
MA-02,MA,ORIENTAL,ORIENTAL,ORIENTAL,ORIENTAL,ORIENTAL
MA-03,MA,FÈS-MEKNÈS,FÈS-MEKNÈS,FÈS-MEKNÈS,FÈS-MEKNÈS,FÈS-MEKNÈS
MA-04,MA,RABAT-SALÉ-KÉNITRA,RABAT-SALÉ-KÉNITRA,RABAT-SALÉ-KÉNITRA,RABAT-SALÉ-KÉNITRA,RABAT-SALÉ-KÉNITRA
MA-05,MA,BÉNI MELLAL-KHÉNIFRA,BÉNI MELLAL-KHÉNIFRA,BÉNI MELLAL-KHÉNIFRA,BÉNI MELLAL-KHÉNIFRA,BÉNI MELLAL-KHÉNIFRA
MA-06,MA,CASABLANCA-SETTAT,CASABLANCA-SETTAT,CASABLANCA-SETTAT,CASABLANCA-SETTAT,CASABLANCA-SETTAT
MA-07,MA,MARRAKESH-SAFI,MARRAKESH-SAFI,MARRAKESH-SAFI,MARRAKESH-SAFI,MARRAKESH-SAFI
MA-08,MA,DRÂA-TAFILALET,DRÂA-TAFILALET,DRÂA-TAFILALET,DRÂA-TAFILALET,DRÂA-TAFILALET
MA-09,MA,SOUSS-MASSA,SOUSS-MASSA,SOUSS-MASSA,SOUSS-MASSA,SOUSS-MASSA
MA-10,MA,GUELMIM-OUED NOUN,GUELMIM-OUED NOUN,GUELMIM-OUED NOUN,GUELMIM-OUED NOUN,GUELMIM-OUED NOUN
MA-11,MA,LAÂYOUNE-SAKIA EL HAMRA,LAÂYOUNE-SAKIA EL HAMRA,LAÂYOUNE-SAKIA EL HAMRA,LAÂYOUNE-SAKIA EL HAMRA,LAÂYOUNE-SAKIA EL HAMRA
MA-12,MA,DAKHLA-OUED ED-DAHAB,DAKHLA-OUED ED-DAHAB,DAKHLA-OUED ED-DAHAB,DAKHLA-OUED ED-DAHAB,DAKHLA-OUED ED-DAHAB
MC-00,MC,COMUNA DE MÓNACO,MUNICIPALITY OF MONACO,MONACO,MUNICIPALITY OF MONACO,MUNICIPALITY OF MONACO
MG-11,MG,ANALAMANGA,ANALAMANGA,ANALAMANGA,ANALAMANGA,ANALAMANGA
MG-12,MG,VAKINANKARATRA,VAKINANKARATRA,VAKINANKARATRA,VAKINANKARATRA,VAKINANKARATRA
MG-13,MG,ITASY,ITASY,ITASY,ITASY,ITASY
MG-14,MG,BONGOLAVA,BONGOLAVA,BONGOLAVA,BONGOLAVA,BONGOLAVA
MG-21,MG,UPPER MATSIATRA,UPPER MATSIATRA,UPPER MATSIATRA,UPPER MATSIATRA,UPPER MATSIATRA
MG-22,MG,AMORON'I MANIA,AMORON'I MANIA,AMORON'I MANIA,AMORON'I MANIA,AMORON'I MANIA
MG-24,MG,IHOROMBE,IHOROMBE,IHOROMBE,IHOROMBE,IHOROMBE
MG-25,MG,ATSIMO-ATSINANANA,ATSIMO-ATSINANANA,ATSIMO-ATSINANANA,ATSIMO-ATSINANANA,ATSIMO-ATSINANANA
MG-26,MG,FITOVINANY REGION,FITOVINANY REGION,FITOVINANY REGION,FITOVINANY REGION,FITOVINANY REGION
MG-27,MG,VATOVAVY REGION,VATOVAVY REGION,VATOVAVY REGION,VATOVAVY REGION,VATOVAVY REGION
MG-31,MG,ATSINANANA,ATSINANANA,ATSINANANA,ATSINANANA,ATSINANANA
MG-32,MG,ANALANJIROFO,ANALANJIROFO,ANALANJIROFO,ANALANJIROFO,ANALANJIROFO
MG-33,MG,ALAOTRA MANGORO,ALAOTRA MANGORO,ALAOTRA MANGORO,ALAOTRA MANGORO,ALAOTRA MANGORO
MG-41,MG,BOENY,BOENY,BOENY,BOENY,BOENY
MG-42,MG,SOFIA,SOFIA,SOFIA,SOFIA,SOFIA
MG-43,MG,BETSIBOKA,BETSIBOKA,BETSIBOKA,BETSIBOKA,BETSIBOKA
MG-44,MG,MELAKY,MELAKY,MELAKY,MELAKY,MELAKY
MG-51,MG,ATSIMO-ANDREFANA,ATSIMO-ANDREFANA,ATSIMO-ANDREFANA,ATSIMO-ANDREFANA,ATSIMO-ANDREFANA
MG-52,MG,ANDROY,ANDROY,ANDROY,ANDROY,ANDROY
MG-53,MG,ANOSY,ANOSY,ANOSY,ANOSY,ANOSY
MG-54,MG,MENABE,MENABE,MENABE,MENABE,MENABE
MG-71,MG,DIANA,DIANA,DIANA,DIANA,DIANA
MG-72,MG,SAVA,SAVA,SAVA,SAVA,SAVA
ML-01,ML,BAMAKO,BAMAKO,DISTRICT DE BAMAKO,BAMAKO,BAMAKO
ML-03,ML,KAYES,KAYES,KAYES,KAYES,KAYES
ML-04,ML,REGIÓN DE MOPTI,MOPTI,MOPTI,MOPTI,MOPTI
ML-05,ML,SEGÚ,SÉGOU,SÉGOU,SÉGOU,SÉGOU
ML-06,ML,SIKASSO,SIKASSO,SIKASSO,SIKASSO,SIKASSO
ML-07,ML,KULIKORÓ,KOULIKORO,KOULIKORO,KOULIKORO,KOULIKORO
ML-08,ML,TOMBOUCTOU,TOMBOUCTOU,TOMBOUCTOU,TOMBOUCTOU,TOMBOUCTOU
ML-09,ML,GAO,GAO,GAO,GAO,GAO
ML-10,ML,KIDAL,KIDAL,KIDAL,KIDAL,KIDAL
ML-12070575,ML,TAOUDÉNIT,TAOUDÉNIT,TAOUDÉNIT,TAOUDÉNIT,TAOUDÉNIT
ML-12070577,ML,MÉNAKA,MÉNAKA REGION,MÉNAKA,MÉNAKA REGION,MÉNAKA REGION
MT-01,MT,ATTARD,ATTARD,ATTARD,ATTARD,ATTARD
MT-02,MT,BALZAN,BALZAN,ĦAL BALZAN,BALZAN,BALZAN
MT-03,MT,IL-BIRGU,IL-BIRGU,IL-BIRGU,IL-BIRGU,IL-BIRGU
MT-04,MT,BIRKIRKARA,BIRKIRKARA,BIRKIRKARA,BIRKIRKARA,BIRKIRKARA
MT-05,MT,BIRŻEBBUĠA,BIRŻEBBUĠA,BIRŻEBBUĠA,BIRŻEBBUĠA,BIRŻEBBUĠA
MT-06,MT,BORMLA,BORMLA,BORMLA,BORMLA,BORMLA
MT-07,MT,DINGLI,DINGLI,DINGLI,DINGLI,DINGLI
MT-08,MT,IL-FGURA,IL-FGURA,IL-FGURA,IL-FGURA,IL-FGURA
MT-09,MT,FLORIANA,FLORIANA,FLORIANA,FLORIANA,FLORIANA
MT-10,MT,IL-FONTANA,IL-FONTANA,IL-FONTANA,IL-FONTANA,IL-FONTANA
MT-11,MT,GĦAJNSIELEM,GĦAJNSIELEM,GĦAJNSIELEM,GĦAJNSIELEM,GĦAJNSIELEM
MT-12,MT,L-GĦARB,L-GĦARB,L-GĦARB,L-GĦARB,L-GĦARB
MT-13,MT,ĦAL GĦARGĦUR,ĦAL GĦARGĦUR,ĦAL GĦARGĦUR,ĦAL GĦARGĦUR,ĦAL GĦARGĦUR
MT-14,MT,L-GĦASRI,L-GĦASRI,L-GĦASRI,L-GĦASRI,L-GĦASRI
MT-15,MT,ĦAL GĦAXAQ,ĦAL GĦAXAQ,ĦAL GĦAXAQ,ĦAL GĦAXAQ,ĦAL GĦAXAQ
MT-16,MT,IL-GUDJA,IL-GUDJA,IL-GUDJA,IL-GUDJA,IL-GUDJA
MT-17,MT,IL-GŻIRA,IL-GŻIRA,IL-GŻIRA,IL-GŻIRA,IL-GŻIRA
MT-18,MT,IL-ĦAMRUN,IL-ĦAMRUN,IL-ĦAMRUN,IL-ĦAMRUN,IL-ĦAMRUN
MT-19,MT,L-IKLIN,L-IKLIN,L-IKLIN,L-IKLIN,L-IKLIN
MT-20,MT,L-IMDINA,L-IMDINA,L-IMDINA,L-IMDINA,L-IMDINA
MT-21,MT,L-IMĠARR,L-IMĠARR,L-IMĠARR,L-IMĠARR,L-IMĠARR
MT-22,MT,L-IMQABBA,L-IMQABBA,L-IMQABBA,L-IMQABBA,L-IMQABBA
MT-23,MT,L-IMSIDA,L-IMSIDA,L-IMSIDA,L-IMSIDA,L-IMSIDA
MT-24,MT,MTARFA,MTARFA,MTARFA,MTARFA,MTARFA
MT-25,MT,SENGLEA,SENGLEA,SENGLEA,SENGLEA,SENGLEA
MT-26,MT,IL-KALKARA,IL-KALKARA,IL-KALKARA,IL-KALKARA,IL-KALKARA
MT-27,MT,TA’ KERĊEM,TA’ KERĊEM,TA’ KERĊEM,TA’ KERĊEM,TA’ KERĊEM
MT-28,MT,KIRKOP,KIRKOP,KIRKOP,KIRKOP,KIRKOP
MT-29,MT,LIJA,LIJA,LIJA,LIJA,LIJA
MT-30,MT,LUQA,LUQA,LUQA,LUQA,LUQA
MT-31,MT,IL-MARSA,IL-MARSA,IL-MARSA,IL-MARSA,IL-MARSA
MT-32,MT,MARSASKALA,MARSASKALA,MARSASKALA,MARSASKALA,MARSASKALA
MT-33,MT,MARSAXLOKK,MARSAXLOKK,MARSAXLOKK,MARSAXLOKK,MARSAXLOKK
MT-34,MT,IL-MELLIEĦA,IL-MELLIEĦA,IL-MELLIEĦA,IL-MELLIEĦA,IL-MELLIEĦA
MT-35,MT,IL-MOSTA,IL-MOSTA,IL-MOSTA,IL-MOSTA,IL-MOSTA
MT-36,MT,IL-MUNXAR,IL-MUNXAR,IL-MUNXAR,IL-MUNXAR,IL-MUNXAR
MT-37,MT,IN-NADUR,IN-NADUR,IN-NADUR,IN-NADUR,IN-NADUR
MT-38,MT,IN-NAXXAR,IN-NAXXAR,IN-NAXXAR,IN-NAXXAR,IN-NAXXAR
MT-39,MT,PAOLA,PAOLA,PAOLA,PAOLA,PAOLA
MT-40,MT,PEMBROKE,PEMBROKE,PEMBROKE,PEMBROKE,PEMBROKE
MT-41,MT,TAL-PIETÀ,TAL-PIETÀ,TAL-PIETÀ,TAL-PIETÀ,TAL-PIETÀ
MT-42,MT,IL-QALA,IL-QALA,IL-QALA,IL-QALA,IL-QALA
MT-43,MT,QORMI,QORMI,QORMI,QORMI,QORMI
MT-44,MT,IL-QRENDI,IL-QRENDI,IL-QRENDI,IL-QRENDI,IL-QRENDI
MT-45,MT,IR-RABAT,IR-RABAT,IR-RABAT,IR-RABAT,IR-RABAT
MT-46,MT,VICTORIA,VICTORIA,VICTORIA,VICTORIA,VICTORIA
MT-47,MT,SAFI,SAFI,SAFI,SAFI,SAFI
MT-48,MT,SAINT JOHN,SAINT JOHN,SAINT JOHN,SAINT JOHN,SAINT JOHN
MT-49,MT,SAINT JULIAN,SAINT JULIAN,SAINT JULIAN,SAINT JULIAN,SAINT JULIAN
MT-50,MT,SAINT LAWRENCE,SAINT LAWRENCE,SAINT LAWRENCE,SAINT LAWRENCE,SAINT LAWRENCE
MT-51,MT,SAINT LUCIA,SAINT LUCIA,SAINT LUCIA,SAINT LUCIA,SAINT LUCIA
MT-52,MT,SAINT PAUL’S BAY,SAINT PAUL’S BAY,SAINT PAUL’S BAY,SAINT PAUL’S BAY,SAINT PAUL’S BAY
MT-53,MT,SAINT VENERA,SAINT VENERA,SAINT VENERA,SAINT VENERA,SAINT VENERA
MT-54,MT,SANNAT,SANNAT,SANNAT,SANNAT,SANNAT
MT-55,MT,IS-SIĠĠIEWI,IS-SIĠĠIEWI,IS-SIĠĠIEWI,IS-SIĠĠIEWI,IS-SIĠĠIEWI
MT-56,MT,TAS-SLIEMA,TAS-SLIEMA,TAS-SLIEMA,TAS-SLIEMA,TAS-SLIEMA
MT-57,MT,IS-SWIEQI,IS-SWIEQI,IS-SWIEQI,IS-SWIEQI,IS-SWIEQI
MT-58,MT,TARXIEN,TARXIEN,TARXIEN,TARXIEN,TARXIEN
MT-59,MT,TA’ XBIEX,TA’ XBIEX,TA’ XBIEX,TA’ XBIEX,TA’ XBIEX
MT-60,MT,VALLETTA,VALLETTA,VALLETTA,VALLETTA,VALLETTA
MT-61,MT,IX-XAGĦRA,IX-XAGĦRA,IX-XAGĦRA,IX-XAGĦRA,IX-XAGĦRA
MT-62,MT,IX-XEWKIJA,IX-XEWKIJA,IX-XEWKIJA,IX-XEWKIJA,IX-XEWKIJA
MT-63,MT,IX-XGĦAJRA,IX-XGĦAJRA,IX-XGĦAJRA,IX-XGĦAJRA,IX-XGĦAJRA
MT-64,MT,ĦAŻ-ŻABBAR,ĦAŻ-ŻABBAR,ĦAŻ-ŻABBAR,ĦAŻ-ŻABBAR,ĦAŻ-ŻABBAR
MT-65,MT,ĦAŻ-ŻEBBUĠ,ĦAŻ-ŻEBBUĠ,ĦAŻ-ŻEBBUĠ,ĦAŻ-ŻEBBUĠ,ĦAŻ-ŻEBBUĠ
MT-66,MT,IŻ-ŻEBBUĠ,IŻ-ŻEBBUĠ,IŻ-ŻEBBUĠ,IŻ-ŻEBBUĠ,IŻ-ŻEBBUĠ
MT-67,MT,IŻ-ŻEJTUN,IŻ-ŻEJTUN,IŻ-ŻEJTUN,IŻ-ŻEJTUN,IŻ-ŻEJTUN
MT-68,MT,IŻ-ŻURRIEQ,IŻ-ŻURRIEQ,IŻ-ŻURRIEQ,IŻ-ŻURRIEQ,IŻ-ŻURRIEQ
MU-12,MU,BLACK RIVER,BLACK RIVER,BLACK RIVER,BLACK RIVER,BLACK RIVER
MU-13,MU,FLACQ,FLACQ,FLACQ,FLACQ,FLACQ
MU-14,MU,GRAND PORT,GRAND PORT,GRAND PORT,GRAND PORT,GRAND PORT
MU-15,MU,MOKA,MOKA,MOKA,MOKA,MOKA
MU-16,MU,PAMPLEMOUSSES,PAMPLEMOUSSES,PAMPLEMOUSSES,PAMPLEMOUSSES,PAMPLEMOUSSES
MU-17,MU,PLAINES WILHEMS,PLAINES WILHEMS,PLAINES WILHEMS,PLAINES WILHEMS,PLAINES WILHEMS
MU-18,MU,PORT LOUIS,PORT LOUIS,PORT LOUIS,PORT LOUIS,PORT LOUIS
MU-19,MU,RIVIÈRE DU REMPART,RIVIÈRE DU REMPART,RIVIÈRE DU REMPART,RIVIÈRE DU REMPART,RIVIÈRE DU REMPART
MU-20,MU,SAVANNE,SAVANNE,SAVANNE,SAVANNE,SAVANNE
MU-21,MU,AGALEGA ISLANDS,AGALEGA ISLANDS,ÎLES AGALÉGA,AGALEGA ISLANDS,AGALEGA ISLANDS
MU-22,MU,CARGADOS CARAJOS,CARGADOS CARAJOS,ÉCUEILS DES CARGADOS CARAJOS,CARGADOS CARAJOS,CARGADOS CARAJOS
MU-23,MU,RODRIGUES,RODRIGUES,RODRIGUES,RODRIGUES,RODRIGUES
MW-C,MW,REGIÓN CENTRAL,CENTRAL REGION,MALAWI CENTRAL,CENTRAL REGION,CENTRAL REGION
MW-N,MW,REGIÓN DEL NORTE,NORTHERN REGION,RÉGION NORD,NORTHERN REGION,NORTHERN REGION
MW-S,MW,REGIÓN DEL SUR,SOUTHERN REGION,SUD,SOUTHERN REGION,SOUTHERN REGION
MX-01,MX,ESTADO DE AGUASCALIENTES,AGUASCALIENTES,AGUASCALIENTES,AGUASCALIENTES,AGUASCALIENTES
MX-02,MX,ESTADO DE BAJA CALIFORNIA,BAJA CALIFORNIA,BASSE-CALIFORNIE DU NORD,BAJA CALIFORNIA,BAJA CALIFORNIA
MX-03,MX,ESTADO DE BAJA CALIFORNIA SUR,BAJA CALIFORNIA SUR,BASSE-CALIFORNIE DU SUD,BAJA CALIFORNIA SUR,BAJA CALIFORNIA SUR
MX-04,MX,ESTADO DE CAMPECHE,CAMPECHE,CAMPECHE,CAMPECHE,CAMPECHE
MX-05,MX,ESTADO DE CHIAPAS,CHIAPAS,CHIAPAS,CHIAPAS,CHIAPAS
MX-06,MX,CHIHUAHUA,CHIHUAHUA,CHIHUAHUA,CHIHUAHUA,CHIHUAHUA
MX-07,MX,COAHUILA DE ZARAGOZA,COAHUILA,COAHUILA,COAHUILA,COAHUILA
MX-08,MX,ESTADO DE COLIMA,COLIMA,COLIMA,COLIMA,COLIMA
MX-09,MX,CIUDAD DE MÉXICO,MEXICO CITY,MEXICO,MEXICO CITY,MEXICO CITY
MX-10,MX,ESTADO DE DURANGO,DURANGO,DURANGO,DURANGO,DURANGO
MX-11,MX,ESTADO DE GUANAJUATO,GUANAJUATO,ÉTAT DE GUANAJUATO,GUANAJUATO,GUANAJUATO
MX-12,MX,ESTADO DE GUERRERO,GUERRERO,GUERRERO,GUERRERO,GUERRERO
MX-13,MX,ESTADO DE HIDALGO,HIDALGO,HIDALGO,HIDALGO,HIDALGO
MX-14,MX,ESTADO DE JALISCO,JALISCO,JALISCO,JALISCO,JALISCO
MX-15,MX,ESTADO DE MÉXICO,STATE OF MEXICO,ÉTAT DE MEXICO,STATE OF MEXICO,STATE OF MEXICO
MX-16,MX,ESTADO DE MICHOACÁN DE OCAMPO,MICHOACÁN,MICHOACÁN,MICHOACÁN,MICHOACÁN
MX-17,MX,ESTADO DE MORELOS,MORELOS,MORELOS,MORELOS,MORELOS
MX-18,MX,ESTADO DE NAYARIT,NAYARIT,NAYARIT,NAYARIT,NAYARIT
MX-19,MX,ESTADO DE NUEVO LEÓN,NUEVO LEÓN,NUEVO LEÓN,NUEVO LEÓN,NUEVO LEÓN
MX-20,MX,ESTADO DE OAXACA,OAXACA,OAXACA,OAXACA,OAXACA
MX-21,MX,ESTADO DE PUEBLA,PUEBLA,PUEBLA,PUEBLA,PUEBLA
MX-22,MX,QUERÉTARO,QUERÉTARO,QUERÉTARO,QUERÉTARO,QUERÉTARO
MX-23,MX,ESTADO DE QUINTANA ROO,QUINTANA ROO,QUINTANA ROO,QUINTANA ROO,QUINTANA ROO
MX-24,MX,ESTADO DE SAN LUIS POTOSÍ,SAN LUIS POTOSÍ,SAN LUIS POTOSÍ,SAN LUIS POTOSÍ,SAN LUIS POTOSÍ
MX-25,MX,ESTADO DE SINALOA,SINALOA,SINALOA,SINALOA,SINALOA
MX-26,MX,ESTADO DE SONORA,SONORA,SONORA,SONORA,SONORA
MX-27,MX,ESTADO DE TABASCO,TABASCO,TABASCO,TABASCO,TABASCO
MX-28,MX,TAMAULIPAS,TAMAULIPAS,TAMAULIPAS,TAMAULIPAS,TAMAULIPAS
MX-29,MX,TLAXCALA,TLAXCALA,TLAXCALA,TLAXCALA,TLAXCALA
MX-30,MX,ESTADO DE VERACRUZ-LLAVE,VERACRUZ,VERACRUZ,VERACRUZ,VERACRUZ
MX-31,MX,YUCATÁN,YUCATÁN,YUCATÁN,YUCATÁN,YUCATÁN
MX-32,MX,ESTADO DE ZACATECAS,ZACATECAS,ZACATECAS,ZACATECAS,ZACATECAS
MY-01,MY,JOHOR,JOHOR,JOHOR,JOHOR,JOHOR
MY-02,MY,KEDAH,KEDAH,KEDAH,KEDAH,KEDAH
MY-03,MY,KELANTAN,KELANTAN,KELANTAN,KELANTAN,KELANTAN
MY-04,MY,MELAKA,MELAKA,MELAKA,MELAKA,MELAKA
MY-05,MY,NEGERI SEMBILAN,NEGERI SEMBILAN,NEGERI SEMBILAN,NEGERI SEMBILAN,NEGERI SEMBILAN
MY-06,MY,PAHANG,PAHANG,PAHANG,PAHANG,PAHANG
MY-07,MY,PERAK,PERAK,PERAK,PERAK,PERAK
MY-08,MY,PERLIS,PERLIS,PERLIS,PERLIS,PERLIS
MY-09,MY,PENANG,PENANG,PENANG,PENANG,PENANG
MY-11,MY,SARAWAK,SARAWAK,SARAWAK,SARAWAK,SARAWAK
MY-12,MY,SELANGOR,SELANGOR,SELANGOR,SELANGOR,SELANGOR
MY-13,MY,TERENGGANU,TERENGGANU,TERENGGANU,TERENGGANU,TERENGGANU
MY-14,MY,KUALA LUMPUR,KUALA LUMPUR,KUALA LUMPUR,KUALA LUMPUR,KUALA LUMPUR
MY-15,MY,LABUAN,FEDERAL TERRITORY OF LABUAN,LABUAN,FEDERAL TERRITORY OF LABUAN,FEDERAL TERRITORY OF LABUAN
MY-16,MY,SABAH,SABAH,SABAH,SABAH,SABAH
MY-17,MY,PUTRAJAYA,PUTRAJAYA,PUTRAJAYA,PUTRAJAYA,PUTRAJAYA
NA-21,NA,KHOMAS,KHOMAS REGION,KHOMAS,KHOMAS REGION,KHOMAS REGION
NA-28,NA,CAPRIVI,ZAMBEZI REGION,ZAMBEZI,ZAMBEZI REGION,ZAMBEZI REGION
NA-29,NA,ERONGO,ERONGO REGION,ERONGO,ERONGO REGION,ERONGO REGION
NA-30,NA,HARDAP,HARDAP REGION,HARDAP,HARDAP REGION,HARDAP REGION
NA-31,NA,KARAS,KARAS REGION,ǁKARAS,KARAS REGION,KARAS REGION
NA-32,NA,KUNENE,KUNENE REGION,KUNENE,KUNENE REGION,KUNENE REGION
NA-33,NA,OHANGWENA,OHANGWENA REGION,OHANGWENA,OHANGWENA REGION,OHANGWENA REGION
NA-35,NA,OMAHEKE,OMAHEKE REGION,OMAHEKE,OMAHEKE REGION,OMAHEKE REGION
NA-36,NA,OMUSATI,OMUSATI REGION,OMUSATI,OMUSATI REGION,OMUSATI REGION
NA-37,NA,OSHANA,OSHANA REGION,OSHANA,OSHANA REGION,OSHANA REGION
NA-38,NA,OSHIKOTO,OSHIKOTO REGION,OSHIKOTO,OSHIKOTO REGION,OSHIKOTO REGION
NA-39,NA,OTJOZONDJUPA,OTJOZONDJUPA REGION,OTJOZONDJUPA,OTJOZONDJUPA REGION,OTJOZONDJUPA REGION
NA-40,NA,KAVANGO DEL ESTE,KAVANGO EAST,KAVANGO EAST,KAVANGO EAST,KAVANGO EAST
NA-41,NA,KAVANGO DEL OESTE,KAVANGO WEST,KAVANGO WEST,KAVANGO WEST,KAVANGO WEST
NE-01,NE,REGIÓN DE AGADEZ,AGADEZ,AGADEZ,AGADEZ,AGADEZ
NE-02,NE,REGIÓN DE DIFFA,DIFFA,DIFFA,DIFFA,DIFFA
NE-03,NE,REGIÓN DE DOSSO,DOSSO REGION,DOSSO,DOSSO REGION,DOSSO REGION
NE-04,NE,REGIÓN DE MARADI,MARADI REGION,MARADI,MARADI REGION,MARADI REGION
NE-06,NE,REGIÓN DE TAHOUA,TAHOUA REGION,TAHOUA,TAHOUA REGION,TAHOUA REGION
NE-07,NE,REGIÓN DE ZINDER,ZINDER REGION,ZINDER,ZINDER REGION,ZINDER REGION
NE-08,NE,NIAMEY,NIAMEY,RÉGION DE NIAMEY,NIAMEY,NIAMEY
NE-09,NE,REGIÓN DE TILLABÉRI,TILLABÉRI REGION,TILLABÉRI,TILLABÉRI REGION,TILLABÉRI REGION
NG-05,NG,ESTADO DE LAGOS,LAGOS,LAGOS,LAGOS,LAGOS
NG-11,NG,TERRITORIO DE LA CAPITAL FEDERAL,FCT,TERRITOIRE DE LA CAPITALE FÉDÉRALE DU NIGERIA,FCT,FCT
NG-16,NG,OGUN,OGUN STATE,OGUN,OGUN STATE,OGUN STATE
NG-21,NG,AKWA IBOM,AKWA IBOM STATE,AKWA IBOM,AKWA IBOM STATE,AKWA IBOM STATE
NG-22,NG,CROSS RIVER,CROSS RIVER STATE,CROSS RIVER,CROSS RIVER STATE,CROSS RIVER STATE
NG-23,NG,KADUNA,KADUNA STATE,KADUNA,KADUNA STATE,KADUNA STATE
NG-24,NG,KATSINA,KATSINA STATE,KATSINA,KATSINA STATE,KATSINA STATE
NG-25,NG,ANAMBRA,ANAMBRA STATE,ANAMBRA,ANAMBRA STATE,ANAMBRA STATE
NG-26,NG,BENUE,BENUE STATE,BENUE,BENUE STATE,BENUE STATE
NG-27,NG,BORNO,BORNO STATE,BORNO,BORNO STATE,BORNO STATE
NG-28,NG,IMO,IMO STATE,IMO,IMO STATE,IMO STATE
NG-29,NG,ESTADO DE KANO,KANO STATE,KANO,KANO STATE,KANO STATE
NG-30,NG,KWARA,KWARA STATE,KWARA,KWARA STATE,KWARA STATE
NG-31,NG,NÍGER,NIGER STATE,NIGER,NIGER STATE,NIGER STATE
NG-32,NG,OYO,OYO STATE,OYO,OYO STATE,OYO STATE
NG-35,NG,ADAMAWA,ADAMAWA,ADAMAWA,ADAMAWA,ADAMAWA
NG-36,NG,DELTA,DELTA,DELTA,DELTA,DELTA
NG-37,NG,EDO,EDO STATE,EDO,EDO STATE,EDO STATE
NG-39,NG,JIGAWA,JIGAWA STATE,JIGAWA,JIGAWA STATE,JIGAWA STATE
NG-40,NG,KEBBI,KEBBI,KEBBI,KEBBI,KEBBI
NG-41,NG,KOGI,KOGI STATE,KOGI,KOGI STATE,KOGI STATE
NG-42,NG,OSUN,OSUN STATE,OSUN,OSUN STATE,OSUN STATE
NG-43,NG,TARABA,TARABA STATE,TARABA,TARABA STATE,TARABA STATE
NG-44,NG,YOBE,YOBE STATE,YOBE,YOBE STATE,YOBE STATE
NG-45,NG,ABIA,ABIA STATE,ABIA,ABIA STATE,ABIA STATE
NG-46,NG,BAUCHI,BAUCHI,BAUCHI,BAUCHI,BAUCHI
NG-47,NG,ENUGU,ENUGU STATE,ENUGU,ENUGU STATE,ENUGU STATE
NG-48,NG,ONDO,ONDO STATE,ONDO,ONDO STATE,ONDO STATE
NG-49,NG,PLATEAU,PLATEAU STATE,PLATEAU,PLATEAU STATE,PLATEAU STATE
NG-50,NG,RIVERS,RIVERS STATE,RIVERS,RIVERS STATE,RIVERS STATE
NG-51,NG,SOKOTO,SOKOTO,SOKOTO,SOKOTO,SOKOTO
NG-52,NG,BAYELSA,BAYELSA STATE,BAYELSA,BAYELSA STATE,BAYELSA STATE
NG-53,NG,EBONYI,EBONYI STATE,EBONYI,EBONYI STATE,EBONYI STATE
NG-54,NG,EKITI,EKITI STATE,EKITI,EKITI STATE,EKITI STATE
NG-55,NG,GOMBE,GOMBE STATE,GOMBE,GOMBE STATE,GOMBE STATE
NG-56,NG,NASARAWA,NASARAWA STATE,NASSARAWA,NASARAWA STATE,NASARAWA STATE
NG-57,NG,ZAMFARA,ZAMFARA STATE,ZAMFARA,ZAMFARA STATE,ZAMFARA STATE
NI-01,NI,DEPARTAMENTO DE BOACO,BOACO DEPARTMENT,BOACO,BOACO DEPARTMENT,BOACO DEPARTMENT
NI-02,NI,DEPARTAMENTO DE CARAZO,CARAZO DEPARTMENT,CARAZO,CARAZO DEPARTMENT,CARAZO DEPARTMENT
NI-03,NI,DEPARTAMENTO DE CHINANDEGA,CHINANDEGA DEPARTMENT,CHINANDEGA,CHINANDEGA DEPARTMENT,CHINANDEGA DEPARTMENT
NI-04,NI,DEPARTAMENTO DE CHONTALES,CHONTALES DEPARTMENT,CHONTALES,CHONTALES DEPARTMENT,CHONTALES DEPARTMENT
NI-05,NI,DEPARTAMENTO DE ESTELÍ,ESTELÍ DEPARTMENT,ESTELÍ,ESTELÍ DEPARTMENT,ESTELÍ DEPARTMENT
NI-06,NI,DEPARTAMENTO DE GRANADA,GRANADA DEPARTMENT,GRANADA,GRANADA DEPARTMENT,GRANADA DEPARTMENT
NI-07,NI,DEPARTAMENTO DE JINOTEGA,JINOTEGA DEPARTMENT,JINOTEGA,JINOTEGA DEPARTMENT,JINOTEGA DEPARTMENT
NI-08,NI,DEPARTAMENTO DE LEÓN,LEÓN DEPARTMENT,LEÓN,LEÓN DEPARTMENT,LEÓN DEPARTMENT
NI-09,NI,DEPARTAMENTO DE MADRIZ,MADRIZ DEPARTMENT,MADRIZ,MADRIZ DEPARTMENT,MADRIZ DEPARTMENT
NI-10,NI,MANAGUA DEPARTMENT,MANAGUA DEPARTMENT,MANAGUA DEPARTMENT,MANAGUA DEPARTMENT,MANAGUA DEPARTMENT
NI-11,NI,DEPARTAMENTO DE MASAYA,MASAYA DEPARTMENT,DÉPARTEMENT DE MASAYA,MASAYA DEPARTMENT,MASAYA DEPARTMENT
NI-12,NI,DEPARTAMENTO DE MATAGALPA,MATAGALPA DEPARTMENT,MATAGALPA,MATAGALPA DEPARTMENT,MATAGALPA DEPARTMENT
NI-13,NI,DEPARTAMENTO DE NUEVA SEGOVIA,NUEVA SEGOVIA DEPARTMENT,NUEVA SEGOVIA,NUEVA SEGOVIA DEPARTMENT,NUEVA SEGOVIA DEPARTMENT
NI-14,NI,DEPARTAMENTO DE RÍO SAN JUAN,RÍO SAN JUAN DEPARTMENT,RÍO SAN JUAN,RÍO SAN JUAN DEPARTMENT,RÍO SAN JUAN DEPARTMENT
NI-15,NI,DEPARTAMENTO DE RIVAS,RIVAS DEPARTMENT,RIVAS,RIVAS DEPARTMENT,RIVAS DEPARTMENT
NI-17,NI,REGIÓN AUTÓNOMA ATLÁNTICO NORTE,NORTH CARIBBEAN COAST AUTONOMOUS REGION,ATLÁNTICO NORTE,NORTH CARIBBEAN COAST AUTONOMOUS REGION,NORTH CARIBBEAN COAST AUTONOMOUS REGION
NI-18,NI,REGIÓN AUTÓNOMA DE LA COSTA CARIBE SUR,SOUTH CARIBBEAN COAST AUTONOMOUS REGION,ATLÁNTICO SUR,SOUTH CARIBBEAN COAST AUTONOMOUS REGION,SOUTH CARIBBEAN COAST AUTONOMOUS REGION
NL-01,NL,DRENTE,DRENTHE,DRENTHE,DRENTHE,DRENTHE
NL-02,NL,FRISIA,FRIESLAND,FRISE,FRIESLAND,FRIESLAND
NL-03,NL,GÜELDRES,GUELDERS,GUELDRE,GUELDERS,GUELDERS
NL-04,NL,PROVINCIA DE GRONINGA,PROVINCE OF GRONINGEN,LA PROVINCE DE GRONINGUE,PROVINCE OF GRONINGEN,PROVINCE OF GRONINGEN
NL-05,NL,LIMBURGO,LIMBURG,LIMBOURG,LIMBURG,LIMBURG
NL-06,NL,BRABANTE SEPTENTRIONAL,NORTH BRABANT,BRABANT-SEPTENTRIONAL,NORTH BRABANT,NORTH BRABANT
NL-07,NL,HOLANDA SEPTENTRIONAL,NORTH HOLLAND,HOLLANDE-SEPTENTRIONALE,NORTH HOLLAND,NORTH HOLLAND
NL-09,NL,UTRECHT,UTRECHT,UTRECHT,UTRECHT,UTRECHT
NL-10,NL,ZELANDA,ZEELAND,ZÉLANDE,ZEELAND,ZEELAND
NL-11,NL,HOLANDA MERIDIONAL,SOUTH HOLLAND,HOLLANDE-MÉRIDIONALE,SOUTH HOLLAND,SOUTH HOLLAND
NL-15,NL,OVERIJSSEL,OVERIJSSEL,OVERIJSSEL,OVERIJSSEL,OVERIJSSEL
NL-16,NL,FLEVOLANDA,FLEVOLAND,FLEVOLAND,FLEVOLAND,FLEVOLAND
NO-01,NO,AKERSHUS,AKERSHUS,AKERSHUS,AKERSHUS,AKERSHUS
NO-04,NO,BUSKERUD,BUSKERUD,BUSKERUD,BUSKERUD,BUSKERUD
NO-05,NO,FINNMARK,FINNMARK,FINNMARK,FINNMARK,FINNMARK
NO-08,NO,MØRE OG ROMSDAL,MØRE OG ROMSDAL,MØRE OG ROMSDAL,MØRE OG ROMSDAL,MØRE OG ROMSDAL
NO-09,NO,NORDLAND,NORDLAND,NORDLAND,NORDLAND,NORDLAND
NO-12,NO,OSLO,OSLO,OSLO,OSLO,OSLO
NO-13,NO,ØSTFOLD,ØSTFOLD,ØSTFOLD,ØSTFOLD,ØSTFOLD
NO-14,NO,ROGALAND,ROGALAND,ROGALAND,ROGALAND,ROGALAND
NO-17,NO,TELEMARK,TELEMARK,TELEMARK,TELEMARK,TELEMARK
NO-18,NO,TROMS,TROMS,TROMS,TROMS,TROMS
NO-20,NO,VESTFOLD,VESTFOLD,VESTFOLD,VESTFOLD,VESTFOLD
NO-21,NO,TRØNDELAG,TRØNDELAG,TRØNDELAG,TRØNDELAG,TRØNDELAG
NO-34,NO,INNLANDET,INNLANDET,INNLANDET,INNLANDET,INNLANDET
NO-42,NO,AGDER,AGDER,AGDER,AGDER,AGDER
NO-46,NO,VESTLAND,VESTLAND,VESTLAND,VESTLAND,VESTLAND
NZ-10,NZ,CHATHAM ISLANDS,CHATHAM ISLANDS,CHATHAM ISLANDS,CHATHAM ISLANDS,CHATHAM ISLANDS
NZ-E7,NZ,REGIÓN DE AUCKLAND,AUCKLAND,AUCKLAND,AUCKLAND,AUCKLAND
NZ-E8,NZ,BAY OF PLENTY,BAY OF PLENTY REGION,BAIE DE L'ABONDANCE,BAY OF PLENTY REGION,BAY OF PLENTY REGION
NZ-E9,NZ,CANTERBURY,CANTERBURY REGION,CANTERBURY,CANTERBURY REGION,CANTERBURY REGION
NZ-F1,NZ,GISBORNE,GISBORNE,GISBORNE,GISBORNE,GISBORNE
NZ-F2,NZ,HAWKE'S BAY,HAWKE'S BAY REGION,HAWKE'S BAY,HAWKE'S BAY REGION,HAWKE'S BAY REGION
NZ-F3,NZ,MANAWATU-WANGANUI,MANAWATU-WANGANUI,MANAWATU-WANGANUI,MANAWATU-WANGANUI,MANAWATU-WANGANUI
NZ-F4,NZ,MARLBOROUGH,MARLBOROUGH,MARLBOROUGH,MARLBOROUGH,MARLBOROUGH
NZ-F5,NZ,NELSON REGION,NELSON REGION,NELSON,NELSON REGION,NELSON REGION
NZ-F6,NZ,NORTHLAND,NORTHLAND REGION,NORTHLAND,NORTHLAND REGION,NORTHLAND REGION
NZ-F7,NZ,OTAGO,OTAGO,OTAGO,OTAGO,OTAGO
NZ-F8,NZ,SOUTHLAND,SOUTHLAND,SOUTHLAND,SOUTHLAND,SOUTHLAND
NZ-F9,NZ,TARANAKI,TARANAKI REGION,TARANAKI,TARANAKI REGION,TARANAKI REGION
NZ-G1,NZ,WAIKATO,WAIKATO REGION,WAIKATO,WAIKATO REGION,WAIKATO REGION
NZ-G2,NZ,REGIÓN DE WELLINGTON,WELLINGTON REGION,WELLINGTON,WELLINGTON REGION,WELLINGTON REGION
NZ-G3,NZ,WEST COAST,WEST COAST,WEST COAST,WEST COAST,WEST COAST
NZ-TAS,NZ,TASMAN,TASMAN DISTRICT,TASMAN,TASMAN DISTRICT,TASMAN DISTRICT
PA-01,PA,PROVINCIA DE BOCAS DEL TORO,BOCAS DEL TORO PROVINCE,BOCAS DEL TORO,BOCAS DEL TORO PROVINCE,BOCAS DEL TORO PROVINCE
PA-02,PA,PROVINCIA DE CHIRIQUÍ,CHIRIQUÍ PROVINCE,CHIRIQUÍ,CHIRIQUÍ PROVINCE,CHIRIQUÍ PROVINCE
PA-03,PA,COCLÉ,COCLÉ,COCLÉ,COCLÉ,COCLÉ
PA-04,PA,COLÓN,COLÓN,COLÓN,COLÓN,COLÓN
PA-05,PA,DARIÉN,DARIÉN,DARIÉN,DARIÉN,DARIÉN
PA-06,PA,PROVINCIA DE HERRERA,HERRERA PROVINCE,HERRERA,HERRERA PROVINCE,HERRERA PROVINCE
PA-07,PA,PROVINCIA DE LOS SANTOS,LOS SANTOS PROVINCE,LOS SANTOS,LOS SANTOS PROVINCE,LOS SANTOS PROVINCE
PA-08,PA,PANAMÁ,PANAMÁ,PANAMÁ,PANAMÁ,PANAMÁ
PA-09,PA,CIRCUNSCRIPCIÓN DE SAN BLAS,SAN BLAS,GUNA YALA,SAN BLAS,SAN BLAS
PA-10,PA,PROVINCIA DE VERAGUAS,VERAGUAS PROVINCE,VERAGUAS,VERAGUAS PROVINCE,VERAGUAS PROVINCE
PA-11,PA,EMBERÁ,EMBERÁ,EMBERÁ,EMBERÁ,EMBERÁ
PA-12,PA,COMARCA NGÄBE-BUGLÉ,NGÖBE-BUGLÉ COMARCA,NGÖBE-BUGLÉ,NGÖBE-BUGLÉ COMARCA,NGÖBE-BUGLÉ COMARCA
PA-13,PA,PANAMÁ OESTE,PANAMÁ OESTE PROVINCE,PANAMÁ OESTE PROVINCE,PANAMÁ OESTE PROVINCE,PANAMÁ OESTE PROVINCE
PA-NT,PA,NASO TJËR DI,NASO TJËR DI,NASO TJËR DI,NASO TJËR DI,NASO TJËR DI
PE-01,PE,DEPARTAMENTO DE AMAZONAS,AMAZONAS,AMAZONAS,AMAZONAS,AMAZONAS
PE-02,PE,ANCASH,ANCASH,ANCASH,ANCASH,ANCASH
PE-03,PE,APURÍMAC,APURÍMAC DEPARTMENT,APURÍMAC,APURÍMAC DEPARTMENT,APURÍMAC DEPARTMENT
PE-04,PE,DEPARTAMENTO DE AREQUIPA,AREQUIPA,AREQUIPA,AREQUIPA,AREQUIPA
PE-05,PE,DEPARTAMENTO DE AYACUCHO,AYACUCHO,AYACUCHO,AYACUCHO,AYACUCHO
PE-06,PE,DEPARTAMENTO DE CAJAMARCA,CAJAMARCA DEPARTMENT,CAJAMARCA,CAJAMARCA DEPARTMENT,CAJAMARCA DEPARTMENT
PE-07,PE,CALLAO,CALLAO,CALLAO,CALLAO,CALLAO
PE-08,PE,DEPARTAMENTO DE CUSCO,CUZCO DEPARTMENT,CUZCO,CUZCO DEPARTMENT,CUZCO DEPARTMENT
PE-09,PE,DEPARTAMENTO DE HUANCAVELICA,HUANCAVELICA,HUANCAVELICA,HUANCAVELICA,HUANCAVELICA
PE-10,PE,DEPARTAMENTO DE HUÁNUCO,HUÁNUCO DEPARTMENT,HUÁNUCO,HUÁNUCO DEPARTMENT,HUÁNUCO DEPARTMENT
PE-11,PE,DEPARTAMENTO DE ICA,ICA,ICA,ICA,ICA
PE-12,PE,DEPARTAMENTO DE JUNÍN,JUNÍN REGION,JUNÍN,JUNÍN REGION,JUNÍN REGION
PE-13,PE,DEPARTAMENTO DE LA LIBERTAD,LA LIBERTAD,LA LIBERTAD,LA LIBERTAD,LA LIBERTAD
PE-14,PE,DEPARTAMENTO DE LAMBAYEQUE,LAMBAYEQUE,LAMBAYEQUE,LAMBAYEQUE,LAMBAYEQUE
PE-15,PE,DEPARTAMENTO DE LIMA,LIMA REGION,LIMA,LIMA REGION,LIMA REGION
PE-16,PE,DEPARTAMENTO DE LORETO,LORETO,LORETO,LORETO,LORETO
PE-17,PE,DEPARTAMENTO DE MADRE DE DIOS,MADRE DE DIOS,MADRE DE DIOS,MADRE DE DIOS,MADRE DE DIOS
PE-18,PE,DEPARTAMENTO DE MOQUEGUA,MOQUEGUA DEPARTMENT,MOQUEGUA,MOQUEGUA DEPARTMENT,MOQUEGUA DEPARTMENT
PE-19,PE,DEPARTAMENTO DE PASCO,PASCO REGION,PASCO,PASCO REGION,PASCO REGION
PE-20,PE,DEPARTAMENTO DE PIURA,PIURA,PIURA,PIURA,PIURA
PE-21,PE,PUNO,PUNO,RÉGION DE PUNO,PUNO,PUNO
PE-22,PE,DEPARTAMENTO DE SAN MARTÍN,SAN MARTÍN DEPARTMENT,SAN MARTÍN,SAN MARTÍN DEPARTMENT,SAN MARTÍN DEPARTMENT
PE-23,PE,DEPARTAMENTO DE TACNA,TACNA,TACNA,TACNA,TACNA
PE-24,PE,DEPARTAMENTO DE TUMBES,TUMBES,TUMBES,TUMBES,TUMBES
PE-25,PE,UCAYALI,UCAYALI,RÉGION DUCAYALI,UCAYALI,UCAYALI
PE-LMA,PE,PROVINCIA DE LIMA,LIMA PROVINCE,PROVINCE DE LIMA,LIMA PROVINCE,LIMA PROVINCE
PG-01,PG,PROVINCIA CENTRAL,CENTRAL PROVINCE,PROVINCE CENTRALE,CENTRAL PROVINCE,CENTRAL PROVINCE
PG-02,PG,PROVINCIA DEL GOLFO,GULF PROVINCE,GOLFE,GULF PROVINCE,GULF PROVINCE
PG-03,PG,PROVINCIA DE MILNE BAY,MILNE BAY PROVINCE,BAIE DE MILNE,MILNE BAY PROVINCE,MILNE BAY PROVINCE
PG-04,PG,PROVINCIA DE ORO,ORO PROVINCE,PROVINCE NORD,ORO PROVINCE,ORO PROVINCE
PG-05,PG,TIERRAS ALTAS DEL SUR,SOUTHERN HIGHLANDS PROVINCE,HAUTES-TERRES MÉRIDIONALES,SOUTHERN HIGHLANDS PROVINCE,SOUTHERN HIGHLANDS PROVINCE
PG-06,PG,PROVINCIA OCCIDENTAL,WESTERN PROVINCE,PROVINCE DE L'OUEST,WESTERN PROVINCE,WESTERN PROVINCE
PG-07,PG,BOUGAINVILLE,BOUGAINVILLE,BOUGAINVILLE,BOUGAINVILLE,BOUGAINVILLE
PG-08,PG,SIMBU,CHIMBU PROVINCE,SIMBU,CHIMBU PROVINCE,CHIMBU PROVINCE
PG-09,PG,TIERRAS ALTAS ORIENTALES,EASTERN HIGHLANDS PROVINCE,HAUTES-TERRES ORIENTALES,EASTERN HIGHLANDS PROVINCE,EASTERN HIGHLANDS PROVINCE
PG-10,PG,NUEVA BRETAÑA ORIENTAL,EAST NEW BRITAIN PROVINCE,NOUVELLE-BRETAGNE ORIENTALE,EAST NEW BRITAIN PROVINCE,EAST NEW BRITAIN PROVINCE
PG-11,PG,SEPIK ORIENTAL,EAST SEPIK PROVINCE,SEPIK ORIENTAL,EAST SEPIK PROVINCE,EAST SEPIK PROVINCE
PG-12,PG,PROVINCIA DE MADANG,MADANG PROVINCE,MADANG,MADANG PROVINCE,MADANG PROVINCE
PG-13,PG,PROVINCIA DE MANUS,MANUS PROVINCE,MANUS,MANUS PROVINCE,MANUS PROVINCE
PG-14,PG,MOROBE,MOROBE PROVINCE,MOROBE,MOROBE PROVINCE,MOROBE PROVINCE
PG-15,PG,PROVINCIA DE NUEVA IRLANDA,NEW IRELAND PROVINCE,NOUVELLE-IRLANDE,NEW IRELAND PROVINCE,NEW IRELAND PROVINCE
PG-16,PG,TIERRAS ALTAS OCCIDENTALES,WESTERN HIGHLANDS PROVINCE,HAUTES-TERRES OCCIDENTALES,WESTERN HIGHLANDS PROVINCE,WESTERN HIGHLANDS PROVINCE
PG-17,PG,NUEVA BRETAÑA OCCIDENTAL,WEST NEW BRITAIN PROVINCE,NOUVELLE-BRETAGNE OCCIDENTALE,WEST NEW BRITAIN PROVINCE,WEST NEW BRITAIN PROVINCE
PG-18,PG,SANDAUN,SANDAUN PROVINCE,SANDAUN,SANDAUN PROVINCE,SANDAUN PROVINCE
PG-19,PG,ENGA,ENGA PROVINCE,ENGA,ENGA PROVINCE,ENGA PROVINCE
PG-20,PG,NATIONAL CAPITAL,NATIONAL CAPITAL,NATIONAL CAPITAL,NATIONAL CAPITAL,NATIONAL CAPITAL
PG-21,PG,HELA,HELA PROVINCE,HELA,HELA PROVINCE,HELA PROVINCE
PG-22,PG,JIWAKA,JIWAKA PROVINCE,JIWAKA PROVINCE,JIWAKA PROVINCE,JIWAKA PROVINCE
PH-01,PH,ILOCOS,ILOCOS,ILOCOS,ILOCOS,ILOCOS
PH-02,PH,VALLE DEL CAGAYÁN,CAGAYAN VALLEY,VALLÉE DE CAGAYAN,CAGAYAN VALLEY,CAGAYAN VALLEY
PH-03,PH,LUZÓN CENTRAL,CENTRAL LUZON,LUÇON CENTRALE,CENTRAL LUZON,CENTRAL LUZON
PH-05,PH,BICOLANDIA,BICOL REGION,BICOL,BICOL REGION,BICOL REGION
PH-06,PH,BISAYAS OCCIDENTALES,WESTERN VISAYAS,VISAYAS OCCIDENTALES,WESTERN VISAYAS,WESTERN VISAYAS
PH-07,PH,BISAYAS CENTRALES,CENTRAL VISAYAS,VISAYAS CENTRALES,CENTRAL VISAYAS,CENTRAL VISAYAS
PH-08,PH,BISAYAS ORIENTALES,REGION VIII,VISAYAS ORIENTALES,REGION VIII,REGION VIII
PH-09,PH,PENÍNSULA DE ZAMBOANGA,ZAMBOANGA PENINSULA,PÉNINSULE DE ZAMBOANGA,ZAMBOANGA PENINSULA,ZAMBOANGA PENINSULA
PH-10,PH,MINDANAO DEL NORTE,NORTHERN MINDANAO,MINDANAO DU NORD,NORTHERN MINDANAO,NORTHERN MINDANAO
PH-11,PH,REGIÓN DE DÁVAO,DAVAO REGION,DAVAO,DAVAO REGION,DAVAO REGION
PH-12,PH,MINDANAO CENTRAL,SOCCSKSARGEN,SOCCSKSARGEN,SOCCSKSARGEN,SOCCSKSARGEN
PH-13,PH,CARAGA,CARAGA,CARAGA,CARAGA,CARAGA
PH-14,PH,MINDANAO MUSULMÁN,AUTONOMOUS REGION IN MUSLIM MINDANAO,RÉGION AUTONOME EN MINDANAO MUSULMANE,AUTONOMOUS REGION IN MUSLIM MINDANAO,AUTONOMOUS REGION IN MUSLIM MINDANAO
PH-15,PH,LA CORDILLERA,CORDILLERA,RÉGION ADMINISTRATIVE DE LA CORDILLÈRE,CORDILLERA,CORDILLERA
PH-40,PH,CALABARZÓN,CALABARZON,CALABARZON,CALABARZON,CALABARZON
PH-41,PH,TAGALAS SUDOCCIDENTALES,MIMAROPA,MIMAROPA,MIMAROPA,MIMAROPA
PH-NCR,PH,NATIONAL CAPITAL REGION,NATIONAL CAPITAL REGION,NATIONAL CAPITAL REGION,NATIONAL CAPITAL REGION,NATIONAL CAPITAL REGION
PK-02,PK,BALUCHISTÁN,BALOCHISTAN PROVINCE,BALOUTCHISTAN,BALOCHISTAN PROVINCE,BALOCHISTAN PROVINCE
PK-03,PK,KHYBER PAKHTUNKHWA,NORTH-WEST FRONTIER PROVINCE,KHYBER PAKHTUNKHWA,NORTH-WEST FRONTIER PROVINCE,NORTH-WEST FRONTIER PROVINCE
PK-04,PK,PUNYAB,PUNJAB PROVINCE,PENDJAB,PUNJAB PROVINCE,PUNJAB PROVINCE
PK-05,PK,SINDH,SINDH PROVINCE,SIND,SINDH PROVINCE,SINDH PROVINCE
PK-06,PK,AZAD CACHEMIRA,AZAD JAMMU AND KASHMIR,AZAD CACHEMIRE,AZAD JAMMU AND KASHMIR,AZAD JAMMU AND KASHMIR
PK-07,PK,GILGIT-BALTISTÁN,GILGIT-BALTISTAN,GILGIT-BALTISTAN,GILGIT-BALTISTAN,GILGIT-BALTISTAN
PK-08,PK,ISLAMABAD,ISLAMABAD,TERRITOIRE FÉDÉRAL D'ISLAMABAD,ISLAMABAD,ISLAMABAD
PL-72,PL,VOIVODATO DE BAJA SILESIA,LOWER SILESIAN VOIVODESHIP,VOÏVODIE DE BASSE-SILÉSIE,LOWER SILESIAN VOIVODESHIP,LOWER SILESIAN VOIVODESHIP
PL-73,PL,VOIVODATO DE CUYAVIA Y POMERANIA,KUJAWSKO-POMORSKIE VOIVODSHIP,VOÏVODIE DE CUJAVIE-POMÉRANIE,KUJAWSKO-POMORSKIE VOIVODSHIP,KUJAWSKO-POMORSKIE VOIVODSHIP
PL-74,PL,VOIVODATO DE ŁÓDŹ,ŁÓDŹ VOIVODESHIP,VOÏVODIE DE ŁÓDŹ,ŁÓDŹ VOIVODESHIP,ŁÓDŹ VOIVODESHIP
PL-75,PL,VOIVODATO DE LUBLIN,LUBLIN VOIVODESHIP,VOÏVODIE DE LUBLIN,LUBLIN VOIVODESHIP,LUBLIN VOIVODESHIP
PL-76,PL,VOIVODATO DE LUBUSZ,LUBUSZ VOIVODSHIP,VOÏVODIE DE LUBUSZ,LUBUSZ VOIVODSHIP,LUBUSZ VOIVODSHIP
PL-77,PL,VOIVODATO DE PEQUEÑA POLONIA,LESSER POLAND VOIVODESHIP,VOÏVODIE DE PETITE-POLOGNE,LESSER POLAND VOIVODESHIP,LESSER POLAND VOIVODESHIP
PL-78,PL,VOIVODATO DE MAZOVIA,MASOVIAN VOIVODESHIP,VOÏVODIE DE MAZOVIE,MASOVIAN VOIVODESHIP,MASOVIAN VOIVODESHIP
PL-79,PL,OPOLE,OPOLE VOIVODESHIP,VOÏVODIE D'OPOLE,OPOLE VOIVODESHIP,OPOLE VOIVODESHIP
PL-80,PL,VOIVODATO DE SUBCARPACIA,SUBCARPATHIAN VOIVODESHIP,BASSES-CARPATES,SUBCARPATHIAN VOIVODESHIP,SUBCARPATHIAN VOIVODESHIP
PL-81,PL,PODLAQUIA,PODLASIE VOIVODSHIP,VOÏVODIE DE PODLACHIE,PODLASIE VOIVODSHIP,PODLASIE VOIVODSHIP
PL-82,PL,POMERANIA,POMERANIAN VOIVODESHIP,VOÏVODIE DE POMÉRANIE,POMERANIAN VOIVODESHIP,POMERANIAN VOIVODESHIP
PL-83,PL,SILESIA,SILESIAN VOIVODESHIP,VOÏVODIE DE SILÉSIE,SILESIAN VOIVODESHIP,SILESIAN VOIVODESHIP
PL-84,PL,VOIVODATO DE SANTA CRUZ,ŚWIĘTOKRZYSKIE VOIVODSHIP,VOÏVODIE DE SAINTE-CROIX,ŚWIĘTOKRZYSKIE VOIVODSHIP,ŚWIĘTOKRZYSKIE VOIVODSHIP
PL-85,PL,VOIVODATO DE VARMIA Y MASURIA,WARMIAN-MASURIAN VOIVODESHIP,VOÏVODIE DE VARMIE-MAZURIE,WARMIAN-MASURIAN VOIVODESHIP,WARMIAN-MASURIAN VOIVODESHIP
PL-86,PL,VOIVODATO DE GRAN POLONIA,GREATER POLAND VOIVODESHIP,VOÏVODIE DE GRANDE-POLOGNE,GREATER POLAND VOIVODESHIP,GREATER POLAND VOIVODESHIP
PL-87,PL,VOIVODATO DE POMERANIA OCCIDENTAL,WEST POMERANIAN VOIVODESHIP,POMÉRANIE-OCCIDENTALE,WEST POMERANIAN VOIVODESHIP,WEST POMERANIAN VOIVODESHIP
PT-02,PT,AVEIRO,AVEIRO,AVEIRO,AVEIRO,AVEIRO
PT-03,PT,BEJA,BEJA,BEJA,BEJA,BEJA
PT-04,PT,BRAGA,BRAGA,BRAGA,BRAGA,BRAGA
PT-05,PT,BRAGANZA,BRAGANZA DISTRICT,BRAGANCE,BRAGANZA DISTRICT,BRAGANZA DISTRICT
PT-06,PT,CASTELO BRANCO,CASTELO BRANCO,CASTELO BRANCO,CASTELO BRANCO,CASTELO BRANCO
PT-07,PT,COIMBRA,COIMBRA,COIMBRA,COIMBRA,COIMBRA
PT-08,PT,ÉVORA,ÉVORA,ÉVORA,ÉVORA,ÉVORA
PT-09,PT,FARO,FARO,FARO,FARO,FARO
PT-10,PT,MADEIRA,MADEIRA,MADÈRE,MADEIRA,MADEIRA
PT-11,PT,GUARDA,GUARDA,GUARDA,GUARDA,GUARDA
PT-13,PT,LEIRIA,LEIRIA,LEIRIA,LEIRIA,LEIRIA
PT-14,PT,LISBOA,LISBON,LISBONNE,LISBON,LISBON
PT-16,PT,PORTALEGRE,PORTALEGRE,PORTALEGRE,PORTALEGRE,PORTALEGRE
PT-17,PT,OPORTO,OPORTO,PORTO,OPORTO,OPORTO
PT-18,PT,SANTARÉM,SANTARÉM,SANTARÉM,SANTARÉM,SANTARÉM
PT-19,PT,DISTRITO DE SETÚBAL,SETÚBAL DISTRICT,SETÚBAL,SETÚBAL DISTRICT,SETÚBAL DISTRICT
PT-20,PT,VIANA DO CASTELO,VIANA DO CASTELO,DISTRICT DE VIANA DO CASTELO,VIANA DO CASTELO,VIANA DO CASTELO
PT-21,PT,VILA REAL,VILA REAL,VILA REAL,VILA REAL,VILA REAL
PT-22,PT,VISEU,VISEU,VISEU,VISEU,VISEU
PT-23,PT,AZORES,AZORES,AÇORES,AZORES,AZORES
PY-01,PY,ALTO PARANÁ DEPARTMENT,ALTO PARANÁ DEPARTMENT,ALTO PARANÁ DEPARTMENT,ALTO PARANÁ DEPARTMENT,ALTO PARANÁ DEPARTMENT
PY-02,PY,AMAMBAY,AMAMBAY DEPARTMENT,AMAMBAY,AMAMBAY DEPARTMENT,AMAMBAY DEPARTMENT
PY-04,PY,CAAGUAZÚ DEPARTMENT,CAAGUAZÚ DEPARTMENT,CAAGUAZÚ DEPARTMENT,CAAGUAZÚ DEPARTMENT,CAAGUAZÚ DEPARTMENT
PY-05,PY,CAAZAPÁ,CAAZAPÁ,CAAZAPÁ,CAAZAPÁ,CAAZAPÁ
PY-06,PY,DEPARTAMENTO CENTRAL,CENTRAL DEPARTMENT,DÉPARTEMENT CENTRAL,CENTRAL DEPARTMENT,CENTRAL DEPARTMENT
PY-07,PY,CONCEPCIÓN,CONCEPCIÓN,CONCEPCIÓN,CONCEPCIÓN,CONCEPCIÓN
PY-08,PY,CORDILLERA,CORDILLERA DEPARTMENT,CORDILLERA,CORDILLERA DEPARTMENT,CORDILLERA DEPARTMENT
PY-10,PY,GUAIRÁ,GUAIRÁ,GUAIRÁ,GUAIRÁ,GUAIRÁ
PY-11,PY,ITAPÚA,ITAPÚA,ITAPÚA,ITAPÚA,ITAPÚA
PY-12,PY,MISIONES,MISIONES DEPARTMENT,MISIONES,MISIONES DEPARTMENT,MISIONES DEPARTMENT
PY-13,PY,ÑEEMBUCÚ DEPARTMENT,ÑEEMBUCÚ DEPARTMENT,ÑEEMBUCÚ DEPARTMENT,ÑEEMBUCÚ DEPARTMENT,ÑEEMBUCÚ DEPARTMENT
PY-15,PY,PARAGUARÍ,PARAGUARÍ,PARAGUARÍ,PARAGUARÍ,PARAGUARÍ
PY-16,PY,PRESIDENTE HAYES,PRESIDENTE HAYES,PRESIDENTE HAYES,PRESIDENTE HAYES,PRESIDENTE HAYES
PY-17,PY,SAN PEDRO,SAN PEDRO DEPARTMENT,SAN PEDRO,SAN PEDRO DEPARTMENT,SAN PEDRO DEPARTMENT
PY-19,PY,CANINDEYÚ,CANINDEYÚ,CANINDEYÚ,CANINDEYÚ,CANINDEYÚ
PY-22,PY,ASUNCIÓN,ASUNCIÓN,ASUNCIÓN,ASUNCIÓN,ASUNCIÓN
PY-23,PY,ALTO PARAGUAY,ALTO PARAGUAY,ALTO PARAGUAY,ALTO PARAGUAY,ALTO PARAGUAY
PY-24,PY,BOQUERÓN DEPARTMENT,BOQUERÓN DEPARTMENT,BOQUERÓN DEPARTMENT,BOQUERÓN DEPARTMENT,BOQUERÓN DEPARTMENT
RO-01,RO,ALBA,ALBA COUNTY,ALBA,ALBA COUNTY,ALBA COUNTY
RO-02,RO,ARAD,ARAD COUNTY,ARAD,ARAD COUNTY,ARAD COUNTY
RO-03,RO,ARGEȘ,ARGES,ARGEȘ,ARGES,ARGES
RO-04,RO,BACĂU,BACĂU COUNTY,BACĂU,BACĂU COUNTY,BACĂU COUNTY
RO-05,RO,BIHOR,BIHOR COUNTY,BIHOR,BIHOR COUNTY,BIHOR COUNTY
RO-06,RO,BISTRIȚA-NĂSĂUD,BISTRIȚA-NĂSĂUD COUNTY,BISTRIȚA-NĂSĂUD,BISTRIȚA-NĂSĂUD COUNTY,BISTRIȚA-NĂSĂUD COUNTY
RO-07,RO,BOTOȘANI,BOTOȘANI COUNTY,BOTOȘANI,BOTOȘANI COUNTY,BOTOȘANI COUNTY
RO-08,RO,BRĂILA,BRĂILA COUNTY,BRĂILA,BRĂILA COUNTY,BRĂILA COUNTY
RO-09,RO,BRAȘOV,BRAȘOV COUNTY,BRAȘOV,BRAȘOV COUNTY,BRAȘOV COUNTY
RO-10,RO,BUCUREȘTI,BUCUREȘTI,BUCAREST,BUCUREȘTI,BUCUREȘTI
RO-11,RO,BUZĂU,BUZĂU COUNTY,BUZĂU,BUZĂU COUNTY,BUZĂU COUNTY
RO-12,RO,DISTRITO DE CARAȘ-SEVERIN,CARAȘ-SEVERIN COUNTY,CARAȘ-SEVERIN,CARAȘ-SEVERIN COUNTY,CARAȘ-SEVERIN COUNTY
RO-13,RO,CLUJ,CLUJ COUNTY,CLUJ,CLUJ COUNTY,CLUJ COUNTY
RO-14,RO,CONSTANȚA,CONSTANȚA COUNTY,CONSTANȚA,CONSTANȚA COUNTY,CONSTANȚA COUNTY
RO-15,RO,COVASNA,COVASNA COUNTY,COVASNA,COVASNA COUNTY,COVASNA COUNTY
RO-16,RO,DÂMBOVIȚA,DÂMBOVIȚA COUNTY,DÂMBOVIȚA,DÂMBOVIȚA COUNTY,DÂMBOVIȚA COUNTY
RO-17,RO,DOLJ,DOLJ COUNTY,DOLJ,DOLJ COUNTY,DOLJ COUNTY
RO-18,RO,GALAȚI,GALAȚI COUNTY,JUDEȚ DE GALAȚI,GALAȚI COUNTY,GALAȚI COUNTY
RO-19,RO,GORJ,GORJ COUNTY,GORJ,GORJ COUNTY,GORJ COUNTY
RO-20,RO,HARGHITA COUNTY,HARGHITA COUNTY,HARGHITA COUNTY,HARGHITA COUNTY,HARGHITA COUNTY
RO-21,RO,HUNEDOARA,HUNEDOARA COUNTY,HUNEDOARA,HUNEDOARA COUNTY,HUNEDOARA COUNTY
RO-22,RO,IALOMIȚA,IALOMIȚA COUNTY,IALOMIȚA,IALOMIȚA COUNTY,IALOMIȚA COUNTY
RO-23,RO,CONDADO DE IAȘI,IAȘI COUNTY,JUDEȚ DE IAȘI,IAȘI COUNTY,IAȘI COUNTY
RO-25,RO,MARAMUREȘ,MARAMUREŞ COUNTY,MARAMUREȘ,MARAMUREŞ COUNTY,MARAMUREŞ COUNTY
RO-26,RO,MEHEDINȚI,MEHEDINȚI COUNTY,MEHEDINȚI,MEHEDINȚI COUNTY,MEHEDINȚI COUNTY
RO-27,RO,MUREȘ,MUREȘ COUNTY,MUREȘ,MUREȘ COUNTY,MUREȘ COUNTY
RO-28,RO,NEAMȚ,NEAMȚ COUNTY,NEAMȚ,NEAMȚ COUNTY,NEAMȚ COUNTY
RO-29,RO,OLT,OLT COUNTY,OLT,OLT COUNTY,OLT COUNTY
RO-30,RO,PRAHOVA,PRAHOVA,PRAHOVA,PRAHOVA,PRAHOVA
RO-31,RO,SĂLAJ,SĂLAJ COUNTY,SĂLAJ,SĂLAJ COUNTY,SĂLAJ COUNTY
RO-32,RO,SATU MARE,SATU MARE COUNTY,SATU MARE,SATU MARE COUNTY,SATU MARE COUNTY
RO-33,RO,SIBIU,SIBIU COUNTY,SIBIU,SIBIU COUNTY,SIBIU COUNTY
RO-34,RO,SUCEAVA,SUCEAVA,BUCOVINE,SUCEAVA,SUCEAVA
RO-35,RO,TELEORMAN,TELEORMAN COUNTY,TELEORMAN,TELEORMAN COUNTY,TELEORMAN COUNTY
RO-36,RO,TIMIȘ,TIMIȘ COUNTY,TIMIȘ,TIMIȘ COUNTY,TIMIȘ COUNTY
RO-37,RO,TULCEA,TULCEA COUNTY,TULCEA,TULCEA COUNTY,TULCEA COUNTY
RO-38,RO,VASLUI COUNTY,VASLUI COUNTY,VASLUI COUNTY,VASLUI COUNTY,VASLUI COUNTY
RO-39,RO,VÂLCEA,VÂLCEA COUNTY,VÂLCEA,VÂLCEA COUNTY,VÂLCEA COUNTY
RO-40,RO,VRANCEA,VRANCEA,VRANCEA,VRANCEA,VRANCEA
RO-41,RO,CĂLĂRAȘI,CĂLĂRAȘI COUNTY,CĂLĂRAȘI,CĂLĂRAȘI COUNTY,CĂLĂRAȘI COUNTY
RO-42,RO,GIURGIU,GIURGIU COUNTY,GIURGIU,GIURGIU COUNTY,GIURGIU COUNTY
RO-43,RO,ILFOV,ILFOV,ILFOV,ILFOV,ILFOV
RU-01,RU,ADIGUEYA,ADYGEYA REPUBLIC,RÉPUBLIQUE D'ADYGUÉE,ADYGEYA REPUBLIC,ADYGEYA REPUBLIC
RU-03,RU,ALTÁI,ALTAI REPUBLIC,RÉPUBLIQUE D'ALTAÏ,ALTAI REPUBLIC,ALTAI REPUBLIC
RU-04,RU,KRAI DE ALTÁI,ALTAI KRAI,KRAÏ D'ALTAÏ,ALTAI KRAI,ALTAI KRAI
RU-05,RU,AMUR,AMUR OBLAST,OBLAST DE L'AMOUR,AMUR OBLAST,AMUR OBLAST
RU-06,RU,ÓBLAST DE ARCÁNGEL,ARKHANGELSKAYA OBLAST,OBLAST D'ARKHANGELSK,ARKHANGELSKAYA OBLAST,ARKHANGELSKAYA OBLAST
RU-07,RU,ASTRACÁN,ASTRAKHAN OBLAST,OBLAST D'ASTRAKHAN,ASTRAKHAN OBLAST,ASTRAKHAN OBLAST
RU-08,RU,BASKORTOSTÁN,BASHKORTOSTAN REPUBLIC,RÉPUBLIQUE DE BACHKIRIE,BASHKORTOSTAN REPUBLIC,BASHKORTOSTAN REPUBLIC
RU-09,RU,ÓBLAST DE BÉLGOROD,BELGOROD OBLAST,OBLAST DE BELGOROD,BELGOROD OBLAST,BELGOROD OBLAST
RU-10,RU,ÓBLAST DE BRIANSK,BRYANSK OBLAST,OBLAST DE BRIANSK,BRYANSK OBLAST,BRYANSK OBLAST
RU-11,RU,BURIATIA,BURYATIYA REPUBLIC,RÉPUBLIQUE DE BOURIATIE,BURYATIYA REPUBLIC,BURYATIYA REPUBLIC
RU-12,RU,CHECHENIA,CHECHNYA,RÉPUBLIQUE DE TCHÉTCHÉNIE,CHECHNYA,CHECHNYA
RU-13,RU,CHELIÁBINSK,CHELYABINSK,OBLAST DE TCHELIABINSK,CHELYABINSK,CHELYABINSK
RU-15,RU,CHUKOTKA,CHUKOTKA,DISTRICT AUTONOME DE TCHOUKOTKA,CHUKOTKA,CHUKOTKA
RU-16,RU,CHUVASIA,CHUVASH REPUBLIC,RÉPUBLIQUE DE TCHOUVACHIE,CHUVASH REPUBLIC,CHUVASH REPUBLIC
RU-17,RU,DAGUESTÁN,DAGESTAN,RÉPUBLIQUE DE DAGHESTAN,DAGESTAN,DAGESTAN
RU-19,RU,INGUSHETIA,INGUSHETIYA REPUBLIC,RÉPUBLIQUE D'INGOUCHIE,INGUSHETIYA REPUBLIC,INGUSHETIYA REPUBLIC
RU-20,RU,IRKUTSK OBLAST,IRKUTSK OBLAST,OBLAST D'IRKOUTSK,IRKUTSK OBLAST,IRKUTSK OBLAST
RU-21,RU,ÓBLAST DE IVÁNOVO,IVANOVO OBLAST,OBLAST D'IVANOVO,IVANOVO OBLAST,IVANOVO OBLAST
RU-22,RU,KABARDINA-BALKARIA,KABARDINO-BALKARIYA REPUBLIC,RÉPUBLIQUE DE KABARDINO-BALKARIE,KABARDINO-BALKARIYA REPUBLIC,KABARDINO-BALKARIYA REPUBLIC
RU-23,RU,ÓBLAST DE KALININGRADO,KALININGRAD OBLAST,OBLAST DE KALININGRAD,KALININGRAD OBLAST,KALININGRAD OBLAST
RU-24,RU,KALMUKIA,KALMYKIYA REPUBLIC,RÉPUBLIQUE DE KALMOUKIE,KALMYKIYA REPUBLIC,KALMYKIYA REPUBLIC
RU-25,RU,KALUGA,KALUGA OBLAST,OBLAST DE KALOUGA,KALUGA OBLAST,KALUGA OBLAST
RU-27,RU,KARACHÁYEVO-CHERKESIA,KARACHAYEVO-CHERKESIYA REPUBLIC,PROVINCE DE KARATCHAÏÉVO-TCHERKESSIE,KARACHAYEVO-CHERKESIYA REPUBLIC,KARACHAYEVO-CHERKESIYA REPUBLIC
RU-28,RU,REPÚBLICA DE CARELIA,REPUBLIC OF KARELIA,RÉPUBLIQUE DE CARÉLIE,REPUBLIC OF KARELIA,REPUBLIC OF KARELIA
RU-29,RU,KUZBASS,KEMEROVO OBLAST,OBLAST DE KEMEROVO,KEMEROVO OBLAST,KEMEROVO OBLAST
RU-30,RU,KRAI DE KHABAROVSK,KHABAROVSK KRAI,KRAÏ DE KHABAROVSK,KHABAROVSK KRAI,KHABAROVSK KRAI
RU-31,RU,JAKASIA,KHAKASIYA REPUBLIC,RÉPUBLIQUE DE KHAKASSIE,KHAKASIYA REPUBLIC,KHAKASIYA REPUBLIC
RU-32,RU,KHANTY-MANSIA,KHANTY-MANSIA,DISTRICT AUTONOME DE KHANTYS-MANSIS,KHANTY-MANSIA,KHANTY-MANSIA
RU-33,RU,ÓBLAST DE KÍROV,KIROV OBLAST,OBLAST DE KIROV,KIROV OBLAST,KIROV OBLAST
RU-34,RU,KOMI,KOMI REPUBLIC,RÉPUBLIQUE DE KOMIS,KOMI REPUBLIC,KOMI REPUBLIC
RU-37,RU,ÓBLAST DE KOSTROMÁ,KOSTROMA OBLAST,OBLAST DE KOSTROMA,KOSTROMA OBLAST,KOSTROMA OBLAST
RU-38,RU,KRASNODARSKIY,KRASNODAR KRAI,KRAÏ DE KRASNODAR,KRASNODAR KRAI,KRASNODAR KRAI
RU-40,RU,KURGÁN,KURGAN OBLAST,OBLAST DE KOURGAN,KURGAN OBLAST,KURGAN OBLAST
RU-41,RU,ÓBLAST DE KURSK,KURSK OBLAST,OBLAST DE KOURSK,KURSK OBLAST,KURSK OBLAST
RU-42,RU,ÓBLAST DE LENINGRADO,LENINGRAD OBLAST,OBLAST DE LÉNINGRAD,LENINGRAD OBLAST,LENINGRAD OBLAST
RU-43,RU,ÓBLAST DE LÍPETSK,LIPETSK OBLAST,OBLAST DE LIPETSK,LIPETSK OBLAST,LIPETSK OBLAST
RU-44,RU,MAGADÁN,MAGADAN OBLAST,OBLAST DE MAGADAN,MAGADAN OBLAST,MAGADAN OBLAST
RU-45,RU,MARI-EL,MARIY-EL REPUBLIC,RÉPUBLIQUE DE MARIS,MARIY-EL REPUBLIC,MARIY-EL REPUBLIC
RU-46,RU,MORDOVIA,MORDOVIYA REPUBLIC,RÉPUBLIQUE DE MORDOVIE,MORDOVIYA REPUBLIC,MORDOVIYA REPUBLIC
RU-47,RU,ÓBLAST DE MOSCÚ,MOSCOW OBLAST,OBLAST DE MOSCOU,MOSCOW OBLAST,MOSCOW OBLAST
RU-48,RU,MOSCÚ,MOSCOW,MOSCOU,MOSCOW,MOSCOW
RU-49,RU,ÓBLAST DE MÚRMANSK,MURMANSK OBLAST,OBLAST DE MOURMANSK,MURMANSK OBLAST,MURMANSK OBLAST
RU-50,RU,NENETSIA,NENETS AUTONOMOUS OKRUG,DISTRICT AUTONOME DE NÉNÉTSIE,NENETS AUTONOMOUS OKRUG,NENETS AUTONOMOUS OKRUG
RU-51,RU,ÓBLAST DE NIZHNI NÓVGOROD,NIZHNY NOVGOROD OBLAST,OBLAST DE NIJNI NOVGOROD,NIZHNY NOVGOROD OBLAST,NIZHNY NOVGOROD OBLAST
RU-52,RU,ÓBLAST DE NÓVGOROD,NOVGOROD OBLAST,OBLAST DE NOVGOROD,NOVGOROD OBLAST,NOVGOROD OBLAST
RU-53,RU,NOVOSIBIRSK,NOVOSIBIRSK OBLAST,OBLAST DE NOVOSSIBIRSK,NOVOSIBIRSK OBLAST,NOVOSIBIRSK OBLAST
RU-54,RU,OMSK,OMSK OBLAST,OBLAST D'OMSK,OMSK OBLAST,OMSK OBLAST
RU-55,RU,ORENBURG OBLAST,ORENBURG OBLAST,OBLAST D'ORENBOURG,ORENBURG OBLAST,ORENBURG OBLAST
RU-56,RU,ÓBLAST DE ORIOL,OREL OBLAST,OBLAST D'OREL,OREL OBLAST,OREL OBLAST
RU-57,RU,ÓBLAST DE PENZA,PENZA OBLAST,OBLAST DE PENZA,PENZA OBLAST,PENZA OBLAST
RU-59,RU,KRAI DE PRIMORSKY,PRIMORSKIY (MARITIME) KRAY,KRAÏ DE PRIMORIE,PRIMORSKIY (MARITIME) KRAY,PRIMORSKIY (MARITIME) KRAY
RU-60,RU,ÓBLAST DE PSKOV,PSKOV OBLAST,OBLAST DE PSKOV,PSKOV OBLAST,PSKOV OBLAST
RU-61,RU,ROSTOV,ROSTOV OBLAST,OBLAST DE ROSTOV,ROSTOV OBLAST,ROSTOV OBLAST
RU-62,RU,ÓBLAST DE RIAZÁN,RYAZAN OBLAST,OBLAST DE RIAZAN,RYAZAN OBLAST,RYAZAN OBLAST
RU-63,RU,SAJÁ YAKUTIA,SAKHA,RÉPUBLIQUE DE SAKHA,SAKHA,SAKHA
RU-64,RU,SAJALIN,SAKHALIN OBLAST,OBLAST DE SAKHALINE,SAKHALIN OBLAST,SAKHALIN OBLAST
RU-65,RU,ÓBLAST DE SAMARA,SAMARA OBLAST,OBLAST DE SAMARA,SAMARA OBLAST,SAMARA OBLAST
RU-66,RU,SAN PETERSBURGO,LENINGRAD,LÉNINGRAD,LENINGRAD,LENINGRAD
RU-67,RU,ÓBLAST DE SARÁTOV,SARATOV OBLAST,OBLAST DE SARATOV,SARATOV OBLAST,SARATOV OBLAST
RU-68,RU,OSETIA DEL NORTE,NORTH OSSETIA–ALANIA,RÉPUBLIQUE D'OSSÉTIE-DU-NORD-ALANIE,NORTH OSSETIA–ALANIA,NORTH OSSETIA–ALANIA
RU-69,RU,ÓBLAST DE SMOLENSK,SMOLENSK OBLAST,OBLAST DE SMOLENSK,SMOLENSK OBLAST,SMOLENSK OBLAST
RU-70,RU,KRAI DE STÁVROPOL,STAVROPOL’ KRAY,KRAÏ DE STAVROPOL,STAVROPOL’ KRAY,STAVROPOL’ KRAY
RU-71,RU,SVERDLOVSK,SVERDLOVSK OBLAST,OBLAST DE SVERDLOVSK,SVERDLOVSK OBLAST,SVERDLOVSK OBLAST
RU-72,RU,TAMBOV,TAMBOV OBLAST,OBLAST DE TAMBOV,TAMBOV OBLAST,TAMBOV OBLAST
RU-73,RU,TARTARISTAN,TATARSTAN REPUBLIC,RÉPUBLIQUE DE TATARSTAN,TATARSTAN REPUBLIC,TATARSTAN REPUBLIC
RU-75,RU,TOMSK OBLAST,TOMSK OBLAST,OBLAST DE TOMSK,TOMSK OBLAST,TOMSK OBLAST
RU-76,RU,ÓBLAST DE TULA,TULA OBLAST,OBLAST DE TOULA,TULA OBLAST,TULA OBLAST
RU-77,RU,ÓBLAST DE TVER,TVER’ OBLAST,OBLAST DE TVER,TVER’ OBLAST,TVER’ OBLAST
RU-78,RU,TIUMEN,TYUMEN OBLAST,OBLAST DE TIOUMEN,TYUMEN OBLAST,TYUMEN OBLAST
RU-79,RU,TUVÁ,REPUBLIC OF TYVA,RÉPUBLIQUE DE TOUVA,REPUBLIC OF TYVA,REPUBLIC OF TYVA
RU-80,RU,UDMURTIA,UDMURTIYA REPUBLIC,RÉPUBLIQUE D'OUDMOURTIE,UDMURTIYA REPUBLIC,UDMURTIYA REPUBLIC
RU-81,RU,ÓBLAST DE ULIÁNOVSK,ULYANOVSK OBLAST,OBLAST D'OULIANOVSK,ULYANOVSK OBLAST,ULYANOVSK OBLAST
RU-83,RU,ÓBLAST DE VLADÍMIR,VLADIMIR OBLAST,OBLAST DE VLADIMIR,VLADIMIR OBLAST,VLADIMIR OBLAST
RU-84,RU,VOLGOGRADO,VOLGOGRAD OBLAST,OBLAST DE VOLGOGRAD,VOLGOGRAD OBLAST,VOLGOGRAD OBLAST
RU-85,RU,ÓBLAST DE VÓLOGDA,VOLOGDA OBLAST,OBLAST DE VOLOGDA,VOLOGDA OBLAST,VOLOGDA OBLAST
RU-86,RU,ÓBLAST DE VORÓNEZH,VORONEZH OBLAST,OBLAST DE VORONEJ,VORONEZH OBLAST,VORONEZH OBLAST
RU-87,RU,YAMALIA-NENETSIA,YAMALO-NENETS,DISTRICT AUTONOME DE IAMALIE,YAMALO-NENETS,YAMALO-NENETS
RU-88,RU,ÓBLAST DE YAROSLAVL,YAROSLAVL OBLAST,OBLAST D'IAROSLAVL,YAROSLAVL OBLAST,YAROSLAVL OBLAST
RU-89,RU,ÓBLAST AUTÓNOMO HEBREO,JEWISH AUTONOMOUS OBLAST,OBLAST AUTONOME JUIF,JEWISH AUTONOMOUS OBLAST,JEWISH AUTONOMOUS OBLAST
RU-90,RU,KRAI DE PERM,PERM KRAI,KRAÏ DE PERM,PERM KRAI,PERM KRAI
RU-91,RU,KRAI DE KRASNOJARSK,KRASNOYARSK KRAI,KRAÏ DE KRASNOÏARSK,KRASNOYARSK KRAI,KRASNOYARSK KRAI
RU-92,RU,KAMCHATKA,KAMCHATKA,KRAÏ DE KAMTCHATKA,KAMCHATKA,KAMCHATKA
RU-93,RU,ZABAIKALIE,TRANSBAIKAL TERRITORY,KRAÏ DE TRANSBAÏKALIE,TRANSBAIKAL TERRITORY,TRANSBAIKAL TERRITORY
RW-11,RW,PROVINCIA DEL ESTE,EASTERN PROVINCE,PROVINCE DE L'EST,EASTERN PROVINCE,EASTERN PROVINCE
RW-12,RW,KIGALI,KIGALI PROVINCE,KIGALI,KIGALI PROVINCE,KIGALI PROVINCE
RW-13,RW,PROVINCIA NORTE,NORTHERN PROVINCE,NORD,NORTHERN PROVINCE,NORTHERN PROVINCE
RW-14,RW,PROVINCIA DEL OESTE,WESTERN PROVINCE,PROVINCE DE L'OUEST,WESTERN PROVINCE,WESTERN PROVINCE
RW-15,RW,PROVINCIA SUR,SOUTHERN PROVINCE,SUD,SOUTHERN PROVINCE,SOUTHERN PROVINCE
SA-02,SA,AL BAHAH REGION,AL BAHAH REGION,AL BAHAH,AL BAHAH REGION,AL BAHAH REGION
SA-05,SA,MEDINA REGION,MEDINA REGION,MÉDINE,MEDINA REGION,MEDINA REGION
SA-06,SA,PROVINCIA ORIENTAL,EASTERN DISTRICT,ACH-CHARQIYA,EASTERN DISTRICT,EASTERN DISTRICT
SA-08,SA,AL-QASSIM REGION,MIDDLE NAJD,AL QASIM,MIDDLE NAJD,MIDDLE NAJD
SA-10,SA,PROVINCIA DE RIAD,RIYADH REGION,RIYAD,RIYADH REGION,RIYADH REGION
SA-11,SA,PROVINCIA DE ASIR,'ASIR REGION,ASIR,'ASIR REGION,'ASIR REGION
SA-13,SA,HA'IL REGION,HA'IL REGION,HAÏL,HA'IL REGION,HA'IL REGION
SA-14,SA,MECCA REGION,MECCA REGION,LA MECQUE,MECCA REGION,MECCA REGION
SA-15,SA,NORTHERN BORDERS REGION,NORTHERN BORDERS,AL-HUDUD ACH-CHAMALIYA,NORTHERN BORDERS,NORTHERN BORDERS
SA-16,SA,PROVINCIA DE NAJRÁN,NAJRAN REGION,NAJRAN,NAJRAN REGION,NAJRAN REGION
SA-17,SA,JAZAN REGION,JIZAN REGION,RÉGION DE JIZAN,JIZAN REGION,JIZAN REGION
SA-19,SA,PROVINCIA DE TABUK,TABUK REGION,TABUK,TABUK REGION,TABUK REGION
SA-20,SA,AL JAWF REGION,AL JAWF REGION,AL JAWF,AL JAWF REGION,AL JAWF REGION
SB-03,SB,MALAITA,MALAITA PROVINCE,PROVINCE DE MALAITA,MALAITA PROVINCE,MALAITA PROVINCE
SB-06,SB,GUADALCANAL,GUADALCANAL PROVINCE,PROVINCE DE GUADALCANAL,GUADALCANAL PROVINCE,GUADALCANAL PROVINCE
SB-07,SB,ISABEL,ISABEL PROVINCE,PROVINCE DE ISABEL,ISABEL PROVINCE,ISABEL PROVINCE
SB-08,SB,MAKIRA,MAKIRA-ULAWA PROVINCE,PROVINCE DE MAKIRA-ULAWA,MAKIRA-ULAWA PROVINCE,MAKIRA-ULAWA PROVINCE
SB-09,SB,TEMOTU,TEMOTU PROVINCE,PROVINCE DE TEMOTU,TEMOTU PROVINCE,TEMOTU PROVINCE
SB-10,SB,PROVINCIA CENTRAL,CENTRAL PROVINCE,PROVINCE CENTRALE,CENTRAL PROVINCE,CENTRAL PROVINCE
SB-11,SB,PROVINCIA OCCIDENTAL,WESTERN PROVINCE,PROVINCE OCCIDENTALE,WESTERN PROVINCE,WESTERN PROVINCE
SB-12,SB,CHOISEUL,CHOISEUL PROVINCE,PROVINCE DE CHOISEUL,CHOISEUL PROVINCE,CHOISEUL PROVINCE
SB-13,SB,RENNELL Y BELLONA,RENNELL AND BELLONA PROVINCE,PROVINCE DE RENNELL ET BELLONA,RENNELL AND BELLONA PROVINCE,RENNELL AND BELLONA PROVINCE
SB-14,SB,HONIARA,HONIARA,TERRITOIRE CAPITALE,HONIARA,HONIARA
SC-01,SC,ANSE AUX PINS,ANSE-AUX-PINS,ANSE AUX PINS,ANSE-AUX-PINS,ANSE-AUX-PINS
SC-02,SC,ANSE BOILEAU,ANSE BOILEAU,ANSE BOILEAU,ANSE BOILEAU,ANSE BOILEAU
SC-03,SC,ANSE ETOILE,ANSE ETOILE,ANSE ETOILE,ANSE ETOILE,ANSE ETOILE
SC-05,SC,ANSE ROYALE,ANSE ROYALE,ANSE ROYALE,ANSE ROYALE,ANSE ROYALE
SC-06,SC,BAIE LAZARE,BAIE LAZARE,BAIE LAZARE,BAIE LAZARE,BAIE LAZARE
SC-07,SC,BAIE SAINTE ANNE,BAIE SAINTE ANNE,BAIE SAINTE ANNE,BAIE SAINTE ANNE,BAIE SAINTE ANNE
SC-08,SC,BEAU VALLON,BEAU VALLON,BEAU VALLON,BEAU VALLON,BEAU VALLON
SC-09,SC,BEL AIR,BEL AIR,BEL AIR,BEL AIR,BEL AIR
SC-10,SC,BEL OMBRE,BEL OMBRE,BEL OMBRE,BEL OMBRE,BEL OMBRE
SC-11,SC,CASCADE,CASCADE,CASCADE,CASCADE,CASCADE
SC-11876017,SC,OUTER ISLANDS,OUTER ISLANDS,OUTER ISLANDS,OUTER ISLANDS,OUTER ISLANDS
SC-12,SC,GLACIS,GLACIS,GLACIS,GLACIS,GLACIS
SC-12200079,SC,ILE PERSEVERANCE I,ILE PERSEVERANCE I,ILE PERSEVERANCE I,ILE PERSEVERANCE I,ILE PERSEVERANCE I
SC-12200080,SC,ILE PERSEVERANCE II,ILE PERSEVERANCE II,ILE PERSEVERANCE II,ILE PERSEVERANCE II,ILE PERSEVERANCE II
SC-14,SC,GRAND ANSE PRASLIN,GRAND ANSE PRASLIN,GRAND ANSE PRASLIN,GRAND ANSE PRASLIN,GRAND ANSE PRASLIN
SC-17,SC,MONT BUXTON,MONT BUXTON,MONT BUXTON,MONT BUXTON,MONT BUXTON
SC-18,SC,MONT FLEURI,MONT FLEURI,MONT FLEURI,MONT FLEURI,MONT FLEURI
SC-19,SC,PLAISANCE,PLAISANCE,PLAISANCE,PLAISANCE,PLAISANCE
SC-20,SC,POINTE LA RUE,POINTE LA RUE,POINTE LA RUE,POINTE LA RUE,POINTE LA RUE
SC-22,SC,SAINT LOUIS,SAINT LOUIS,SAINT LOUIS,SAINT LOUIS,SAINT LOUIS
SC-23,SC,TAKAMAKA,TAKAMAKA,TAKAMAKA,TAKAMAKA,TAKAMAKA
SC-24,SC,GRAND ANSE MAHE,GRAND ANSE MAHE,GRAND ANSE MAHE,GRAND ANSE MAHE,GRAND ANSE MAHE
SC-25,SC,ISLAS LA DIGUE E INNER,LA DIGUE AND INNER ISLANDS,DISTRICT DE LA DIGUE AND INNER ISLANDS,LA DIGUE AND INNER ISLANDS,LA DIGUE AND INNER ISLANDS
SC-26,SC,LA RIVIERE ANGLAISE,LA RIVIÈRE ANGLAISE,LA RIVIÈRE ANGLAISE,LA RIVIÈRE ANGLAISE,LA RIVIÈRE ANGLAISE
SC-27,SC,PORT GLAUD,PORT GLAUD,PORT GLAUD,PORT GLAUD,PORT GLAUD
SC-28,SC,AU CAP,AU CAP,AU CAP,AU CAP,AU CAP
SC-29,SC,LES MAMELLES,LES MAMELLES,LES MAMELLES,LES MAMELLES,LES MAMELLES
SC-30,SC,ROCHE CAIMAN,ROCHE CAIMAN,ROCHE CAÏMAN,ROCHE CAIMAN,ROCHE CAIMAN
SE-02,SE,PROVINCIA DE BLEKINGE,BLEKINGE COUNTY,COMTÉ DE BLEKINGE,BLEKINGE COUNTY,BLEKINGE COUNTY
SE-03,SE,PROVINCIA DE GÄVLEBORG,GÄVLEBORG COUNTY,COMTÉ DE GÄVLEBORG,GÄVLEBORG COUNTY,GÄVLEBORG COUNTY
SE-05,SE,PROVINCIA DE GOTLAND,GOTLAND COUNTY,COMTÉ DE GOTLAND,GOTLAND COUNTY,GOTLAND COUNTY
SE-06,SE,PROVINCIA DE HALLAND,HALLAND COUNTY,COMTÉ DE HALLAND,HALLAND COUNTY,HALLAND COUNTY
SE-07,SE,PROVINCIA DE JÄMTLAND,JÄMTLAND COUNTY,COMTÉ DE JÄMTLAND,JÄMTLAND COUNTY,JÄMTLAND COUNTY
SE-08,SE,PROVINCIA DE JÖNKÖPING,JÖNKÖPING COUNTY,COMTÉ DE JÖNKÖPING,JÖNKÖPING COUNTY,JÖNKÖPING COUNTY
SE-09,SE,PROVINCIA DE KALMAR,KALMAR COUNTY,COMTÉ DE KALMAR,KALMAR COUNTY,KALMAR COUNTY
SE-10,SE,PROVINCIA DE DALARNA,DALARNA COUNTY,DALÉCARLIE,DALARNA COUNTY,DALARNA COUNTY
SE-12,SE,PROVINCIA DE KRONOBERG,KRONOBERG COUNTY,COMTÉ DE KRONOBERG,KRONOBERG COUNTY,KRONOBERG COUNTY
SE-14,SE,PROVINCIA DE NORRBOTTEN,NORRBOTTEN COUNTY,BOTNIE DU NORD,NORRBOTTEN COUNTY,NORRBOTTEN COUNTY
SE-15,SE,PROVINCIA DE ÖREBRO,ÖREBRO COUNTY,COMTÉ D'ÖREBRO,ÖREBRO COUNTY,ÖREBRO COUNTY
SE-16,SE,PROVINCIA DE ÖSTERGÖTLAND,ÖSTERGÖTLAND COUNTY,OSTROGOTHIE,ÖSTERGÖTLAND COUNTY,ÖSTERGÖTLAND COUNTY
SE-18,SE,PROVINCIA DE SÖDERMANLAND,SÖDERMANLAND COUNTY,COMTÉ DE SÖDERMANLAND,SÖDERMANLAND COUNTY,SÖDERMANLAND COUNTY
SE-21,SE,PROVINCIA DE UPSALA,UPPSALA COUNTY,COMTÉ D'UPPSALA,UPPSALA COUNTY,UPPSALA COUNTY
SE-22,SE,PROVINCIA DE VÄRMLAND,VÄRMLAND COUNTY,VERMLAND,VÄRMLAND COUNTY,VÄRMLAND COUNTY
SE-23,SE,PROVINCIA DE VÄSTERBOTTEN,VÄSTERBOTTEN COUNTY,BOTNIE OCCIDENTALE,VÄSTERBOTTEN COUNTY,VÄSTERBOTTEN COUNTY
SE-24,SE,PROVINCIA DE VÄSTERNORRLAND,VÄSTERNORRLAND COUNTY,NORRLAND DE L'OUEST,VÄSTERNORRLAND COUNTY,VÄSTERNORRLAND COUNTY
SE-25,SE,PROVINCIA DE VÄSTMANLAND,VÄSTMANLAND COUNTY,COMTÉ DE VÄSTMANLAND,VÄSTMANLAND COUNTY,VÄSTMANLAND COUNTY
SE-26,SE,STOCKHOLM,STOCKHOLM COUNTY,STOCKHOLM,STOCKHOLM COUNTY,STOCKHOLM COUNTY
SE-27,SE,PROVINCIA DE ESCANIA,SCANIA,SCANIE,SCANIA,SCANIA
SE-28,SE,PROVINCIA DE VÄSTRA GÖTALAND,VÄSTRA GÖTALAND COUNTY,COMTÉ DE VÄSTRA GÖTALAND,VÄSTRA GÖTALAND COUNTY,VÄSTRA GÖTALAND COUNTY
SL-01,SL,PROVINCIA DEL ESTE,EASTERN PROVINCE,PROVINCE DE L'EST,EASTERN PROVINCE,EASTERN PROVINCE
SL-02,SL,PROVINCIA DEL NORTE,NORTHERN PROVINCE,PROVINCE DU NORD,NORTHERN PROVINCE,NORTHERN PROVINCE
SL-03,SL,PROVINCIA DEL SUR,SOUTHERN PROVINCE,PROVINCE DU SUD,SOUTHERN PROVINCE,SOUTHERN PROVINCE
SL-04,SL,ÁREA OCCIDENTAL,WESTERN AREA,ZONE DE L'OUEST,WESTERN AREA,WESTERN AREA
SL-05,SL,PROVINCIA DEL NOROESTE,NORTH WEST PROVINCE,PROVINCE DU NORD-OUEST,NORTH WEST PROVINCE,NORTH WEST PROVINCE
SN-01,SN,DAKAR,DAKAR,DAKAR,DAKAR,DAKAR
SN-03,SN,DIOURBEL,DIOURBEL REGION,DIOURBEL,DIOURBEL REGION,DIOURBEL REGION
SN-05,SN,TAMBACOUNDA,TAMBACOUNDA,TAMBACOUNDA,TAMBACOUNDA,TAMBACOUNDA
SN-07,SN,THIÈS,THIÈS,THIÈS,THIÈS,THIÈS
SN-09,SN,FATICK,FATICK,FATICK,FATICK,FATICK
SN-10,SN,KAOLACK,KAOLACK,KAOLACK,KAOLACK,KAOLACK
SN-11,SN,KOLDA,KOLDA REGION,KOLDA,KOLDA REGION,KOLDA REGION
SN-12,SN,REGIÓN DE ZIGUINCHOR,ZIGUINCHOR,BASSE CASAMANCE,ZIGUINCHOR,ZIGUINCHOR
SN-13,SN,LOUGA,LOUGA,LOUGA,LOUGA,LOUGA
SN-14,SN,SAINT-LOUIS,SAINT-LOUIS,SAINT-LOUIS,SAINT-LOUIS,SAINT-LOUIS
SN-15,SN,MATAM,MATAM,MATAM,MATAM,MATAM
SN-16,SN,KAFFRINE,KAFFRINE,KAFFRINE,KAFFRINE,KAFFRINE
SN-17,SN,KÉDOUGOU,KÉDOUGOU,KÉDOUGOU,KÉDOUGOU,KÉDOUGOU
SN-18,SN,SÉDHIOU,SÉDHIOU,SÉDHIOU,SÉDHIOU,SÉDHIOU
SV-01,SV,AHUACHAPÁN,AHUACHAPÁN,AHUACHAPÁN,AHUACHAPÁN,AHUACHAPÁN
SV-02,SV,CABAÑAS,CABAÑAS,CABAÑAS,CABAÑAS,CABAÑAS
SV-03,SV,DEPARTAMENTO DE CHALATENANGO,CHALATENANGO DEPARTMENT,CHALATENANGO,CHALATENANGO DEPARTMENT,CHALATENANGO DEPARTMENT
SV-04,SV,CUSCATLÁN,CUSCATLÁN,CUSCATLÁN,CUSCATLÁN,CUSCATLÁN
SV-05,SV,DEPARTAMENTO DE LA LIBERTAD,LA LIBERTAD DEPARTMENT,LA LIBERTAD,LA LIBERTAD DEPARTMENT,LA LIBERTAD DEPARTMENT
SV-06,SV,DEPARTAMENTO DE LA PAZ,LA PAZ DEPARTMENT,LA PAZ,LA PAZ DEPARTMENT,LA PAZ DEPARTMENT
SV-07,SV,LA UNIÓN,LA UNIÓN,LA UNIÓN,LA UNIÓN,LA UNIÓN
SV-08,SV,MORAZÁN,MORAZÁN,MORAZÁN,MORAZÁN,MORAZÁN
SV-09,SV,DEPARTAMENTO DE SAN MIGUEL,SAN MIGUEL DEPARTMENT,SAN MIGUEL,SAN MIGUEL DEPARTMENT,SAN MIGUEL DEPARTMENT
SV-10,SV,DEPARTAMENTO DE SAN SALVADOR,SAN SALVADOR DEPARTMENT,SAN SALVADOR,SAN SALVADOR DEPARTMENT,SAN SALVADOR DEPARTMENT
SV-11,SV,DEPARTAMENTO DE SANTA ANA,SANTA ANA DEPARTMENT,SANTA ANA,SANTA ANA DEPARTMENT,SANTA ANA DEPARTMENT
SV-12,SV,DEPARTAMENTO DE SAN VICENTE,SAN VICENTE DEPARTMENT,SAN VICENTE,SAN VICENTE DEPARTMENT,SAN VICENTE DEPARTMENT
SV-13,SV,DEPARTAMENTO DE SONSONATE,SONSONATE DEPARTMENT,SONSONATE,SONSONATE DEPARTMENT,SONSONATE DEPARTMENT
SV-14,SV,USULUTÁN,USULUTÁN,USULUTÁN,USULUTÁN,USULUTÁN
TD-01,TD,REGIÓN DE BATHA,BATHA,RÉGION DU BATHA,BATHA,BATHA
TD-02,TD,REGIÓN DE WADI FIRA,WADI FIRA,RÉGION DU WADI FIRA,WADI FIRA,WADI FIRA
TD-05,TD,REGIÓN DE GUÉRA,GUÉRA,RÉGION DU GUÉRA,GUÉRA,GUÉRA
TD-06,TD,REGIÓN DE KANEM,KANEM,RÉGION DU KANEM,KANEM,KANEM
TD-07,TD,REGIÓN DE LAC,LAC REGION,RÉGION DU LAC,LAC REGION,LAC REGION
TD-08,TD,REGIÓN DE LOGONE OCCIDENTAL,LOGONE OCCIDENTAL,RÉGION DU LOGONE OCCIDENTAL,LOGONE OCCIDENTAL,LOGONE OCCIDENTAL
TD-09,TD,REGIÓN DE LOGONE ORIENTAL,LOGONE ORIENTAL REGION,RÉGION DU LOGONE ORIENTAL,LOGONE ORIENTAL REGION,LOGONE ORIENTAL REGION
TD-12,TD,REGIÓN DE OUADDAÏ,OUADAÏ REGION,RÉGION DU OUADDAÏ,OUADAÏ REGION,OUADAÏ REGION
TD-13,TD,REGIÓN DE SALAMAT,SALAMAT REGION,RÉGION DU SALAMAT,SALAMAT REGION,SALAMAT REGION
TD-14,TD,REGIÓN DE TANDJILÉ,TANDJILÉ,RÉGION DU TANDJILÉ,TANDJILÉ,TANDJILÉ
TD-15,TD,REGIÓN DE CHARI-BAGUIRMI,CHARI-BAGUIRMI REGION,RÉGION DU CHARI-BAGUIRMI,CHARI-BAGUIRMI REGION,CHARI-BAGUIRMI REGION
TD-16,TD,REGIÓN DE MAYO-KEBBI ESTE,MAYO-KEBBI EST,MAYO-KEBBI EST,MAYO-KEBBI EST,MAYO-KEBBI EST
TD-17,TD,REGIÓN DE MOYEN-CHARI,MOYEN-CHARI,RÉGION DU MOYEN-CHARI,MOYEN-CHARI,MOYEN-CHARI
TD-18,TD,REGIÓN DE HADJER-LAMIS,HADJER-LAMIS,RÉGION DU HADJER-LAMIS,HADJER-LAMIS,HADJER-LAMIS
TD-19,TD,REGIÓN DE MANDOUL,MANDOUL,RÉGION DU MANDOUL,MANDOUL,MANDOUL
TD-20,TD,REGIÓN DE MAYO-KEBBI OESTE,MAYO-KEBBI OUEST,RÉGION DU MAYO-KÉBBI OUEST,MAYO-KEBBI OUEST,MAYO-KEBBI OUEST
TD-21,TD,N’DJAMÉNA,N’DJAMÉNA REGION,RÉGION DE LA VILLE DE N'DJAMÉNA,N’DJAMÉNA REGION,N’DJAMÉNA REGION
TD-22,TD,BARH EL GAZEL,BARH EL GAZEL REGION,RÉGION DU BARH EL GAZEL,BARH EL GAZEL REGION,BARH EL GAZEL REGION
TD-23,TD,REGIÓN DE BORKOU,BORKOU,RÉGION DU BORKOU,BORKOU,BORKOU
TD-25,TD,REGIÓN DE SILA,SILA REGION,RÉGION DU SILA,SILA REGION,SILA REGION
TD-26,TD,REGIÓN DE TIBESTI,TIBESTI,RÉGION DU TIBESTI,TIBESTI,TIBESTI
TD-27,TD,ENNEDI EST,ENNEDI-EST REGION,ENNEDI-EST,ENNEDI-EST REGION,ENNEDI-EST REGION
TD-28,TD,ENNEDI OUEST,ENNEDI-OUEST,ENNEDI-OUEST,ENNEDI-OUEST,ENNEDI-OUEST
TG-22,TG,CENTRAL,CENTRALE,RÉGION CENTRALE,CENTRALE,CENTRALE
TG-23,TG,KARA,KARA,RÉGION DE LA KARA,KARA,KARA
TG-24,TG,MARÍTIMA,MARITIME,RÉGION MARITIME,MARITIME,MARITIME
TG-25,TG,ALTIPLANO,PLATEAUX,RÉGION DES PLATEAUX,PLATEAUX,PLATEAUX
TG-26,TG,REGIÓN DE LAS SABANAS,SAVANES,RÉGION DES SAVANES,SAVANES,SAVANES
TH-01,TH,PROVINCIA DE MAE HONG SON,MAE HONG SON,MAE HONG SON,MAE HONG SON,MAE HONG SON
TH-02,TH,PROVINCIA DE CHIANG MAI,CHIANG MAI,CHIANG MAI,CHIANG MAI,CHIANG MAI
TH-03,TH,PROVINCIA DE CHIANG RAI,CHIANG RAI,CHIANG RAI,CHIANG RAI,CHIANG RAI
TH-04,TH,NAN,NAN,NAN,NAN,NAN
TH-05,TH,PROVINCIA DE LAMPHUN,LAMPHUN,LAMPHUN,LAMPHUN,LAMPHUN
TH-06,TH,PROVINCIA DE LAMPANG,LAMPANG,LAMPANG,LAMPANG,LAMPANG
TH-07,TH,PROVINCIA DE PHRAE,PHRAE,PHRAE,PHRAE,PHRAE
TH-08,TH,PROVINCIA DE TAK,TAK,TAK,TAK,TAK
TH-09,TH,PROVINCIA DE SUKHOTHAI,SUKHOTHAI,SUKHOTHAI,SUKHOTHAI,SUKHOTHAI
TH-10,TH,PROVINCIA DE UTTARADIT,UTTARADIT,UTTARADIT,UTTARADIT,UTTARADIT
TH-11,TH,PROVINCIA DE KAMPHAENG PHET,KAMPHAENG PHET,KAMPHAENG PHET,KAMPHAENG PHET,KAMPHAENG PHET
TH-12,TH,PROVINCIA DE PHITSANULOK,PHITSANULOK,PHITSANULOK,PHITSANULOK,PHITSANULOK
TH-13,TH,PROVINCIA DE PHICHIT,PHICHIT,PHICHIT,PHICHIT,PHICHIT
TH-14,TH,PROVINCIA DE PHETCHABUN,PHETCHABUN,PHETCHABUN,PHETCHABUN,PHETCHABUN
TH-15,TH,UTHAI THANI,UTHAI THANI,UTHAI THANI,UTHAI THANI,UTHAI THANI
TH-16,TH,PROVINCIA DE NAKHON SAWAN,NAKHON SAWAN,NAKHON SAWAN,NAKHON SAWAN,NAKHON SAWAN
TH-17,TH,PROVINCIA DE NǬNGKHĀI,NONG KHAI,PROVINCE DE NONGKHAI,NONG KHAI,NONG KHAI
TH-18,TH,PROVINCIA DE LOEI,LOEI,LOEI,LOEI,LOEI
TH-20,TH,PROVINCIA DE SAKON NAKHON,SAKON NAKHON,SAKON NAKHON,SAKON NAKHON,SAKON NAKHON
TH-22,TH,PROVINCIA DE KHǬNKǢN,KHON KAEN,PROVINCE DE KHONKÈN,KHON KAEN,KHON KAEN
TH-23,TH,PROVINCIA DE KALASIN,KALASIN,KALASIN,KALASIN,KALASIN
TH-24,TH,PROVINCIA DE MAHA SARAKHAM,MAHA SARAKHAM,MAHA SARAKHAM,MAHA SARAKHAM,MAHA SARAKHAM
TH-25,TH,PROVINCIA DE ROI ET,ROI ET,ROI ET,ROI ET,ROI ET
TH-26,TH,PROVINCIA DE CHAIYAPHUM,CHAIYAPHUM,CHAIYAPHUM,CHAIYAPHUM,CHAIYAPHUM
TH-27,TH,PROVINCIA DE NAKHON RATCHASIMA,NAKHON RATCHASIMA,NAKHON RATCHASIMA,NAKHON RATCHASIMA,NAKHON RATCHASIMA
TH-28,TH,PROVINCIA DE BURI RAM,BURIRAM PROVINCE,BURIRAM,BURIRAM PROVINCE,BURIRAM PROVINCE
TH-29,TH,SURIN,SURIN,SURIN,SURIN,SURIN
TH-30,TH,PROVINCIA DE SISAKET,SI SA KET,SI SAKET,SI SA KET,SI SA KET
TH-31,TH,PROVINCIA DE NARATHIWAT,NARATHIWAT,NARATHIWAT,NARATHIWAT,NARATHIWAT
TH-32,TH,PROVINCIA DE CHAINAT,CHAI NAT,CHAI NAT,CHAI NAT,CHAI NAT
TH-33,TH,PROVINCIA DE SING BURI,SING BURI,SING BURI,SING BURI,SING BURI
TH-34,TH,PROVINCIA DE LOPBURI,LOPBURI,LOPBURI,LOPBURI,LOPBURI
TH-35,TH,ANG THONG,ANG THONG,ANG THONG,ANG THONG,ANG THONG
TH-36,TH,PROVINCIA DE PHRA NAKHON SI AYUTTHAYA,PHRA NAKHON SI AYUTTHAYA,AYUTTHAYA,PHRA NAKHON SI AYUTTHAYA,PHRA NAKHON SI AYUTTHAYA
TH-37,TH,PROVINCIA DE SARABURI,SARABURI,SARABURI,SARABURI,SARABURI
TH-38,TH,NONTHABURI,NONTHABURI,NONTHABURI,NONTHABURI,NONTHABURI
TH-39,TH,PROVINCIA DE PATHUM THANI,PATHUM THANI,PATHUM THANI,PATHUM THANI,PATHUM THANI
TH-40,TH,BANGKOK,BANGKOK,BANGKOK,BANGKOK,BANGKOK
TH-41,TH,PROVINCIA DE PHAYAO,PHAYAO,PHAYAO,PHAYAO,PHAYAO
TH-42,TH,PROVINCIA DE SAMUT PRAKAN,SAMUT PRAKAN,SAMUT PRAKAN,SAMUT PRAKAN,SAMUT PRAKAN
TH-43,TH,PROVINCIA DE NAKHON NAYOK,NAKHON NAYOK,NAKHON NAYOK,NAKHON NAYOK,NAKHON NAYOK
TH-44,TH,PROVINCIA DE CHACHOENGSAO,CHACHOENGSAO,CHACHOENGSAO,CHACHOENGSAO,CHACHOENGSAO
TH-46,TH,PROVINCIA DE CHON BURI,CHON BURI,CHONBURI,CHON BURI,CHON BURI
TH-47,TH,RAYONG,RAYONG,RAYONG,RAYONG,RAYONG
TH-48,TH,PROVINCIA DE CHANTHABURI,CHANTHABURI,CHANTHABURI,CHANTHABURI,CHANTHABURI
TH-49,TH,TRAT,TRAT,TRAT,TRAT,TRAT
TH-50,TH,PROVINCIA DE KANCHANABURI,KANCHANABURI,KANCHANABURI,KANCHANABURI,KANCHANABURI
TH-51,TH,PROVINCIA DE SUPHANBURI,SUPHAN BURI,SUPHANBURI,SUPHAN BURI,SUPHAN BURI
TH-52,TH,PROVINCIA DE RATCHABURI,RATCHABURI,RATCHABURI,RATCHABURI,RATCHABURI
TH-53,TH,NAKHON PATHOM,NAKHON PATHOM,NAKHON PATHOM,NAKHON PATHOM,NAKHON PATHOM
TH-54,TH,PROVINCIA DE SAMUT SONGKHRAM,SAMUT SONGKHRAM,SAMUT SONGKHRAM,SAMUT SONGKHRAM,SAMUT SONGKHRAM
TH-55,TH,PROVINCIA DE SAMUT SAKHON,SAMUT SAKHON,SAMUT SAKHON,SAMUT SAKHON,SAMUT SAKHON
TH-56,TH,PROVINCIA DE PHETCHABURI,PHETCHABURI,PHETCHABURI,PHETCHABURI,PHETCHABURI
TH-57,TH,PROVINCIA DE PRACHUAP KHIRI KHAN,PRACHUAP KHIRI KHAN,PRACHUAP KHIRI KHAN,PRACHUAP KHIRI KHAN,PRACHUAP KHIRI KHAN
TH-58,TH,PROVINCIA DE CHUMPHON,CHUMPHON,CHUMPHON,CHUMPHON,CHUMPHON
TH-59,TH,PROVINCIA DE RANONG,RANONG PROVINCE,PROVINCE DE RANONG,RANONG PROVINCE,RANONG PROVINCE
TH-60,TH,PROVINCIA DE SURAT THANI,SURAT THANI,SURAT THANI,SURAT THANI,SURAT THANI
TH-61,TH,PROVINCIA DE PHANG NGA,PHANG NGA,PHANG NGA,PHANG NGA,PHANG NGA
TH-62,TH,PROVINCIA DE PHUKET,PHUKET,PHUKET,PHUKET,PHUKET
TH-63,TH,PROVINCIA DE KRABI,KRABI,KRABI,KRABI,KRABI
TH-64,TH,PROVINCIA DE NAKHON SI THAMMARAT,NAKHON SI THAMMARAT,NAKHON SI THAMMARAT,NAKHON SI THAMMARAT,NAKHON SI THAMMARAT
TH-65,TH,TRANG,TRANG,TRANG,TRANG,TRANG
TH-66,TH,PROVINCIA DE PHATTHALUNG,PHATTHALUNG,PHATTHALUNG,PHATTHALUNG,PHATTHALUNG
TH-67,TH,PROVINCIA DE SATUN,SATUN,SATUN,SATUN,SATUN
TH-68,TH,PROVINCIA DE SONGKHLA,SONGKHLA,SONGKHLA,SONGKHLA,SONGKHLA
TH-69,TH,PROVINCIA DE PATTANI,PATTANI,PATTANI,PATTANI,PATTANI
TH-70,TH,PROVINCIA DE YALA,YALA,YALA,YALA,YALA
TH-72,TH,PROVINCIA DE YASOTHON,YASOTHON,YASOTHON,YASOTHON,YASOTHON
TH-73,TH,PROVINCIA DE NAKHON PHANOM,NAKHON PHANOM,NAKHON PHANOM,NAKHON PHANOM,NAKHON PHANOM
TH-74,TH,PROVINCIA DE PRACHINBURI,PRACHIN BURI,PRACHIN BURI,PRACHIN BURI,PRACHIN BURI
TH-75,TH,PROVINCIA DE UBON RATCHATHANI,UBON RATCHATHANI,UBON RATCHATHANI,UBON RATCHATHANI,UBON RATCHATHANI
TH-76,TH,PROVINCIA DE UDǬN THĀNĪ,UDON THANI,PROVINCE D’OUDON-THANI,UDON THANI,UDON THANI
TH-77,TH,PROVINCIA DE AMNAT CHAROEN,AMNAT CHAROEN,AMNAT CHAROEN,AMNAT CHAROEN,AMNAT CHAROEN
TH-78,TH,MUKDAHAN,MUKDAHAN,MUKDAHAN,MUKDAHAN,MUKDAHAN
TH-79,TH,PROVINCIA DE NǬNGBŪALAMPHŪ,NONG BUA LAMPHU,PROVINCE DE NONGBOUALAMPHOU,NONG BUA LAMPHU,NONG BUA LAMPHU
TH-80,TH,PROVINCIA DE SA KAEO,SA KAEO,SA KAEO,SA KAEO,SA KAEO
TH-81,TH,BUENG KAN,BUENG KAN,BUENG KAN,BUENG KAN,BUENG KAN
TO-01,TO,HA‘APAI,HA‘APAI,HA’APAI,HA‘APAI,HA‘APAI
TO-02,TO,TONGATAPU,TONGATAPU,TONGATAPU,TONGATAPU,TONGATAPU
TO-03,TO,VAVA‘U,VAVA‘U,VAVA’U,VAVA‘U,VAVA‘U
TO-EU,TO,'EUA,ʻEUA,’EUA,ʻEUA,ʻEUA
TO-NI,TO,GRUPO NIUAS,NIUAS,NIUAS,NIUAS,NIUAS
TR-02,TR,PROVINCIA DE ADıYAMAN,ADıYAMAN PROVINCE,ADıYAMAN,ADıYAMAN PROVINCE,ADıYAMAN PROVINCE
TR-03,TR,PROVINCIA DE AFYONKARAHISAR,AFYONKARAHISAR PROVINCE,AFYONKARAHISAR,AFYONKARAHISAR PROVINCE,AFYONKARAHISAR PROVINCE
TR-04,TR,PROVINCIA DE AGRI,AĞRı PROVINCE,AĞRı,AĞRı PROVINCE,AĞRı PROVINCE
TR-05,TR,PROVINCIA DE AMASYA,AMASYA PROVINCE,AMASYA,AMASYA PROVINCE,AMASYA PROVINCE
TR-07,TR,PROVINCIA DE ANTALYA,ANTALYA PROVINCE,ANTALYA,ANTALYA PROVINCE,ANTALYA PROVINCE
TR-08,TR,PROVINCIA DE ARTVIN,ARTVIN PROVINCE,ARTVIN,ARTVIN PROVINCE,ARTVIN PROVINCE
TR-09,TR,PROVINCIA DE AYDIN,AYDıN PROVINCE,AYDıN,AYDıN PROVINCE,AYDıN PROVINCE
TR-10,TR,PROVINCIA DE BALıKESIR,BALıKESIR PROVINCE,BALıKESIR,BALıKESIR PROVINCE,BALıKESIR PROVINCE
TR-11,TR,PROVINCIA DE BILECIK,BILECIK PROVINCE,BILECIK,BILECIK PROVINCE,BILECIK PROVINCE
TR-12,TR,PROVINCIA DE BINGÖL,BINGÖL PROVINCE,BINGÖL,BINGÖL PROVINCE,BINGÖL PROVINCE
TR-13,TR,PROVINCIA DE BITLIS,BITLIS PROVINCE,BITLIS,BITLIS PROVINCE,BITLIS PROVINCE
TR-14,TR,PROVINCIA DE BOLU,BOLU PROVINCE,BOLU,BOLU PROVINCE,BOLU PROVINCE
TR-15,TR,PROVINCIA DE BURDUR,BURDUR PROVINCE,BURDUR,BURDUR PROVINCE,BURDUR PROVINCE
TR-16,TR,PROVINCIA DE BURSA,BURSA PROVINCE,BURSA,BURSA PROVINCE,BURSA PROVINCE
TR-17,TR,PROVINCIA DE ÇANAKKALE,ÇANAKKALE PROVINCE,ÇANAKKALE,ÇANAKKALE PROVINCE,ÇANAKKALE PROVINCE
TR-19,TR,PROVINCIA DE ÇORUM,ÇORUM PROVINCE,ÇORUM,ÇORUM PROVINCE,ÇORUM PROVINCE
TR-20,TR,PROVINCIA DE DENIZLI,DENIZLI PROVINCE,DENIZLI,DENIZLI PROVINCE,DENIZLI PROVINCE
TR-21,TR,PROVINCIA DE DIYARBAKıR,DIYARBAKıR PROVINCE,DIYARBAKıR,DIYARBAKıR PROVINCE,DIYARBAKıR PROVINCE
TR-22,TR,PROVINCIA DE EDIRNE,EDIRNE PROVINCE,EDIRNE,EDIRNE PROVINCE,EDIRNE PROVINCE
TR-23,TR,PROVINCIA DE ELAZıĞ,ELAZıĞ,ELÂZıĞ,ELAZıĞ,ELAZıĞ
TR-24,TR,PROVINCIA DE ERZINCAN,ERZINCAN PROVINCE,ERZINCAN,ERZINCAN PROVINCE,ERZINCAN PROVINCE
TR-25,TR,PROVINCIA DE ERZURUM,ERZURUM PROVINCE,ERZURUM,ERZURUM PROVINCE,ERZURUM PROVINCE
TR-26,TR,PROVINCIA DE ESKIŞEHIR,ESKIŞEHIR PROVINCE,ESKIŞEHIR,ESKIŞEHIR PROVINCE,ESKIŞEHIR PROVINCE
TR-28,TR,PROVINCIA DE GIRESUN,GIRESUN PROVINCE,GIRESUN,GIRESUN PROVINCE,GIRESUN PROVINCE
TR-31,TR,PROVINCIA DE HATAY,HATAY PROVINCE,HATAY,HATAY PROVINCE,HATAY PROVINCE
TR-32,TR,PROVINCIA DE MERSIN,MERSIN PROVINCE,MERSIN,MERSIN PROVINCE,MERSIN PROVINCE
TR-33,TR,PROVINCIA DE ISPARTA,ISPARTA PROVINCE,ISPARTA,ISPARTA PROVINCE,ISPARTA PROVINCE
TR-34,TR,PROVINCIA DE ESTAMBUL,ISTANBUL,ISTANBUL,ISTANBUL,ISTANBUL
TR-35,TR,PROVINCIA DE ESMIRNA,İZMIR PROVINCE,IZMIR,İZMIR PROVINCE,İZMIR PROVINCE
TR-37,TR,PROVINCIA DE KASTAMONU,KASTAMONU PROVINCE,KASTAMONU,KASTAMONU PROVINCE,KASTAMONU PROVINCE
TR-38,TR,PROVINCIA DE KAYSERI,KAYSERI PROVINCE,KAYSERI,KAYSERI PROVINCE,KAYSERI PROVINCE
TR-39,TR,PROVINCIA DE KıRKLARELI,KıRKLARELI PROVINCE,KıRKLARELI,KıRKLARELI PROVINCE,KıRKLARELI PROVINCE
TR-40,TR,PROVINCIA DE KıRŞEHIR,KıRŞEHIR PROVINCE,KıRŞEHIR,KıRŞEHIR PROVINCE,KıRŞEHIR PROVINCE
TR-41,TR,PROVINCIA DE KOCAELI,KOCAELI PROVINCE,KOCAELI,KOCAELI PROVINCE,KOCAELI PROVINCE
TR-43,TR,PROVINCIA DE KÜTAHYA,KÜTAHYA PROVINCE,KÜTAHYA,KÜTAHYA PROVINCE,KÜTAHYA PROVINCE
TR-44,TR,PROVINCIA DE MALATYA,MALATYA PROVINCE,MALATYA,MALATYA PROVINCE,MALATYA PROVINCE
TR-45,TR,PROVINCIA DE MANISA,MANISA PROVINCE,MANISA,MANISA PROVINCE,MANISA PROVINCE
TR-46,TR,PROVINCIA DE KAHRAMANMARAŞ,KAHRAMANMARAŞ PROVINCE,KAHRAMANMARAŞ,KAHRAMANMARAŞ PROVINCE,KAHRAMANMARAŞ PROVINCE
TR-48,TR,PROVINCIA DE MUĞLA,MUĞLA PROVINCE,MUĞLA,MUĞLA PROVINCE,MUĞLA PROVINCE
TR-49,TR,PROVINCIA DE MUŞ,MUŞ PROVINCE,MUŞ,MUŞ PROVINCE,MUŞ PROVINCE
TR-50,TR,PROVINCIA DE NEVŞEHIR,NEVŞEHIR PROVINCE,NEVŞEHIR,NEVŞEHIR PROVINCE,NEVŞEHIR PROVINCE
TR-52,TR,PROVINCIA DE ORDU,ORDU PROVINCE,ORDU,ORDU PROVINCE,ORDU PROVINCE
TR-53,TR,PROVINCIA DE RIZE,RIZE PROVINCE,RIZE,RIZE PROVINCE,RIZE PROVINCE
TR-54,TR,PROVINCIA DE SAKARYA,SAKARYA PROVINCE,SAKARYA,SAKARYA PROVINCE,SAKARYA PROVINCE
TR-55,TR,PROVINCIA DE SAMSUN,SAMSUN PROVINCE,SAMSUN,SAMSUN PROVINCE,SAMSUN PROVINCE
TR-57,TR,PROVINCIA DE SINOPE,SINOP PROVINCE,SINOP,SINOP PROVINCE,SINOP PROVINCE
TR-58,TR,PROVINCIA DE SIVAS,SIVAS PROVINCE,SIVAS,SIVAS PROVINCE,SIVAS PROVINCE
TR-59,TR,PROVINCIA DE TEKIRDAĞ,TEKIRDAĞ PROVINCE,TEKIRDAĞ,TEKIRDAĞ PROVINCE,TEKIRDAĞ PROVINCE
TR-60,TR,PROVINCIA DE TOKAT,TOKAT PROVINCE,TOKAT,TOKAT PROVINCE,TOKAT PROVINCE
TR-61,TR,PROVINCIA DE TREBISONDA,TRABZON PROVINCE,TRABZON,TRABZON PROVINCE,TRABZON PROVINCE
TR-62,TR,PROVINCIA DE TUNCELI,TUNCELI PROVINCE,TUNCELI,TUNCELI PROVINCE,TUNCELI PROVINCE
TR-63,TR,PROVINCIA DE SANLIURFA,ŞANLıURFA PROVINCE,ŞANLıURFA,ŞANLıURFA PROVINCE,ŞANLıURFA PROVINCE
TR-64,TR,PROVINCIA DE UŞAK,UŞAK PROVINCE,UŞAK,UŞAK PROVINCE,UŞAK PROVINCE
TR-65,TR,PROVINCIA DE VAN,VAN PROVINCE,VAN,VAN PROVINCE,VAN PROVINCE
TR-66,TR,PROVINCIA DE YOZGAT,YOZGAT PROVINCE,YOZGAT,YOZGAT PROVINCE,YOZGAT PROVINCE
TR-68,TR,PROVINCIA DE ANKARA,ANKARA PROVINCE,ANKARA,ANKARA PROVINCE,ANKARA PROVINCE
TR-69,TR,PROVINCIA DE GÜMÜŞHANE,GÜMÜŞHANE PROVINCE,GÜMÜŞHANE,GÜMÜŞHANE PROVINCE,GÜMÜŞHANE PROVINCE
TR-70,TR,PROVINCIA DE HAKKÂRI,HAKKÂRI PROVINCE,HAKKARI,HAKKÂRI PROVINCE,HAKKÂRI PROVINCE
TR-71,TR,PROVINCIA DE KONYA,KONYA PROVINCE,KONYA,KONYA PROVINCE,KONYA PROVINCE
TR-72,TR,PROVINCIA DE MARDIN,MARDIN PROVINCE,MARDIN,MARDIN PROVINCE,MARDIN PROVINCE
TR-73,TR,PROVINCIA DE NIĞDE,NIĞDE PROVINCE,NIĞDE,NIĞDE PROVINCE,NIĞDE PROVINCE
TR-74,TR,PROVINCIA DE SIIRT,SIIRT PROVINCE,SIIRT,SIIRT PROVINCE,SIIRT PROVINCE
TR-75,TR,PROVINCIA DE AKSARAY,AKSARAY PROVINCE,AKSARAY,AKSARAY PROVINCE,AKSARAY PROVINCE
TR-76,TR,PROVINCIA DE BATMAN,BATMAN PROVINCE,BATMAN,BATMAN PROVINCE,BATMAN PROVINCE
TR-77,TR,PROVINCIA DE BAYBURT,BAYBURT PROVINCE,BAYBURT,BAYBURT PROVINCE,BAYBURT PROVINCE
TR-78,TR,PROVINCIA DE KARAMAN,KARAMAN PROVINCE,KARAMAN,KARAMAN PROVINCE,KARAMAN PROVINCE
TR-79,TR,PROVINCIA DE KıRıKKALE,KıRıKKALE PROVINCE,KıRıKKALE,KıRıKKALE PROVINCE,KıRıKKALE PROVINCE
TR-80,TR,PROVINCIA DE ŞıRNAK,ŞıRNAK PROVINCE,ŞıRNAK,ŞıRNAK PROVINCE,ŞıRNAK PROVINCE
TR-81,TR,PROVINCIA DE ADANA,ADANA PROVINCE,ADANA,ADANA PROVINCE,ADANA PROVINCE
TR-82,TR,PROVINCIA DE ÇANKıRı,ÇANKıRı PROVINCE,ÇANKıRı,ÇANKıRı PROVINCE,ÇANKıRı PROVINCE
TR-83,TR,PROVINCIA DE GAZIANTEP,GAZIANTEP PROVINCE,GAZIANTEP,GAZIANTEP PROVINCE,GAZIANTEP PROVINCE
TR-84,TR,PROVÍNCIA DE KARS,KARS PROVINCE,PROVINCE DE KARS,KARS PROVINCE,KARS PROVINCE
TR-85,TR,PROVINCIA DE ZONGULDAK,ZONGULDAK PROVINCE,ZONGULDAK,ZONGULDAK PROVINCE,ZONGULDAK PROVINCE
TR-86,TR,PROVINCIA DE ARDAHAN,ARDAHAN PROVINCE,ARDAHAN,ARDAHAN PROVINCE,ARDAHAN PROVINCE
TR-87,TR,BARTıN,BARTıN PROVINCE,BARTıN,BARTıN PROVINCE,BARTıN PROVINCE
TR-88,TR,PROVINCIA DE IĞDıR,IĞDıR PROVINCE,IĞDıR,IĞDıR PROVINCE,IĞDıR PROVINCE
TR-89,TR,PROVINCIA DE KARABÜK,KARABÜK PROVINCE,KARABÜK,KARABÜK PROVINCE,KARABÜK PROVINCE
TR-90,TR,PROVINCIA DE KILIS,KILIS PROVINCE,KILIS,KILIS PROVINCE,KILIS PROVINCE
TR-91,TR,PROVINCIA DE OSMANIYE,OSMANIYE PROVINCE,OSMANIYE,OSMANIYE PROVINCE,OSMANIYE PROVINCE
TR-92,TR,PROVINCIA DE YALOVA,YALOVA PROVINCE,YALOVA,YALOVA PROVINCE,YALOVA PROVINCE
TR-93,TR,DÜZCE,DÜZCE,DÜZCE,DÜZCE,DÜZCE
TT-01,TT,ARIMA,BOROUGH OF ARIMA,ARIMA,BOROUGH OF ARIMA,BOROUGH OF ARIMA
TT-03,TT,MAYARO,MAYARO,RIO CLARO-MAYARO,MAYARO,MAYARO
TT-05,TT,PORT OF SPAIN,CITY OF PORT OF SPAIN,PORT-D'ESPAGNE,CITY OF PORT OF SPAIN,CITY OF PORT OF SPAIN
TT-10,TT,SAN FERNANDO,CITY OF SAN FERNANDO,SAN FERNANDO,CITY OF SAN FERNANDO,CITY OF SAN FERNANDO
TT-11,TT,TOBAGO,TOBAGO,TOBAGO,TOBAGO,TOBAGO
TT-CHA,TT,CHAGUANAS,CHAGUANAS,CHAGUANAS,CHAGUANAS,CHAGUANAS
TT-CTT,TT,COUVA-TABAQUITE-TALPARO,COUVA-TABAQUITE-TALPARO,COUVA-TABAQUITE-TALPARO,COUVA-TABAQUITE-TALPARO,COUVA-TABAQUITE-TALPARO
TT-DMN,TT,DIEGO MARTÍN,DIEGO MARTIN REGIONAL CORPORATION,DIEGO MARTIN,DIEGO MARTIN REGIONAL CORPORATION,DIEGO MARTIN REGIONAL CORPORATION
TT-PED,TT,PENAL/DEBE,PENAL/DEBE,PENAL-DEBE,PENAL/DEBE,PENAL/DEBE
TT-PRT,TT,PRINCES TOWN,PRINCES TOWN,PRINCES TOWN,PRINCES TOWN,PRINCES TOWN
TT-PTF,TT,POINT FORTIN,POINT FORTIN,POINT FORTIN,POINT FORTIN,POINT FORTIN
TT-SGE,TT,SANGRE GRANDE,SANGRE GRANDE REGIONAL CORPORATION,SANGRE GRANDE,SANGRE GRANDE REGIONAL CORPORATION,SANGRE GRANDE REGIONAL CORPORATION
TT-SIP,TT,SIPARIA,SIPARIA REGIONAL CORPORATION,SIPARIA,SIPARIA REGIONAL CORPORATION,SIPARIA REGIONAL CORPORATION
TT-SJL,TT,SAN JUAN/LAVENTILLE,SAN JUAN/LAVENTILLE,SAN JUAN-LAVENTILLE,SAN JUAN/LAVENTILLE,SAN JUAN/LAVENTILLE
TT-TUP,TT,TUNAPUNA/PIARCO,TUNAPUNA/PIARCO,TUNAPUNA-PIARCO,TUNAPUNA/PIARCO,TUNAPUNA/PIARCO
TZ-02,TZ,REGIÓN DE PWANI,PWANI REGION,PWANI,PWANI REGION,PWANI REGION
TZ-03,TZ,REGIÓN DE DODOMA,DODOMA,DODOMA,DODOMA,DODOMA
TZ-04,TZ,REGIÓN DE IRINGA,IRINGA,IRINGA,IRINGA,IRINGA
TZ-05,TZ,REGIÓN DE KIGOMA,KIGOMA,KIGOMA,KIGOMA,KIGOMA
TZ-06,TZ,REGIÓN DE KILIMANJARO,KILIMANJARO,KILIMANDJARO,KILIMANJARO,KILIMANJARO
TZ-07,TZ,REGIÓN DE LINDI,LINDI,LINDI,LINDI,LINDI
TZ-08,TZ,REGIÓN DE MARA,MARA,MARA,MARA,MARA
TZ-09,TZ,REGIÓN DE MBEYA,MBEYA,MBEYA,MBEYA,MBEYA
TZ-10,TZ,REGIÓN DE MOROGORO,MOROGORO REGION,MOROGORO,MOROGORO REGION,MOROGORO REGION
TZ-11,TZ,REGIÓN DE MTWARA,MTWARA,MTWARA,MTWARA,MTWARA
TZ-12,TZ,REGIÓN DE MWANZA,MWANZA,MWANZA,MWANZA,MWANZA
TZ-13,TZ,PEMBA NORTH,PEMBA NORTH,PEMBA NORTH,PEMBA NORTH,PEMBA NORTH
TZ-14,TZ,REGIÓN DE RUVUMA,RUVUMA,RUVUMA,RUVUMA,RUVUMA
TZ-15,TZ,REGIÓN DE SHINYANGA,SHINYANGA,SHINYANGA,SHINYANGA,SHINYANGA
TZ-16,TZ,REGIÓN DE SINGIDA,SINGIDA,SINGIDA,SINGIDA,SINGIDA
TZ-17,TZ,REGIÓN DE TABORA,TABORA,TABORA,TABORA,TABORA
TZ-18,TZ,REGIÓN DE TANGA,TANGA,TANGA,TANGA,TANGA
TZ-19,TZ,REGIÓN DE KAGERA,KAGERA,KAGERA,KAGERA,KAGERA
TZ-20,TZ,PEMBA SOUTH,PEMBA SOUTH,PEMBA SOUTH,PEMBA SOUTH,PEMBA SOUTH
TZ-21,TZ,ZANZIBAR CENTRAL/SOUTH,ZANZIBAR CENTRAL/SOUTH,ZANZIBAR CENTRAL/SOUTH,ZANZIBAR CENTRAL/SOUTH,ZANZIBAR CENTRAL/SOUTH
TZ-22,TZ,ZANZIBAR NORTH,ZANZIBAR NORTH,ZANZIBAR NORTH,ZANZIBAR NORTH,ZANZIBAR NORTH
TZ-23,TZ,REGIÓN DE DAR ES-SALAM,DAR ES SALAAM REGION,DAR ES SALAAM,DAR ES SALAAM REGION,DAR ES SALAAM REGION
TZ-24,TZ,REGIÓN DE RUKWA,RUKWA REGION,RUKWA,RUKWA REGION,RUKWA REGION
TZ-25,TZ,ZANZIBAR URBAN/WEST,ZANZIBAR URBAN/WEST,ZANZIBAR URBAN/WEST,ZANZIBAR URBAN/WEST,ZANZIBAR URBAN/WEST
TZ-26,TZ,REGIÓN DE ARUSHA,ARUSHA,ARUSHA,ARUSHA,ARUSHA
TZ-27,TZ,REGIÓN DE MANYARA,MANYARA,MANYARA,MANYARA,MANYARA
TZ-28,TZ,REGIÓN GEITA,GEITA REGION,RÉGION DE GEITA,GEITA REGION,GEITA REGION
TZ-29,TZ,REGIÓN DEL KATAVI,KATAVI REGION,RÉGION DE KATAVI,KATAVI REGION,KATAVI REGION
TZ-30,TZ,REGIÓN DEL NJOMBE,NJOMBE REGION,RÉGION DE NJOMBE,NJOMBE REGION,NJOMBE REGION
TZ-31,TZ,REGIÓN DEL SIMIYU,SIMIYU REGION,SIMIYU,SIMIYU REGION,SIMIYU REGION
TZ-32,TZ,SONGWE,SONGWE REGION,SONGWE,SONGWE REGION,SONGWE REGION
UA-01,UA,ÓBLAST DE CHERKASY,CHERKASY OBLAST,OBLAST DE TCHERKASSY,CHERKASY OBLAST,CHERKASY OBLAST
UA-02,UA,ÓBLAST DE CHERNÍGOV,CHERNIHIV,OBLAST DE TCHERNIHIV,CHERNIHIV,CHERNIHIV
UA-03,UA,CHERNIVTSI,CHERNIVTSI OBLAST,OBLAST DE TCHERNIVTSI,CHERNIVTSI OBLAST,CHERNIVTSI OBLAST
UA-04,UA,DNIPROPETROVSK,DNIPROPETROVSK OBLAST,OBLAST DE DNIPROPÉTROVSK,DNIPROPETROVSK OBLAST,DNIPROPETROVSK OBLAST
UA-05,UA,ÓBLAST DE DONETSK,DONETSK OBLAST,OBLAST DE DONETSK,DONETSK OBLAST,DONETSK OBLAST
UA-06,UA,ÓBLAST DE IVANO-FRANKIVSK,IVANO-FRANKIVSK OBLAST,OBLAST D'IVANO-FRANKIVSK,IVANO-FRANKIVSK OBLAST,IVANO-FRANKIVSK OBLAST
UA-07,UA,ÓBLAST DE JÁRKOV,KHARKIVS’KA OBLAST’,OBLAST DE KHARKIV,KHARKIVS’KA OBLAST’,KHARKIVS’KA OBLAST’
UA-08,UA,ÓBLAST DE JERSÓN,KHERSON OBLAST,OBLAST DE KHERSON,KHERSON OBLAST,KHERSON OBLAST
UA-09,UA,ÓBLAST DE JMELNITSKI,KAMIANETS-PODILSKY OBLAST,OBLAST DE KHMELNYTSKYÏ,KAMIANETS-PODILSKY OBLAST,KAMIANETS-PODILSKY OBLAST
UA-10,UA,ÓBLAST DE KIROVOGRADO,KIROVOHRAD OBLAST,OBLAST DE KIROVOHRAD,KIROVOHRAD OBLAST,KIROVOHRAD OBLAST
UA-11,UA,REPÚBLICA AUTÓNOMA DE CRIMEA,REPUBLIC OF CRIMEA,RÉPUBLIQUE AUTONOME DE CRIMÉE,REPUBLIC OF CRIMEA,REPUBLIC OF CRIMEA
UA-12,UA,KYIV CITY,KYIV CITY,MUNICIPALITÉ DE KIEV,KYIV CITY,KYIV CITY
UA-13,UA,OBLAST DE KYIV,KIEV,OBLAST DE KYÏV,KIEV,KIEV
UA-14,UA,OBLAST DE LUGANSK,LUHANSK,OBLAST DE LOUHANSK,LUHANSK,LUHANSK
UA-15,UA,ÓBLAST DE LEÓPOLIS,LVIV OBLAST,OBLAST DE LVIV,LVIV OBLAST,LVIV OBLAST
UA-16,UA,ÓBLAST DE MIKOLÁYIV,MYKOLAIV OBLAST,OBLAST DE MYKOLAÏV,MYKOLAIV OBLAST,MYKOLAIV OBLAST
UA-17,UA,ÓBLAST DE ODESA,ODESA OBLAST,OBLAST D'ODESSA,ODESA OBLAST,ODESA OBLAST
UA-18,UA,ÓBLAST DE POLTAVA,POLTAVA OBLAST,OBLAST DE POLTAVA,POLTAVA OBLAST,POLTAVA OBLAST
UA-19,UA,ÓBLAST DE RIVNE,RIVNE,OBLAST DE RIVNE,RIVNE,RIVNE
UA-20,UA,SEVASTOPOL CITY,SEVASTOPOL CITY,MUNICIPALITÉ DE SÉBASTOPOL,SEVASTOPOL CITY,SEVASTOPOL CITY
UA-21,UA,ÓBLAST DE SUMY,SUMY,OBLAST DE SOUMY,SUMY,SUMY
UA-22,UA,ÓBLAST DE TERNÓPIL,TERNOPIL OBLAST,OBLAST DE TERNOPIL,TERNOPIL OBLAST,TERNOPIL OBLAST
UA-23,UA,ÓBLAST DE VÍNNYTSIA,VINNYTSIA OBLAST,OBLAST DE VINNYTSIA,VINNYTSIA OBLAST,VINNYTSIA OBLAST
UA-24,UA,ÓBLAST DE VOLYN,VOLYN,OBLAST DE VOLHYNIE,VOLYN,VOLYN
UA-25,UA,ÓBLAST DE TRANSCARPACIA,TRANSCARPATHIA,OBLAST DE TRANSCARPATIE,TRANSCARPATHIA,TRANSCARPATHIA
UA-26,UA,ÓBLAST DE ZAPORIYIA,ZAPORIZHZHIA OBLAST,OBLAST DE ZAPORIJJIA,ZAPORIZHZHIA OBLAST,ZAPORIZHZHIA OBLAST
UA-27,UA,ZHYTOMYR,ZHYTOMYR,OBLAST DE JYTOMYR,ZHYTOMYR,ZHYTOMYR
UG-C,UG,CENTRAL REGION,CENTRAL REGION,CENTRE,CENTRAL REGION,CENTRAL REGION
UG-E,UG,REGIÓN ORIENTAL,EASTERN REGION,EST,EASTERN REGION,EASTERN REGION
UG-N,UG,NORTHERN REGION,NORTHERN REGION,NORD,NORTHERN REGION,NORTHERN REGION
UG-W,UG,REGIÓN OCCIDENTAL,WESTERN REGION,OUEST,WESTERN REGION,WESTERN REGION
US-AK,US,ALASKA,STATE OF ALASKA,ALASKA,STATE OF ALASKA,STATE OF ALASKA
US-AL,US,ALABAMA,ALABAMA,ALABAMA,ALABAMA,ALABAMA
US-AR,US,ARKANSAS,ARKANSAS,ARKANSAS,ARKANSAS,ARKANSAS
US-AZ,US,ARIZONA,ARIZONA,ARIZONA,ARIZONA,ARIZONA
US-CA,US,CALIFORNIA,CALIFORNIA,CALIFORNIE,CALIFORNIA,CALIFORNIA
US-CO,US,COLORADO,STATE OF COLORADO,COLORADO,STATE OF COLORADO,STATE OF COLORADO
US-CT,US,CONNECTICUT,CONNECTICUT,CONNECTICUT,CONNECTICUT,CONNECTICUT
US-DC,US,DISTRITO DE COLUMBIA,DISTRICT OF COLUMBIA,DISTRICT DE COLUMBIA,DISTRICT OF COLUMBIA,DISTRICT OF COLUMBIA
US-DE,US,DELAWARE,DELAWARE,DELAWARE,DELAWARE,DELAWARE
US-FL,US,FLORIDA,STATE OF FLORIDA,FLORIDE,STATE OF FLORIDA,STATE OF FLORIDA
US-GA,US,GEORGIA,STATE OF GEORGIA,GÉORGIE,STATE OF GEORGIA,STATE OF GEORGIA
US-HI,US,HAWAI,REPUBLIC OF HAWAII,HAWAÏ,REPUBLIC OF HAWAII,REPUBLIC OF HAWAII
US-IA,US,IOWA,IOWA,IOWA,IOWA,IOWA
US-ID,US,IDAHO,STATE OF IDAHO,IDAHO,STATE OF IDAHO,STATE OF IDAHO
US-IL,US,ILLINOIS,STATE OF ILLINOIS,ILLINOIS,STATE OF ILLINOIS,STATE OF ILLINOIS
US-IN,US,INDIANA,STATE OF INDIANA,INDIANA,STATE OF INDIANA,STATE OF INDIANA
US-KS,US,KANSAS,KANSAS,KANSAS,KANSAS,KANSAS
US-KY,US,KENTUCKY,BLUE GRASS STATE,KENTUCKY,BLUE GRASS STATE,BLUE GRASS STATE
US-LA,US,LUISIANA,STATE OF LOUISIANA,LOUISIANE,STATE OF LOUISIANA,STATE OF LOUISIANA
US-MA,US,MASSACHUSETTS,BAY STATE,MASSACHUSETTS,BAY STATE,BAY STATE
US-MD,US,MARYLAND,MARYLAND,MARYLAND,MARYLAND,MARYLAND
US-ME,US,MAINE,STATE OF MAINE,MAINE,STATE OF MAINE,STATE OF MAINE
US-MI,US,MICHIGAN,MICHIGAN,MICHIGAN,MICHIGAN,MICHIGAN
US-MN,US,MINNESOTA,STATE OF MINNESOTA,MINNESOTA,STATE OF MINNESOTA,STATE OF MINNESOTA
US-MO,US,ESTADO DE MISSOURI,STATE OF MISSOURI,MISSOURI,STATE OF MISSOURI,STATE OF MISSOURI
US-MS,US,MISSISSIPPI,STATE OF MISSISSIPPI,MISSISSIPPI,STATE OF MISSISSIPPI,STATE OF MISSISSIPPI
US-MT,US,MONTANA,STATE OF MONTANA,MONTANA,STATE OF MONTANA,STATE OF MONTANA
US-NC,US,CAROLINA DEL NORTE,STATE OF NORTH CAROLINA,CAROLINE DU NORD,STATE OF NORTH CAROLINA,STATE OF NORTH CAROLINA
US-ND,US,DAKOTA DEL NORTE,NORTH DAKOTA,DAKOTA DU NORD,NORTH DAKOTA,NORTH DAKOTA
US-NE,US,ESTADO DE NEBRASKA,STATE OF NEBRASKA,NEBRASKA,STATE OF NEBRASKA,STATE OF NEBRASKA
US-NH,US,NUEVA HAMPSHIRE,NEW HAMPSHIRE,NEW HAMPSHIRE,NEW HAMPSHIRE,NEW HAMPSHIRE
US-NJ,US,NUEVA JERSEY,NEW JERSEY,NEW JERSEY,NEW JERSEY,NEW JERSEY
US-NM,US,NUEVO MÉJICO,NEW MEXICO,NOUVEAU-MEXIQUE,NEW MEXICO,NEW MEXICO
US-NV,US,NEVADA,STATE OF NEVADA,NEVADA,STATE OF NEVADA,STATE OF NEVADA
US-NY,US,NUEVA YORK,EMPIRE STATE,NEW YORK,EMPIRE STATE,EMPIRE STATE
US-OH,US,OHIO,STATE OF OHIO,OHIO,STATE OF OHIO,STATE OF OHIO
US-OK,US,OKLAHOMA,STATE OF OKLAHOMA,OKLAHOMA,STATE OF OKLAHOMA,STATE OF OKLAHOMA
US-OR,US,OREGÓN,OREGON,OREGON,OREGON,OREGON
US-PA,US,PENSILVANIA,PENNSYLVANIA,PENNSYLVANIE,PENNSYLVANIA,PENNSYLVANIA
US-RI,US,ESTADO DE RHODE ISLAND,RHODE ISLAND,RHODE ISLAND,RHODE ISLAND,RHODE ISLAND
US-SC,US,CAROLINA DEL SUR,STATE OF SOUTH CAROLINA,CAROLINE DU SUD,STATE OF SOUTH CAROLINA,STATE OF SOUTH CAROLINA
US-SD,US,DAKOTA DEL SUR,SOUTH DAKOTA,DAKOTA DU SUD,SOUTH DAKOTA,SOUTH DAKOTA
US-TN,US,TENNESSEE,STATE OF TENNESSEE,TENNESSEE,STATE OF TENNESSEE,STATE OF TENNESSEE
US-TX,US,TEXAS,TEXAS,TEXAS,TEXAS,TEXAS
US-UT,US,ESTADO DE UTAH,STATE OF UTAH,UTAH,STATE OF UTAH,STATE OF UTAH
US-VA,US,VIRGINIA,OLD DOMINION,VIRGINIE,OLD DOMINION,OLD DOMINION
US-VT,US,VERMONT,VERMONT,VERMONT,VERMONT,VERMONT
US-WA,US,ESTADO DE WASHINGTON,STATE OF WASHINGTON,WASHINGTON,STATE OF WASHINGTON,STATE OF WASHINGTON
US-WI,US,ESTADO DE WISCONSIN,STATE OF WISCONSIN,WISCONSIN,STATE OF WISCONSIN,STATE OF WISCONSIN
US-WV,US,VIRGINIA OCCIDENTAL,WEST VIRGINIA,VIRGINIE-OCCIDENTALE,WEST VIRGINIA,WEST VIRGINIA
US-WY,US,WYOMING,STATE OF WYOMING,WYOMING,STATE OF WYOMING,STATE OF WYOMING
UY-01,UY,DEPARTAMENTO DE ARTIGAS,ARTIGAS DEPARTMENT,ARTIGAS,ARTIGAS DEPARTMENT,ARTIGAS DEPARTMENT
UY-02,UY,DEPARTAMENTO DE CANELONES,CANELONES DEPARTMENT,CANELONES,CANELONES DEPARTMENT,CANELONES DEPARTMENT
UY-03,UY,CERRO LARGO,CERRO LARGO DEPARTMENT,CERRO LARGO,CERRO LARGO DEPARTMENT,CERRO LARGO DEPARTMENT
UY-04,UY,DEPARTAMENTO DE COLONIA,COLONIA DEPARTMENT,COLONIA,COLONIA DEPARTMENT,COLONIA DEPARTMENT
UY-05,UY,DEPARTAMENTO DE DURAZNO,DURAZNO DEPARTMENT,DURAZNO,DURAZNO DEPARTMENT,DURAZNO DEPARTMENT
UY-06,UY,FLORES DEPARTMENT,FLORES DEPARTMENT,FLORES DEPARTMENT,FLORES DEPARTMENT,FLORES DEPARTMENT
UY-07,UY,DEPARTAMENTO DE FLORIDA,FLORIDA DEPARTMENT,FLORIDA,FLORIDA DEPARTMENT,FLORIDA DEPARTMENT
UY-08,UY,DEPARTAMENTO DE LAVALLEJA,LAVALLEJA DEPARTMENT,LAVALLEJA,LAVALLEJA DEPARTMENT,LAVALLEJA DEPARTMENT
UY-09,UY,DEPARTAMENTO DE MALDONADO,MALDONADO DEPARTMENT,MALDONADO,MALDONADO DEPARTMENT,MALDONADO DEPARTMENT
UY-10,UY,DEPARTAMENTO DE MONTEVIDEO,MONTEVIDEO DEPARTMENT,MONTEVIDEO,MONTEVIDEO DEPARTMENT,MONTEVIDEO DEPARTMENT
UY-11,UY,DEPARTAMENTO DE PAYSANDÚ,PAYSANDÚ DEPARTMENT,PAYSANDÚ,PAYSANDÚ DEPARTMENT,PAYSANDÚ DEPARTMENT
UY-12,UY,DEPARTAMENTO DE RÍO NEGRO,RÍO NEGRO DEPARTMENT,RÍO NEGRO,RÍO NEGRO DEPARTMENT,RÍO NEGRO DEPARTMENT
UY-13,UY,DEPARTAMENTO DE RIVERA,RIVERA DEPARTMENT,RIVERA,RIVERA DEPARTMENT,RIVERA DEPARTMENT
UY-14,UY,DEPARTAMENTO DE ROCHA,ROCHA DEPARTMENT,ROCHA,ROCHA DEPARTMENT,ROCHA DEPARTMENT
UY-15,UY,DEPARTAMENTO DE SALTO,SALTO DEPARTMENT,SALTO,SALTO DEPARTMENT,SALTO DEPARTMENT
UY-16,UY,DEPARTAMENTO DE SAN JOSÉ,SAN JOSÉ DEPARTMENT,SAN JOSÉ,SAN JOSÉ DEPARTMENT,SAN JOSÉ DEPARTMENT
UY-17,UY,DEPARTAMENTO DE SORIANO,SORIANO DEPARTMENT,SORIANO,SORIANO DEPARTMENT,SORIANO DEPARTMENT
UY-18,UY,DEPARTAMENTO DE TACUAREMBÓ,TACUAREMBÓ DEPARTMENT,TACUAREMBÓ,TACUAREMBÓ DEPARTMENT,TACUAREMBÓ DEPARTMENT
UY-19,UY,DEPARTAMENTO DE TREINTA Y TRES,TREINTA Y TRES DEPARTMENT,TREINTA Y TRES,TREINTA Y TRES DEPARTMENT,TREINTA Y TRES DEPARTMENT
VC-01,VC,CARLOTA,CHARLOTTE PARISH,CHARLOTTE,CHARLOTTE PARISH,CHARLOTTE PARISH
VC-02,VC,SAN ANDRÉS,SAINT ANDREW PARISH,SAINT-ANDREW,SAINT ANDREW PARISH,SAINT ANDREW PARISH
VC-03,VC,SAN DAVID,SAINT DAVID PARISH,SAINT-DAVID,SAINT DAVID PARISH,SAINT DAVID PARISH
VC-04,VC,SAN JORGE,SAINT GEORGE PARISH,SAINT-GEORGE,SAINT GEORGE PARISH,SAINT GEORGE PARISH
VC-05,VC,SAN PATRICIO,SAINT PATRICK PARISH,SAINT-PATRICK,SAINT PATRICK PARISH,SAINT PATRICK PARISH
VC-06,VC,GRANADINAS,GRENADINES PARISH,GRENADINES,GRENADINES PARISH,GRENADINES PARISH
VE-01,VE,AMAZONAS,AMAZONAS,AMAZONAS,AMAZONAS,AMAZONAS
VE-02,VE,ESTADO ANZOÁTEGUI,ANZOÁTEGUI,ANZOÁTEGUI,ANZOÁTEGUI,ANZOÁTEGUI
VE-03,VE,ESTADO APURE,APURE,APURE,APURE,APURE
VE-04,VE,ESTADO ARAGUA,ARAGUA,ARAGUA,ARAGUA,ARAGUA
VE-05,VE,ESTADO BARINAS,BARINAS,BARINAS,BARINAS,BARINAS
VE-06,VE,GUAYANA,BOLÍVAR,BOLÍVAR,BOLÍVAR,BOLÍVAR
VE-07,VE,ESTADO CARABOBO,CARABOBO,CARABOBO,CARABOBO,CARABOBO
VE-08,VE,ESTADO COJEDES,COJEDES,COJEDES,COJEDES,COJEDES
VE-09,VE,TERRITORIO DELTA AMACURO,DELTA AMACURO,DELTA DE L'ORÉNOQUE,DELTA AMACURO,DELTA AMACURO
VE-11,VE,CORO,FALCÓN,FALCÓN,FALCÓN,FALCÓN
VE-12,VE,ESTADO GUÁRICO,GUÁRICO,GUÁRICO,GUÁRICO,GUÁRICO
VE-13,VE,BARQUISIMETO,LARA,LARA,LARA,LARA
VE-14,VE,ESTADO MÉRIDA,MÉRIDA,MÉRIDA,MÉRIDA,MÉRIDA
VE-15,VE,ESTADO MIRANDA,MIRANDA,MIRANDA,MIRANDA,MIRANDA
VE-16,VE,ESTADO MATURÍN,MONAGAS,MONAGAS,MONAGAS,MONAGAS
VE-17,VE,ESTADO NUEVA ESPARTA,NUEVA ESPARTA,NUEVA ESPARTA,NUEVA ESPARTA,NUEVA ESPARTA
VE-18,VE,PORTUGUESA,PORTUGUESA,PORTUGUESA,PORTUGUESA,PORTUGUESA
VE-19,VE,CUMANÁ,STATE OF SUCRE,SUCRE,STATE OF SUCRE,STATE OF SUCRE
VE-20,VE,TÁCHIRA,TÁCHIRA,TÁCHIRA,TÁCHIRA,TÁCHIRA
VE-21,VE,ESTADO TRUJILLO,ESTADO TRUJILLO,TRUJILLO,ESTADO TRUJILLO,ESTADO TRUJILLO
VE-22,VE,YARACUY,YARACUY,YARACUY,YARACUY,YARACUY
VE-23,VE,ZULIA,ZULIA,ZULIA,ZULIA,ZULIA
VE-24,VE,DEPENDENCIAS FEDERALES,DEPENDENCIAS FEDERALES,DEPENDENCIAS FEDERALES,DEPENDENCIAS FEDERALES,DEPENDENCIAS FEDERALES
VE-25,VE,DISTRITO CAPITAL,FEDERAL DISTRICT,DISTRICT CAPITALE DE CARACAS,FEDERAL DISTRICT,FEDERAL DISTRICT
VE-26,VE,ESTADO VARGAS,VARGAS,VARGAS,VARGAS,VARGAS
VN-01,VN,HANOI,HANOI,HANOI,HANOI,HANOI
VN-04,VN,CAO BẰNG,CAO BẰNG PROVINCE,CAO BẰNG,CAO BẰNG PROVINCE,CAO BẰNG PROVINCE
VN-08,VN,TUYEN QUANG,TUYEN QUANG,TUYEN QUANG,TUYEN QUANG,TUYEN QUANG
VN-11,VN,ĐIỆN BIÊN PROVINCE,ĐIỆN BIÊN PROVINCE,ĐIỆN BIÊN PROVINCE,ĐIỆN BIÊN PROVINCE,ĐIỆN BIÊN PROVINCE
VN-12,VN,LAI CHÂU,LAI CHÂU PROVINCE,LAI CHÂU,LAI CHÂU PROVINCE,LAI CHÂU PROVINCE
VN-14,VN,SƠN LA,SƠN LA PROVINCE,SƠN LA,SƠN LA PROVINCE,SƠN LA PROVINCE
VN-15,VN,LAO CAI,LAO CAI,LAO CAI,LAO CAI,LAO CAI
VN-19,VN,THAI NGUYEN,THAI NGUYEN,THAI NGUYEN,THAI NGUYEN,THAI NGUYEN
VN-20,VN,LẠNG SƠN,LẠNG SƠN PROVINCE,LẠNG SƠN,LẠNG SƠN PROVINCE,LẠNG SƠN PROVINCE
VN-22,VN,QUẢNG NINH,QUẢNG NINH,QUẢNG NINH,QUẢNG NINH,QUẢNG NINH
VN-24,VN,BAC NINH,BAC NINH,BAC NINH,BAC NINH,BAC NINH
VN-25,VN,PHU THO,PHU THO,PHU THO,PHU THO,PHU THO
VN-31,VN,HAI PHONG,HAI PHONG,HAI PHONG,HAI PHONG,HAI PHONG
VN-33,VN,HƯNG YÊN PROVINCE,HƯNG YÊN PROVINCE,HƯNG YÊN PROVINCE,HƯNG YÊN PROVINCE,HƯNG YÊN PROVINCE
VN-37,VN,NINH BINH,NINH BINH,NINH BINH,NINH BINH,NINH BINH
VN-38,VN,THANH HÓA,THANH HÓA PROVINCE,THANH HÓA,THANH HÓA PROVINCE,THANH HÓA PROVINCE
VN-40,VN,NGHỆ AN PROVINCE,NGHỆ AN PROVINCE,NGHỆ AN PROVINCE,NGHỆ AN PROVINCE,NGHỆ AN PROVINCE
VN-42,VN,HÀ TĨNH,HÀ TĨNH PROVINCE,HÀ TĨNH,HÀ TĨNH PROVINCE,HÀ TĨNH PROVINCE
VN-44,VN,QUANG TRI,QUANG TRI,QUANG TRI,QUANG TRI,QUANG TRI
VN-46,VN,THỪA THIÊN HUẾ PROVINCE,THỪA THIÊN HUẾ PROVINCE,THỪA THIÊN HUẾ PROVINCE,THỪA THIÊN HUẾ PROVINCE,THỪA THIÊN HUẾ PROVINCE
VN-48,VN,DA NANG CITY,DA NANG CITY,DA NANG CITY,DA NANG CITY,DA NANG CITY
VN-51,VN,QUANG NGAI,QUANG NGAI,QUANG NGAI,QUANG NGAI,QUANG NGAI
VN-52,VN,GIA LAI,GIA LAI,GIA LAI,GIA LAI,GIA LAI
VN-56,VN,KHANH HOA,KHANH HOA,KHANH HOA,KHANH HOA,KHANH HOA
VN-66,VN,DAK LAK,DAK LAK,DAK LAK,DAK LAK,DAK LAK
VN-68,VN,LAM DONG,LAM DONG,LAM DONG,LAM DONG,LAM DONG
VN-75,VN,DONG NAI,DONG NAI,DONG NAI,DONG NAI,DONG NAI
VN-79,VN,HO CHI MINH CITY (HCMC),HO CHI MINH CITY (HCMC),HO CHI MINH CITY (HCMC),HO CHI MINH CITY (HCMC),HO CHI MINH CITY (HCMC)
VN-80,VN,TAY NINH,TAY NINH,TAY NINH,TAY NINH,TAY NINH
VN-82,VN,DONG THAP,DONG THAP,DONG THAP,DONG THAP,DONG THAP
VN-86,VN,VINH LONG,VINH LONG,VINH LONG,VINH LONG,VINH LONG
VN-91,VN,AN GIANG,AN GIANG,AN GIANG,AN GIANG,AN GIANG
VN-92,VN,CAN THO CITY,CAN THO CITY,CAN THO CITY,CAN THO CITY,CAN THO CITY
VN-96,VN,CA MAU,CA MAU,CA MAU,CA MAU,CA MAU
VU-07,VU,TORBA,TORBA PROVINCE,TORBA,TORBA PROVINCE,TORBA PROVINCE
VU-13,VU,SANMA,SANMA,SANMA,SANMA,SANMA
VU-15,VU,TAFEA,TAFEA,TAFEA,TAFEA,TAFEA
VU-16,VU,MALAMPA,MALAMPA,MALAMPA,MALAMPA,MALAMPA
VU-17,VU,PENAMA,PENAMA,PÉNAMA,PENAMA,PENAMA
VU-18,VU,SHEFA,SHEFA,SHEFA,SHEFA,SHEFA
WS-01,WS,A'ANA,A'ANA,A'ANA,A'ANA,A'ANA
WS-02,WS,AIGA-I-LE-TAI,AIGA-I-LE-TAI,AIGA-I-LE-TAI,AIGA-I-LE-TAI,AIGA-I-LE-TAI
WS-03,WS,ATUA,ATUA,ATUA,ATUA,ATUA
WS-04,WS,FA'ASALELEAGA,FA'ASALELEAGA,FA'ASALELEAGA,FA'ASALELEAGA,FA'ASALELEAGA
WS-05,WS,GAGA'EMAUGA,GAGA'EMAUGA,GAGA'EMAUGA,GAGA'EMAUGA,GAGA'EMAUGA
WS-06,WS,VA'A-O-FONOTI,VA'A-O-FONOTI,VA'A-O-FONOTI,VA'A-O-FONOTI,VA'A-O-FONOTI
WS-07,WS,GAGA'IFOMAUGA,GAGA'IFOMAUGA,GAGA'IFOMAUGA,GAGA'IFOMAUGA,GAGA'IFOMAUGA
WS-08,WS,PALAULI,PALAULI,PALAULI,PALAULI,PALAULI
WS-09,WS,SATUPA'ITEA,SATUPA'ITEA,SATUPA'ITEA,SATUPA'ITEA,SATUPA'ITEA
WS-10,WS,TUAMASAGA,TUAMASAGA,TUAMASAGA,TUAMASAGA,TUAMASAGA
WS-11,WS,VAISIGANO,VAISIGANO,VAISIGANO,VAISIGANO,VAISIGANO
ZA-02,ZA,KWAZULU-NATAL,KWAZULU-NATAL,KWAZULU-NATAL,KWAZULU-NATAL,KWAZULU-NATAL
ZA-03,ZA,PROVINCIA DEL ESTADO LIBRE,ORANGE FREE STATE,ÉTAT LIBRE,ORANGE FREE STATE,ORANGE FREE STATE
ZA-05,ZA,PROVINCIA ORIENTAL DEL CABO,EASTERN CAPE,CAP-ORIENTAL,EASTERN CAPE,EASTERN CAPE
ZA-06,ZA,GAUTENG,GAUTENG,GAUTENG,GAUTENG,GAUTENG
ZA-07,ZA,MPUMALANGA,MPUMALANGA,MPUMALANGA,MPUMALANGA,MPUMALANGA
ZA-08,ZA,PROVINCIA SEPTENTRIONAL DEL CABO,NORTHERN CAPE,CAP-NORD,NORTHERN CAPE,NORTHERN CAPE
ZA-09,ZA,PROVINCIA DE LIMPOPO,LIMPOPO,LIMPOPO PROVINCE,LIMPOPO,LIMPOPO
ZA-10,ZA,PROVINCIA DEL NOROESTE,NORTH WEST,PROVINCE DU NORD-OUEST,NORTH WEST,NORTH WEST
ZA-11,ZA,PROVINCIA OCCIDENTAL DEL CABO,WESTERN CAPE,CAP-OCCIDENTAL,WESTERN CAPE,WESTERN CAPE
ZM-01,ZM,PROVINCIA DEL OESTE,WESTERN PROVINCE,PROVINCE OCCIDENTALE,WESTERN PROVINCE,WESTERN PROVINCE
ZM-02,ZM,PROVINCIA CENTRAL,CENTRAL PROVINCE,PROVINCE CENTRALE,CENTRAL PROVINCE,CENTRAL PROVINCE
ZM-03,ZM,PROVINCIA DEL ESTE,EASTERN PROVINCE,PROVINCE ORIENTALE,EASTERN PROVINCE,EASTERN PROVINCE
ZM-04,ZM,PROVINCIA DE LUAPULA,LUAPULA PROVINCE,LUAPULA,LUAPULA PROVINCE,LUAPULA PROVINCE
ZM-05,ZM,PROVINCIA DEL NORTE,NORTHERN PROVINCE,PROVINCE SEPTENTRIONALE,NORTHERN PROVINCE,NORTHERN PROVINCE
ZM-06,ZM,NORTH-WESTERN,NORTH-WESTERN,NORTH-WESTERN,NORTH-WESTERN,NORTH-WESTERN
ZM-07,ZM,PROVINCIA DEL SUR,SOUTHERN PROVINCE,PROVINCE MÉRIDIONALE,SOUTHERN PROVINCE,SOUTHERN PROVINCE
ZM-08,ZM,PROVINCIA DE COPPERBELT,COPPERBELT,COPPERBELT,COPPERBELT,COPPERBELT
ZM-09,ZM,PROVINCIA DE LUSAKA,LUSAKA PROVINCE,LUSAKA,LUSAKA PROVINCE,LUSAKA PROVINCE
ZM-10,ZM,PROVINCIA DE MUCHINGA,MUCHINGA,MUCHINGA,MUCHINGA,MUCHINGA
ZW-01,ZW,MANICALANDIA,MANICALAND,MANICALAND,MANICALAND,MANICALAND
ZW-02,ZW,MIDLANDS,MIDLANDS PROVINCE,MIDLANDS,MIDLANDS PROVINCE,MIDLANDS PROVINCE
ZW-03,ZW,MASHONALANDIA CENTRAL,MASHONALAND CENTRAL,MASHONALAND CENTRAL,MASHONALAND CENTRAL,MASHONALAND CENTRAL
ZW-04,ZW,MASHONALANDIA ORIENTAL,MASHONALAND EAST PROVINCE,MASHONALAND ORIENTAL,MASHONALAND EAST PROVINCE,MASHONALAND EAST PROVINCE
ZW-05,ZW,MASHONALANDIA OCCIDENTAL,MASHONALAND WEST,MASHONALAND OCCIDENTAL,MASHONALAND WEST,MASHONALAND WEST
ZW-06,ZW,MATABELELANDIA SEPTENTRIONAL,MATABELELAND NORTH,MATABELELAND SEPTENTRIONAL,MATABELELAND NORTH,MATABELELAND NORTH
ZW-07,ZW,MATABELELANDIA MERIDIONAL,MATABELELAND SOUTH PROVINCE,MATABELELAND MÉRIDIONAL,MATABELELAND SOUTH PROVINCE,MATABELELAND SOUTH PROVINCE
ZW-08,ZW,PROVINCIA DE MASVINGO,MASVINGO PROVINCE,MASVINGO,MASVINGO PROVINCE,MASVINGO PROVINCE
ZW-09,ZW,BULAWAYO,BULAWAYO,BULAWAYO,BULAWAYO,BULAWAYO
ZW-10,ZW,HARARE,HARARE PROVINCE,HARARE,HARARE PROVINCE,HARARE PROVINCE
