Codigo,DescripcionES,LineaCodigo,DescripcionEN,DescripcionFR,DescripcionDE,DescripcionPT
01101,TRAJES Y SACOS SPORT,1,SPORT SUITS AND JACKETS,TENUES DE SPORT ET VESTES,SPORT SUITS AND JACKETS,SPORT SUITS AND JACKETS
01102,ABRIGOS,1,COATS,MANTEAUX,COATS,COATS
01103,CHAQUETAS,1,JACKETS,VESTES,JACKETS,JACKETS
01104,CHALECOS,1,VESTS,GILETS,VESTS,VESTS
01105,JEANS,1,JEANS,JEANS,JEANS,JEANS
01106,PANTALONES DE VESTIR,1,DRESS PANTS,PANTALONS DE COSTUME,DRESS PANTS,DRESS PANTS
01107,PANTALONES DE SPORT,1,SPORTS TROUSERS,PANTALONS DE SPORT,SPORTS TROUSERS,SPORTS TROUSERS
01108,CAMISAS DE VESTIR,1,DRESS SHIRTS,CHEMISES HABILLÉES,DRESS SHIRTS,DRESS SHIRTS
01109,CAMISAS DE SPORT,1,SPORT SHIRTS,MAILLOTS DE SPORT,SPORT SHIRTS,SPORT SHIRTS
01110,PULLOVERS T-SHIRTS,1,PULLOVERS T-SHIRTS,T-SHIRTS À PULL,PULLOVERS T-SHIRTS,PULLOVERS T-SHIRTS
01111,PULLOVERS P-SHIRTS,1,PULLOVERS P-SHIRTS,PULLS P-SHIRTS,PULLOVERS P-SHIRTS,PULLOVERS P-SHIRTS
01112,CAMISETILLAS,1,T-SHIRTS,T-SHIRTS,T-SHIRTS,T-SHIRTS
01113,GUAYABERAS,1,GUAYABERAS,GUAYABÉRAS,GUAYABERAS,GUAYABERAS
01114,CONJUNTOS,1,SETS,ENSEMBLES,SETS,SETS
01115,SHORT,1,SHORT,COURT,SHORT,SHORT
01116,BERMUDAS,1,BERMUDA,BERMUDES,BERMUDA,BERMUDA
01117,PRENDAS DE CALENTAMIENTO,1,WARMING CLOTHES,VÊTEMENTS CHAUFFANTS,WARMING CLOTHES,WARMING CLOTHES
01118,TRUSAS,1,BRIEFS,SLIPS,BRIEFS,BRIEFS
01200,CONFECCIONES INTERIORES,1,INTERIOR FABRICS,TISSUS D'INTÉRIEUR,INTERIOR FABRICS,INTERIOR FABRICS
01201,CALZONCILLOS,1,UNDERPANTS,SLIP,UNDERPANTS,UNDERPANTS
01202,CAMISETAS,1,T-SHIRTS,T-SHIRTS,T-SHIRTS,T-SHIRTS
01203,CONJUNTO DE  ROPA INTERIOR,1,UNDERWEAR SET,ENSEMBLE DE SOUS-VÊTEMENTS,UNDERWEAR SET,UNDERWEAR SET
01204,PIJAMAS,1,PAJAMAS,PYJAMAS,PAJAMAS,PAJAMAS
01205,MEDIAS,1,SOCKS,CHAUSSETTES,SOCKS,SOCKS
01300,CONFECCIONES ACCESORIAS,1,ACCESSORY CLOTHING,VÊTEMENTS ACCESSOIRES,ACCESSORY CLOTHING,ACCESSORY CLOTHING
01301,PAÑUELOS,1,HANDKERCHIEFS,MOUCHOIRS,HANDKERCHIEFS,HANDKERCHIEFS
01302,CORBATAS,1,TIES,ÉTAPES,TIES,TIES
01303,LAZOS,1,TIES,ÉTAPES,TIES,TIES
01304,GUANTES,1,GLOVES,GANTS,GLOVES,GLOVES
02100,CONFECCIONES EXTERIORES,2,OUTERWEAR,VÊTEMENTS D'EXTÉRIEUR,OUTERWEAR,OUTERWEAR
02101,ABRIGOS SWEATERS Y JACKETS,2,"COATS, SWEATERS AND JACKETS","COATS,"COATS
02102,CHAQUETAS,2,JACKETS,VESTES,JACKETS,JACKETS
02103,JEANS,2,JEANS,JEANS,JEANS,JEANS
02104,PANTALON DE VESTIR,2,DRESS PANTS,PANTALONS DE COSTUME,DRESS PANTS,DRESS PANTS
02105,PANTALON DE SPORT,2,SPORTS TROUSERS,PANTALONS DE SPORT,SPORTS TROUSERS,SPORTS TROUSERS
02106,OVEROLL,2,OVERALL,DANS L'ENSEMBLE,OVERALL,OVERALL
02107,CAMISA DE VESTIR,2,DRESS SHIRT,CHEMISE HABILLÉE,DRESS SHIRT,DRESS SHIRT
02108,CAMISA DE SPORT,2,SPORTS SHIRT,MAILLOT DE SPORT,SPORTS SHIRT,SPORTS SHIRT
02109,PULLOVERS T-SHIRTS,2,PULLOVERS T-SHIRTS,T-SHIRTS À PULL,PULLOVERS T-SHIRTS,PULLOVERS T-SHIRTS
02110,PULLOVERS P-SHIRTS,2,PULLOVERS P-SHIRTS,PULLS P-SHIRTS,PULLOVERS P-SHIRTS,PULLOVERS P-SHIRTS
02111,CAMISETILLAS,2,T-SHIRTS,T-SHIRTS,T-SHIRTS,T-SHIRTS
02112,GUAYABERAS,2,GUAYABERAS,GUAYABÉRAS,GUAYABERAS,GUAYABERAS
02113,CONJUNTOS,2,SETS,ENSEMBLES,SETS,SETS
02114,SHORTS,2,SHORTS,SHORTS,SHORTS,SHORTS
02115,BERMUDAS,2,BERMUDA,BERMUDES,BERMUDA,BERMUDA
02116,PRENDAS DE CALENTAMIENTO,2,WARMING CLOTHES,VÊTEMENTS CHAUFFANTS,WARMING CLOTHES,WARMING CLOTHES
02117,TRUSAS,2,BRIEFS,SLIPS,BRIEFS,BRIEFS
02118,CHALECOS,2,VESTS,GILETS,VESTS,VESTS
02200,CONFECCIONES INTERIORES,2,INTERIOR FABRICS,TISSUS D'INTÉRIEUR,INTERIOR FABRICS,INTERIOR FABRICS
02201,CALZONCILLOS,2,UNDERPANTS,SLIP,UNDERPANTS,UNDERPANTS
02202,CAMISETAS,2,T-SHIRTS,T-SHIRTS,T-SHIRTS,T-SHIRTS
02203,JUEGOS ROPA INTERIOR,2,UNDERWEAR GAMES,JEUX DE SOUS-VÊTEMENTS,UNDERWEAR GAMES,UNDERWEAR GAMES
02204,PIJAMAS,2,PAJAMAS,PYJAMAS,PAJAMAS,PAJAMAS
02205,MEDIAS,2,SOCKS,CHAUSSETTES,SOCKS,SOCKS
02300,CONFECCIONES ACCESORIAS,2,ACCESSORY CLOTHING,VÊTEMENTS ACCESSOIRES,ACCESSORY CLOTHING,ACCESSORY CLOTHING
02301,PAÑUELOS,2,HANDKERCHIEFS,MOUCHOIRS,HANDKERCHIEFS,HANDKERCHIEFS
02302,CORBATAS,2,TIES,ÉTAPES,TIES,TIES
02303,LAZOS,2,TIES,ÉTAPES,TIES,TIES
03100,CONFECCIONES EXTERIORES,3,OUTERWEAR,VÊTEMENTS D'EXTÉRIEUR,OUTERWEAR,OUTERWEAR
03101,CONJUNTOS,3,SETS,ENSEMBLES,SETS,SETS
03102,ABRIGOS SWEATERS Y JACKETS,3,"COATS, SWEATERS AND JACKETS","COATS,"COATS
03103,CHAQUETAS,3,JACKETS,VESTES,JACKETS,JACKETS
03104,CHALECOS,3,VESTS,GILETS,VESTS,VESTS
03105,BLUSA DE VESTIR,3,DRESS BLOUSE,CHEMISE ROBE,DRESS BLOUSE,DRESS BLOUSE
03106,BLUSA DE SPORT,3,SPORTS BLOUSE,CHEMISE DE SPORT,SPORTS BLOUSE,SPORTS BLOUSE
03107,PULLOVERS,3,PULLOVERS,PULLS,PULLOVERS,PULLOVERS
03108,CAMISETILLAS,3,T-SHIRTS,T-SHIRTS,T-SHIRTS,T-SHIRTS
03109,TOPES,3,LIMITS,LIMITES,LIMITS,LIMITS
03110,BODY,3,BODY,CORPS,BODY,BODY
03111,JEANS,3,JEANS,JEANS,JEANS,JEANS
03112,PANTALONES,3,PANTS,PANTALON,PANTS,PANTS
03113,OVERALL Y MONOPANTALON,3,OVERALL AND JUMPSUIT,COMBINAISON ET SALOPETTE,OVERALL AND JUMPSUIT,OVERALL AND JUMPSUIT
03114,VESTIDOS,3,CLOTHES,VÊTEMENTS,CLOTHES,CLOTHES
03115,SAYAS JEANS,3,JEANS SKIRT,JUPE EN JEAN,JEANS SKIRT,JEANS SKIRT
03116,SAYAS,3,SKIRTS,JUPES,SKIRTS,SKIRTS
03117,MONO SHORTS,3,MONO SHORTS,MONO SHORTS,MONO SHORTS,MONO SHORTS
03118,SHORTS,3,SHORTS,SHORTS,SHORTS,SHORTS
03119,BERMUDAS,3,BERMUDA,BERMUDES,BERMUDA,BERMUDA
03120,PRENDAS DE CALENTAMIENTO,3,WARMING CLOTHES,VÊTEMENTS CHAUFFANTS,WARMING CLOTHES,WARMING CLOTHES
03121,PAREOS,3,Sarongs,Sarongs,Sarongs,Sarongs
03122,TRUSAS,3,BRIEFS,SLIPS,BRIEFS,BRIEFS
03200,CONFECCIONES INTERIORES,3,INTERIOR FABRICS,TISSUS D'INTÉRIEUR,INTERIOR FABRICS,INTERIOR FABRICS
03201,AJUSTADORES,3,ADJUSTERS,AJUSTEURS,ADJUSTERS,ADJUSTERS
03202,BRASSIER,3,BRASSIER,CUIVRE,BRASSIER,BRASSIER
03203,BATAS DE CASAS,3,HOUSE DRESSINGS,VÊTEMENTS D'INTÉRIEUR,HOUSE DRESSINGS,HOUSE DRESSINGS
03204,BLOOMER,3,BLOOMER,BLOOMER,BLOOMER,BLOOMER
03205,CORPIÑOS,3,BRAS,SOUTIENS-GORGE,BRAS,BRAS
03206,FAJAS Y PANTY-FAJAS,3,SHAPEWEAR AND PANTY-SHAPED GIRLS,VÊTEMENTS GALBANTS ET CULOTTES POUR FILLES,SHAPEWEAR AND PANTY-SHAPED GIRLS,SHAPEWEAR AND PANTY-SHAPED GIRLS
03207,JUEGOS INTERIORES,3,INDOOR GAMES,JEUX D'INTÉRIEUR,INDOOR GAMES,INDOOR GAMES
03208,MEDIAS,3,SOCKS,CHAUSSETTES,SOCKS,SOCKS
03209,PANTY MEDIAS,3,PANTYHOSE,COLLANTS,PANTYHOSE,PANTYHOSE
03300,CONFECCIONES ACCESORIAS,3,ACCESSORY CLOTHING,VÊTEMENTS ACCESSOIRES,ACCESSORY CLOTHING,ACCESSORY CLOTHING
03301,PAÑUELOS DE CABEZAS,3,HEADSCARVES,FOULARDS,HEADSCARVES,HEADSCARVES
03302,PAÑUELOS DE MANOS,3,HANDKERCHIEFS,MOUCHOIRS,HANDKERCHIEFS,HANDKERCHIEFS
03303,OTROS PAÑUELOS,3,OTHER HANDKERCHIEFS,AUTRES MOUCHOIRS,OTHER HANDKERCHIEFS,OTHER HANDKERCHIEFS
03304,GUANTES,3,GLOVES,GANTS,GLOVES,GLOVES
04100,CONFECCIONES EXTERIORES,4,OUTERWEAR,VÊTEMENTS D'EXTÉRIEUR,OUTERWEAR,OUTERWEAR
04101,CONJUNTOS,4,SETS,ENSEMBLES,SETS,SETS
04102,ABRIGOS,4,COATS,MANTEAUX,COATS,COATS
04103,CHAQUETAS,4,JACKETS,VESTES,JACKETS,JACKETS
04104,CHALECOS,4,VESTS,GILETS,VESTS,VESTS
04105,BLUSA DE VESTIR,4,DRESS BLOUSE,CHEMISE ROBE,DRESS BLOUSE,DRESS BLOUSE
04106,BLUSA DE SPORT,4,SPORTS BLOUSE,CHEMISE DE SPORT,SPORTS BLOUSE,SPORTS BLOUSE
04107,PULLOVER,4,PULLOVER,ARRÊTEZ-VOUS,PULLOVER,PULLOVER
04108,CAMISETILLAS,4,T-SHIRTS,T-SHIRTS,T-SHIRTS,T-SHIRTS
04109,TOPES,4,LIMITS,LIMITES,LIMITS,LIMITS
04110,BODY,4,BODY,CORPS,BODY,BODY
04111,JEANS,4,JEANS,JEANS,JEANS,JEANS
04112,PANTALONES,4,PANTS,PANTALON,PANTS,PANTS
04113,OVERALL Y MONPANTALON,4,OVERALL AND PANTS,SALOPETTE ET PANTALON,OVERALL AND PANTS,OVERALL AND PANTS
04114,VESTIDO,4,DRESS,ROBE,DRESS,DRESS
04115,BATAS,4,BATHES,BAINS,BATHES,BATHES
04116,SAYAS JEANS,4,JEANS SKIRT,JUPE EN JEAN,JEANS SKIRT,JEANS SKIRT
04117,SAYAS,4,SKIRTS,JUPES,SKIRTS,SKIRTS
04118,MONOSHORTS,4,MONOSHORTS,MONOCOURTS,MONOSHORTS,MONOSHORTS
04119,SHORTS,4,SHORTS,SHORTS,SHORTS,SHORTS
04120,BERMUDAS,4,BERMUDA,BERMUDES,BERMUDA,BERMUDA
04121,PRENDAS DE CALENTAMIENTO,4,WARMING CLOTHES,VÊTEMENTS CHAUFFANTS,WARMING CLOTHES,WARMING CLOTHES
04122,PAREOS,4,Sarongs,Sarongs,Sarongs,Sarongs
04123,TRUSAS,4,BRIEFS,SLIPS,BRIEFS,BRIEFS
04200,CONFECCIONES INTERIORES,4,INTERIOR FABRICS,TISSUS D'INTÉRIEUR,INTERIOR FABRICS,INTERIOR FABRICS
04201,BATA DE CASA,4,HOUSE BATH,SALLE DE BAIN DE LA MAISON,HOUSE BATH,HOUSE BATH
04202,BLOOMER,4,BLOOMER,BLOOMER,BLOOMER,BLOOMER
04203,CORPIÑOS,4,BRAS,SOUTIENS-GORGE,BRAS,BRAS
04204,JUEGOS INTERIORES,4,INDOOR GAMES,JEUX D'INTÉRIEUR,INDOOR GAMES,INDOOR GAMES
04205,MEDIAS,4,SOCKS,CHAUSSETTES,SOCKS,SOCKS
04206,PANTY-MEDIAS,4,PANTYHOSE,COLLANTS,PANTYHOSE,PANTYHOSE
04207,JUEGOS DE DORMIR,4,SLEEPING GAMES,JEUX DE DORMIR,SLEEPING GAMES,SLEEPING GAMES
04208,AJUSTADORES,4,ADJUSTERS,AJUSTEURS,ADJUSTERS,ADJUSTERS
04300,CONFECCIONES ACCESORIAS,4,ACCESSORY CLOTHING,VÊTEMENTS ACCESSOIRES,ACCESSORY CLOTHING,ACCESSORY CLOTHING
04301,PAÑUELOS DE MANO,4,HANDKERCHIEFS,MOUCHOIRS,HANDKERCHIEFS,HANDKERCHIEFS
04302,LAZOS,4,TIES,ÉTAPES,TIES,TIES
05100,CONFECCION EXTERIOR,5,OUTER CLOTHING,VÊTEMENTS D'EXTÉRIEUR,OUTER CLOTHING,OUTER CLOTHING
05101,CULEROS,5,ASSHOLES,CONNARDS,ASSHOLES,ASSHOLES
05102,GORROS,5,HATS,CHAPEAUX,HATS,HATS
05103,MEDIAS,5,SOCKS,CHAUSSETTES,SOCKS,SOCKS
05104,MAMELUCOS,5,MAMELUKS,MAMÉLUKS,MAMELUKS,MAMELUKS
05105,PAÑALES,5,DIAPERS,COUCHES,DIAPERS,DIAPERS
05106,ROPA P/BEBE,5,BABY CLOTHES,VÊTEMENTS POUR BÉBÉS,BABY CLOTHES,BABY CLOTHES
05107,JUEGOS DOBLE,5,DOUBLE GAMES,JEUX DOUBLES,DOUBLE GAMES,DOUBLE GAMES
05108,CAPOCITO,5,CAPOCITO,CAPOCITO,CAPOCITO,CAPOCITO
05109,ROPONCITO,5,ROPONCITO,ROPONCITO,ROPONCITO,ROPONCITO
05110,ABRIGO,5,COAT,MANTEAU,COAT,COAT
05200,CONFECC.ACCESOR. Y AJUARES,5,"CLOTHING, ACCESSORIES,"CLOTHING,"CLOTHING
05201,COBERTORES,5,BLANKETS,COUVERTURES,BLANKETS,BLANKETS
05202,FRAZADAS,5,BLANKETS,COUVERTURES,BLANKETS,BLANKETS
05203,FUNDAS,5,CASES,CAS,CASES,CASES
05204,IMPERDIBLES,5,MUST-SEES,À VOIR ABSOLUMENT,MUST-SEES,MUST-SEES
05205,JUEGOS DE CAMA,5,BEDDING SETS,ENSEMBLES DE LITERIE,BEDDING SETS,BEDDING SETS
05206,MOSQUITEROS,5,MOSQUITO NETS,MOUSTIQUAIRES,MOSQUITO NETS,MOSQUITO NETS
05207,SABANAS,5,BED SHEETS,DRAPS DE LIT,BED SHEETS,BED SHEETS
05208,TOALLAS,5,TOWELS,SERVIETTES,TOWELS,TOWELS
05209,BABEROS,5,BIBS,BIBS,BIBS,BIBS
05210,MANTAS,5,BLANKETS,COUVERTURES,BLANKETS,BLANKETS
05211,JUEGOS DE TOALLAS,5,TOWEL SETS,ENSEMBLES DE SERVIETTES,TOWEL SETS,TOWEL SETS
05212,HULE,5,RUBBER,CAOUTCHOUC,RUBBER,RUBBER
05213,ACCESORIOS CANASTILLA,5,BASKET ACCESSORIES,ACCESSOIRES DE PANIER,BASKET ACCESSORIES,BASKET ACCESSORIES
05300,ARTICULOS P/LA ALIMENTACION,5,FOOD PRODUCTS,PRODUITS ALIMENTAIRES,FOOD PRODUCTS,FOOD PRODUCTS
05301,TETERAS,5,TEAPOTS,THÉIÈRES,TEAPOTS,TEAPOTS
05302,BIBERONES,5,BOTTLES,BOUTEILLES,BOTTLES,BOTTLES
05303,CHUPONES,5,PACIFIERS,TÉTINES,PACIFIERS,PACIFIERS
05304,VASOS P/BEBE,5,BABY CUPS,TASSES POUR BÉBÉS,BABY CUPS,BABY CUPS
05305,PLATOS,5,DISHES,PLATS,DISHES,DISHES
05306,JUEGOS P/ALIMENTACION,5,FOOD GAMES,JEUX DE NOURRITURE,FOOD GAMES,FOOD GAMES
05307,ACCESORIOS,5,ACCESSORIES,ACCESSOIRES,ACCESSORIES,ACCESSORIES
05308,PORTA TETERAS,5,TEAPOT HOLDERS,PORTE-THÉIÈRES,TEAPOT HOLDERS,TEAPOT HOLDERS
05309,CUCHARAS,5,SPOONS,CUILLÈRES,SPOONS,SPOONS
06100,ARTICULOS Y ACCESORIOS,6,ARTICLES AND ACCESSORIES,ARTICLES ET ACCESSOIRES,ARTICLES AND ACCESSORIES,ARTICLES AND ACCESSORIES
06101,AGUJAS,6,NEEDLES,AIGUILLES,NEEDLES,NEEDLES
06102,HILOS,6,THREADS,FILS DE DISCUSSION,THREADS,THREADS
06103,TIJERAS,6,SCISSORS,CISEAUX,SCISSORS,SCISSORS
06104,ALFILERES,6,PINS,ÉPINGLE,PINS,PINS
06105,ARO DE BORDAR,6,EMBROIDERY HOOP,CERCEAU À BRODER,EMBROIDERY HOOP,EMBROIDERY HOOP
06106,JGOS.P/COSER,6,SEWING JAGS,JAMBE DE COUTURE,SEWING JAGS,SEWING JAGS
06107,OTROS AC.P/COSER,6,OTHER AC.P/SEWING,AUTRES AC.P/COUTURE,OTHER AC.P/SEWING,OTHER AC.P/SEWING
06200,ADORNOS P/VESTIDOS Y OTROS,6,TRIMMINGS FOR DRESSES AND OTHERS,ACCESSOIRES POUR ROBES ET AUTRES,TRIMMINGS FOR DRESSES AND OTHERS,TRIMMINGS FOR DRESSES AND OTHERS
06201,ENCAJES,6,LACE,DENTELLE,LACE,LACE
06202,CINTAS,6,TAPES,BANDES,TAPES,TAPES
06203,PUNTAS,6,TIPS,CONSEILS,TIPS,TIPS
06204,BOTONES,6,BUTTONS,BOUTONS,BUTTONS,BUTTONS
06205,BROCHES,6,BROOCHES,BROCHES,BROOCHES,BROOCHES
06206,ZIPPER,6,ZIPPER,FERMETURE ÉCLAIR,ZIPPER,ZIPPER
06207,GALONES,6,GALLONS,GALLONS,GALLONS,GALLONS
06208,ELASTICOS,6,ELASTICS,ÉLASTIQUES,ELASTICS,ELASTICS
06209,CASCABEL,6,BELL,CLOCHE,BELL,BELL
06210,FLECOS,6,FRINGES,FRANGES,FRINGES,FRINGES
06211,LENTEJUELAS,6,SEQUINS,PAILLETTES,SEQUINS,SEQUINS
06212,PERLAS,6,PEARLS,PERLES,PEARLS,PEARLS
06213,SERPENTINAS,6,SERPENTINES,SERPENTINES,SERPENTINES,SERPENTINES
07101,TEJIDO PLANOS,7,FLAT FABRICS,TISSUS PLATS,FLAT FABRICS,FLAT FABRICS
07102,TEJIDO DE PUNTO,7,KNITTING,TRICOT,KNITTING,KNITTING
07103,PIEL ARTIFICIAL,7,ARTIFICIAL LEATHER,CUIR ARTIFICIEL,ARTIFICIAL LEATHER,ARTIFICIAL LEATHER
07104,TEJIDO P/TAPIZAR,7,UPHOLSTERY FABRIC,TISSU D'AMÉNAGEMENT,UPHOLSTERY FABRIC,UPHOLSTERY FABRIC
07105,TEJIDO P/CORTINA,7,CURTAIN FABRIC,TISSU POUR RIDEAUX,CURTAIN FABRIC,CURTAIN FABRIC
08100,CALZADO P/HOMBRE,8,MEN'S FOOTWEAR,CHAUSSURES POUR HOMMES,MEN'S FOOTWEAR,MEN'S FOOTWEAR
08101,CALZADO DE VESTIR,8,DRESS SHOES,CHAUSSURES DE VÊTEMENT,DRESS SHOES,DRESS SHOES
08102,CALZADO CASUAL Y SPORT,8,CASUAL AND SPORTS FOOTWEAR,CHAUSSURES DÉCONTRACTÉES ET DE SPORT,CASUAL AND SPORTS FOOTWEAR,CASUAL AND SPORTS FOOTWEAR
08103,BOTAS,8,BOOTS,BOTTES,BOOTS,BOOTS
08104,TENIS,8,TENNIS,TENNIS,TENNIS,TENNIS
08105,ZAPATILLAS DEPORTIVAS,8,SPORTS SHOES,CHAUSSURES DE SPORT,SPORTS SHOES,SPORTS SHOES
08106,CALZADO PLASTICO,8,PLASTIC FOOTWEAR,CHAUSSURES EN PLASTIQUE,PLASTIC FOOTWEAR,PLASTIC FOOTWEAR
08107,CHANCLETAS,8,FLIP-FLOPS,TONGS,FLIP-FLOPS,FLIP-FLOPS
08108,SUECOS,8,SWEDES,SUÉDOIS,SWEDES,SWEDES
08200,CALZADO P/MUJER,8,WOMEN'S FOOTWEAR,CHAUSSURES POUR FEMMES,WOMEN'S FOOTWEAR,WOMEN'S FOOTWEAR
08201,CALZADO DE VESTIR,8,DRESS SHOES,CHAUSSURES DE VÊTEMENT,DRESS SHOES,DRESS SHOES
08202,CALZADO CASUAL Y SPORT,8,CASUAL AND SPORTS FOOTWEAR,CHAUSSURES DÉCONTRACTÉES ET DE SPORT,CASUAL AND SPORTS FOOTWEAR,CASUAL AND SPORTS FOOTWEAR
08203,BOTAS,8,BOOTS,BOTTES,BOOTS,BOOTS
08204,TENIS,8,TENNIS,TENNIS,TENNIS,TENNIS
08205,ZAPATILLAS,8,SNEAKERS,BASKETS,SNEAKERS,SNEAKERS
08206,CALZADO PLASTICO,8,PLASTIC FOOTWEAR,CHAUSSURES EN PLASTIQUE,PLASTIC FOOTWEAR,PLASTIC FOOTWEAR
08207,CHANCLETAS,8,FLIP-FLOPS,TONGS,FLIP-FLOPS,FLIP-FLOPS
08208,SUECOS,8,SWEDES,SUÉDOIS,SWEDES,SWEDES
08300,CALZADO P/NI¥OS,8,CHILDREN'S SHOES,CHAUSSURES POUR ENFANTS,CHILDREN'S SHOES,CHILDREN'S SHOES
08301,CALZADO DE VESTIR,8,DRESS SHOES,CHAUSSURES DE VÊTEMENT,DRESS SHOES,DRESS SHOES
08302,CALZADO CASUAL Y SPORT,8,CASUAL AND SPORTS FOOTWEAR,CHAUSSURES DÉCONTRACTÉES ET DE SPORT,CASUAL AND SPORTS FOOTWEAR,CASUAL AND SPORTS FOOTWEAR
08303,BOTAS,8,BOOTS,BOTTES,BOOTS,BOOTS
08304,TENIS,8,TENNIS,TENNIS,TENNIS,TENNIS
08305,ZAPATILLAS,8,SNEAKERS,BASKETS,SNEAKERS,SNEAKERS
08306,CALZADO PLASTICO,8,PLASTIC FOOTWEAR,CHAUSSURES EN PLASTIQUE,PLASTIC FOOTWEAR,PLASTIC FOOTWEAR
08307,CHANCLETAS,8,FLIP-FLOPS,TONGS,FLIP-FLOPS,FLIP-FLOPS
08308,SUECOS,8,SWEDES,SUÉDOIS,SWEDES,SWEDES
08400,CALZADO P/JOVENCITO,8,FOOTWEAR FOR YOUNG PEOPLE,CHAUSSURES POUR JEUNES,FOOTWEAR FOR YOUNG PEOPLE,FOOTWEAR FOR YOUNG PEOPLE
08401,CALZADO DE VESTIR,8,DRESS SHOES,CHAUSSURES DE VÊTEMENT,DRESS SHOES,DRESS SHOES
08402,CALZADO CASUAL Y SPORT,8,CASUAL AND SPORTS FOOTWEAR,CHAUSSURES DÉCONTRACTÉES ET DE SPORT,CASUAL AND SPORTS FOOTWEAR,CASUAL AND SPORTS FOOTWEAR
08403,BOTAS,8,BOOTS,BOTTES,BOOTS,BOOTS
08404,TENIS,8,TENNIS,TENNIS,TENNIS,TENNIS
08405,ZAPATILLAS DEPORTIVAS,8,SPORTS SHOES,CHAUSSURES DE SPORT,SPORTS SHOES,SPORTS SHOES
08406,CALZADO PLASTICO,8,PLASTIC FOOTWEAR,CHAUSSURES EN PLASTIQUE,PLASTIC FOOTWEAR,PLASTIC FOOTWEAR
08407,CHANCLETAS,8,FLIP-FLOPS,TONGS,FLIP-FLOPS,FLIP-FLOPS
08408,SUECOS,8,SWEDES,SUÉDOIS,SWEDES,SWEDES
08500,CALZADO P/JOVENCITA,8,FOOTWEAR FOR YOUNG WOMAN,CHAUSSURES POUR JEUNES FEMMES,FOOTWEAR FOR YOUNG WOMAN,FOOTWEAR FOR YOUNG WOMAN
08501,CALZADO DE VESTIR,8,DRESS SHOES,CHAUSSURES DE VÊTEMENT,DRESS SHOES,DRESS SHOES
08502,CALZADO CASUAL Y SPORT,8,CASUAL AND SPORTS FOOTWEAR,CHAUSSURES DÉCONTRACTÉES ET DE SPORT,CASUAL AND SPORTS FOOTWEAR,CASUAL AND SPORTS FOOTWEAR
08503,BOTAS,8,BOOTS,BOTTES,BOOTS,BOOTS
08504,TENIS,8,TENNIS,TENNIS,TENNIS,TENNIS
08505,ZAPATILLAS,8,SNEAKERS,BASKETS,SNEAKERS,SNEAKERS
08506,CALZADO PLASTICO,8,PLASTIC FOOTWEAR,CHAUSSURES EN PLASTIQUE,PLASTIC FOOTWEAR,PLASTIC FOOTWEAR
08507,CHANCLETAS,8,FLIP-FLOPS,TONGS,FLIP-FLOPS,FLIP-FLOPS
08508,SUECOS,8,SWEDES,SUÉDOIS,SWEDES,SWEDES
08600,CALZADO P/NI¥A,8,FOOTWEAR FOR GIRLS,CHAUSSURES POUR FILLES,FOOTWEAR FOR GIRLS,FOOTWEAR FOR GIRLS
08601,CALZADO DE VESTIR,8,DRESS SHOES,CHAUSSURES DE VÊTEMENT,DRESS SHOES,DRESS SHOES
08602,CALZADO CASUAL Y SPORT,8,CASUAL AND SPORTS FOOTWEAR,CHAUSSURES DÉCONTRACTÉES ET DE SPORT,CASUAL AND SPORTS FOOTWEAR,CASUAL AND SPORTS FOOTWEAR
08603,BOTAS,8,BOOTS,BOTTES,BOOTS,BOOTS
08604,TENIS,8,TENNIS,TENNIS,TENNIS,TENNIS
08605,ZAPATILLAS,8,SNEAKERS,BASKETS,SNEAKERS,SNEAKERS
08606,CALZADO PLASTICO,8,PLASTIC FOOTWEAR,CHAUSSURES EN PLASTIQUE,PLASTIC FOOTWEAR,PLASTIC FOOTWEAR
08607,CHANCLETAS,8,FLIP-FLOPS,TONGS,FLIP-FLOPS,FLIP-FLOPS
08608,SUECOS,8,SWEDES,SUÉDOIS,SWEDES,SWEDES
08700,CALZADO P/BEBE,8,BABY SHOES,CHAUSSURES POUR BÉBÉ,BABY SHOES,BABY SHOES
08701,ZAPATOS P/BEBITOS,8,BABY SHOES,CHAUSSURES POUR BÉBÉ,BABY SHOES,BABY SHOES
08702,ZAPATOS P/BEBITAS,8,SHOES FOR BABY GIRLS,CHAUSSURES POUR BÉBÉS FILLES,SHOES FOR BABY GIRLS,SHOES FOR BABY GIRLS
09100,ARTICULOS DE TALABARTERIA,9,SADDLERY GOODS,ARTICLES DE SELLERIE,SADDLERY GOODS,SADDLERY GOODS
09101,CARTERAS Y SOBRES,9,WALLETS AND ENVELOPES,PORTEFEUILLES ET ENVELOPPES,WALLETS AND ENVELOPES,WALLETS AND ENVELOPES
09102,BILLETERAS,9,WALLETS,PORTEFEUILLES,WALLETS,WALLETS
09103,MONEDEROS,9,WALLETS,PORTEFEUILLES,WALLETS,WALLETS
09104,RIÑONERAS,9,WAIST BAGS,SACS DE BANANE,WAIST BAGS,WAIST BAGS
09105,MALETAS,9,SUITCASES,VALISES,SUITCASES,SUITCASES
09106,MALETINES,9,BRIEFCASE,MALLETTE,BRIEFCASE,BRIEFCASE
09107,PORTAFOLIOS,9,BRIEFCASE,MALLETTE,BRIEFCASE,BRIEFCASE
09108,MOCHILAS Y MALETAS ESCOLARES,9,SCHOOL BACKPACKS AND SUITCASES,SACS À DOS ET VALISES SCOLAIRES,SCHOOL BACKPACKS AND SUITCASES,SCHOOL BACKPACKS AND SUITCASES
09109,BOLSOS,9,BAGS,SACS,BAGS,BAGS
09110,GUSANOS,9,WORMS,VERS,WORMS,WORMS
09111,JABAS,9,BOXES,BOÎTES,BOXES,BOXES
09112,PORTA OBJETOS,9,STORAGE HOLDER,SUPPORT DE RANGEMENT,STORAGE HOLDER,STORAGE HOLDER
09113,GUANTILLAS,9,GLOVES,GANTS,GLOVES,GLOVES
09114,ESTUCHES,9,CASES,CAS,CASES,CASES
09200,ACCESORIOS DEL VESTIR,9,CLOTHING ACCESSORIES,ACCESSOIRES DE VÊTEMENTS,CLOTHING ACCESSORIES,CLOTHING ACCESSORIES
09201,CINTOS,9,BELTS,CEINTURES,BELTS,BELTS
09202,GORRAS,9,CAPS,MAJUSCULES,CAPS,CAPS
09203,SOMBREROS,9,HATS,CHAPEAUX,HATS,HATS
09204,CORDONES,9,shoelaces,lacets de chaussures,shoelaces,shoelaces
09205,TIRANTES,9,BRACES,CROISILLONS,BRACES,BRACES
10100,PERFUMERIA ECONOMICA,10,AFFORDABLE PERFUMERY,PARFUMS ABORDABLES,AFFORDABLE PERFUMERY,AFFORDABLE PERFUMERY
10101,PERFUMES,10,PERFUMES,PARFUMS,PERFUMES,PERFUMES
10102,AGUA DE PERFUMES,10,EAU DE PERFUME,EAU DE PARFUM,EAU DE PERFUME,EAU DE PERFUME
10103,AGUA DE TOCADOR,10,Toilet Water,Eau de toilette,Toilet Water,Toilet Water
10104,AGUA DE COLONIA,10,EAU DE COLOGNE,EAU DE COLOGNE,EAU DE COLOGNE,EAU DE COLOGNE
10105,AFTER SHAVE,10,AFTER SHAVE,APRÈS-RAS,AFTER SHAVE,AFTER SHAVE
10106,ESTUCHES,10,CASES,CAS,CASES,CASES
10107,ACEITES P/PIEL,10,SKIN OILS,HUILES POUR LA PEAU,SKIN OILS,SKIN OILS
10108,LOCIONES,10,LOTIONS,LOTIONS,LOTIONS,LOTIONS
10109,CREMAS P/TRATAMIENTOS,10,CREAMS FOR TREATMENTS,CRÈMES POUR LES TRAITEMENTS,CREAMS FOR TREATMENTS,CREAMS FOR TREATMENTS
10110,TONICOS,10,TONICS,TONIQUES,TONICS,TONICS
10111,MASCARILLA,10,FACE MASK,MASQUE FACIAL,FACE MASK,FACE MASK
10112,TALCOS,10,Talcum powder,poudre de talc,Talcum powder,Talcum powder
10113,ESTUCHE DE MAQUILLAJE,10,MAKEUP CASE,TROUSSE DE MAQUILLAGE,MAKEUP CASE,MAKEUP CASE
10114,SOMBRAS P/OJOS,10,EYESHADOW,FARD À PAUPIÈRES,EYESHADOW,EYESHADOW
10115,COLORETES,10,BLUSHES,ROSE,BLUSHES,BLUSHES
10116,DELINEADOR P/OJOS Y RIMEL,10,EYELINER AND MASCARA,EYELINER ET MASCARA,EYELINER AND MASCARA,EYELINER AND MASCARA
10117,MASCARA DE PESTAÑA,10,MASCARA,MASCARA,MASCARA,MASCARA
10118,LAPIZ DE CEJAS,10,EYEBROW PENCIL,CRAYON À SOURCILS,EYEBROW PENCIL,EYEBROW PENCIL
10119,DELINEADOR LABIAL,10,LIP LINER,CRAYON À LÈVRES,LIP LINER,LIP LINER
10120,LABIALES,10,LIPSTICKS,ROUGES À LÈVRES,LIPSTICKS,LIPSTICKS
10121,BASES,10,BASES,BASES,BASES,BASES
10122,POLVOS FACIAL,10,FACIAL POWDER,POUDRE POUR LE VISAGE,FACIAL POWDER,FACIAL POWDER
10123,ESMALTE DE UÑAS,10,NAIL POLISH,VERNIS À ONGLES,NAIL POLISH,NAIL POLISH
10124,REMOVEDOR ESMALTE DE UÑAS,10,NAIL POLISH REMOVER,DISSOLUDEUR À ONGLES,NAIL POLISH REMOVER,NAIL POLISH REMOVER
10125,BRONCEADORES P/PIEL,10,BRONZERS FOR SKIN,BRONZERS POUR LA PEAU,BRONZERS FOR SKIN,BRONZERS FOR SKIN
10126,COMPACTOS,10,COMPACT,COMPACT,COMPACT,COMPACT
10127,LECHE P/EL CUERPO,10,MILK FOR THE BODY,DU LAIT POUR LE CORPS,MILK FOR THE BODY,MILK FOR THE BODY
10128,MUESTRAS,10,SAMPLES,ÉCHANTILLONS,SAMPLES,SAMPLES
10129,PROVADORES,10,TESTING KITS,KITS DE TEST,TESTING KITS,TESTING KITS
10130,REHABILITANTES P/PIELES,10,SKIN REHABILITANTS,RÉHABILITANTS DE LA PEAU,SKIN REHABILITANTS,SKIN REHABILITANTS
10131,REMOVEDOR DE MAQUILLAJE,10,MAKEUP REMOVER,DÉMAQUILLANT,MAKEUP REMOVER,MAKEUP REMOVER
10132,GEL P/TRATAMIENTO,10,GEL FOR TREATMENT,GEL POUR LE TRAITEMENT,GEL FOR TREATMENT,GEL FOR TREATMENT
10200,PERFUMERIA DE MARCA,10,BRAND NAME PERFUMERY,PARFUMERIE DE MARQUE,BRAND NAME PERFUMERY,BRAND NAME PERFUMERY
10201,PERFUMES,10,PERFUMES,PARFUMS,PERFUMES,PERFUMES
10202,AGUA DE PERFUMES,10,EAU DE PERFUME,EAU DE PARFUM,EAU DE PERFUME,EAU DE PERFUME
10203,AGUA DE TOCADOR,10,Toilet Water,Eau de toilette,Toilet Water,Toilet Water
10204,AGUA DE COLONIAS,10,COLONY WATER,EAU DE COLONNE,COLONY WATER,COLONY WATER
10205,AFTER SHAVE,10,AFTER SHAVE,APRÈS-RAS,AFTER SHAVE,AFTER SHAVE
10206,ESPUMA DE AFEITAR,10,SHAVING FOAM,MOUSSE À RASER,SHAVING FOAM,SHAVING FOAM
10207,ESTUCHE DE PERFUMERIA,10,PERFUME SET,COFFRET DE PARFUM,PERFUME SET,PERFUME SET
10208,ACEITES P/PIEL,10,SKIN OILS,HUILES POUR LA PEAU,SKIN OILS,SKIN OILS
10209,LOCIONES,10,LOTIONS,LOTIONS,LOTIONS,LOTIONS
10210,TONICOS,10,TONICS,TONIQUES,TONICS,TONICS
10211,CREMAS PERFUMADAS,10,PERFUMED CREAMS,CRÈMES PARFUMÉS,PERFUMED CREAMS,PERFUMED CREAMS
10212,CREMAS P/TRATAMIENTOS,10,CREAMS FOR TREATMENTS,CRÈMES POUR LES TRAITEMENTS,CREAMS FOR TREATMENTS,CREAMS FOR TREATMENTS
10213,MASCARILLA PARA CUTIS,10,FACE MASK,MASQUE FACIAL,FACE MASK,FACE MASK
10214,ESTUCHE DE MAQUILLAJE,10,MAKEUP CASE,TROUSSE DE MAQUILLAGE,MAKEUP CASE,MAKEUP CASE
10215,MAQUILLAJE ILUMINADOR,10,ILLUMINATING MAKEUP,MAQUILLAGE ILLUMINATEUR,ILLUMINATING MAKEUP,ILLUMINATING MAKEUP
10216,TINTES P/MAQUILLAJE,10,MAKEUP DYES,COLORANTS DE MAQUILLAGE,MAKEUP DYES,MAKEUP DYES
10217,SOMBRAS P/OJOS,10,EYESHADOW,FARD À PAUPIÈRES,EYESHADOW,EYESHADOW
10218,TALCOS,10,Talcum powder,poudre de talc,Talcum powder,Talcum powder
10219,COLORETES,10,BLUSHES,ROSE,BLUSHES,BLUSHES
10220,DELINEADOR P/OJOS,10,EYELINER,EYELINER,EYELINER,EYELINER
10221,CORRECTOR DE OJERAS,10,DARK CIRCLE CONCEALER,Correcteur Dark Circle,DARK CIRCLE CONCEALER,DARK CIRCLE CONCEALER
10222,MASCARA DE PESTAÑA,10,MASCARA,MASCARA,MASCARA,MASCARA
10223,LAPIZ DE CEJAS,10,EYEBROW PENCIL,CRAYON À SOURCILS,EYEBROW PENCIL,EYEBROW PENCIL
10224,DELINEADOR LABIAL,10,LIP LINER,CRAYON À LÈVRES,LIP LINER,LIP LINER
10225,LAPIZ LABIAL,10,LIPSTICK,ROUGE À LÈVRES,LIPSTICK,LIPSTICK
10226,CREYON LABIAL,10,LIPSTICK,ROUGE À LÈVRES,LIPSTICK,LIPSTICK
10227,BASES P/MAQUILLAJE,10,MAKEUP BASES,BASES DE MAQUILLAGE,MAKEUP BASES,MAKEUP BASES
10228,POLVO FACIAL,10,FACE POWDER,POUDRE DE RIZ,FACE POWDER,FACE POWDER
10229,ESMALTE DE UÑAS,10,NAIL POLISH,VERNIS À ONGLES,NAIL POLISH,NAIL POLISH
10230,REMOVEDOR DE ESMALTES DE UÑAS,10,NAIL POLISH REMOVER,DISSOLUDEUR À ONGLES,NAIL POLISH REMOVER,NAIL POLISH REMOVER
10231,COMPACTOS,10,COMPACT,COMPACT,COMPACT,COMPACT
10232,LECHE P/CUERPO,10,BODY MILK,LAIT CORPOREL,BODY MILK,BODY MILK
10233,REMOVEDOR DE MAQUILLAJE,10,MAKEUP REMOVER,DÉMAQUILLANT,MAKEUP REMOVER,MAKEUP REMOVER
10234,COFRE MINIATURA,10,MINIATURE CHEST,COFFRE MINIATURE,MINIATURE CHEST,MINIATURE CHEST
10235,PROVADORES,10,TESTING KITS,KITS DE TEST,TESTING KITS,TESTING KITS
10236,MUESTRAS,10,SAMPLES,ÉCHANTILLONS,SAMPLES,SAMPLES
10237,GEL P/TRATAMIENTO,10,GEL FOR TREATMENT,GEL POUR LE TRAITEMENT,GEL FOR TREATMENT,GEL FOR TREATMENT
10238,GEL DE BAÑO,10,BATH GEL,GEL DE BAIN,BATH GEL,BATH GEL
10239,JABON DE TOCADOR,10,TOILET SOAP,SAVON DE TOILETTE,TOILET SOAP,TOILET SOAP
10240,DESODORANTES,10,DEODORANTS,DÉODORANTS,DEODORANTS,DEODORANTS
10241,ACCESORIOS P/MAQUILLAJE,10,MAKEUP ACCESSORIES,ACCESSOIRES DE MAQUILLAGE,MAKEUP ACCESSORIES,MAKEUP ACCESSORIES
10242,REHABILITANTES P/PIEL,10,SKIN REHABILITANTS,RÉHABILITANTS DE LA PEAU,SKIN REHABILITANTS,SKIN REHABILITANTS
10300,ARTICULOS DE ASEO PERSONAL,10,PERSONAL HYGIENE ITEMS,ARTICLES D'HYGIÈNE PERSONNELLE,PERSONAL HYGIENE ITEMS,PERSONAL HYGIENE ITEMS
10301,ACOND. Y BALSAMO P/EL CABELLO,10,HAIR CONDITIONER AND BALM,APRÈS-SHAMPOING ET BAUME À CHEVEUX,HAIR CONDITIONER AND BALM,HAIR CONDITIONER AND BALM
10302,CHAMPU COLOR,10,COLOR SHAMPOO,Shampoing couleur,COLOR SHAMPOO,COLOR SHAMPOO
10303,CHAMPU,10,SHAMPOO,SHAMPOOING,SHAMPOO,SHAMPOO
10304,GEL P/EL CABELLO,10,HAIR GEL,GEL CHEVEUX,HAIR GEL,HAIR GEL
10305,VASELINA Y BRILLANTINA,10,VASELINE AND GLITTER,VASELINE ET PAILLETTES,VASELINE AND GLITTER,VASELINE AND GLITTER
10306,FIJAD.,10,FIXED.,FIXÉ.,FIXED.,FIXED.
10307,DESRIZ,10,DESRIZ,DESRIZ,DESRIZ,DESRIZ
10308,DECOLORACIÓN,10,BLEACHING,BLANCHIMENT,BLEACHING,BLEACHING
10309,PERMANENTES,10,PERMANENT,PERMANENT,PERMANENT,PERMANENT
10310,TINTES P/EL CABELLO,10,HAIR DYES,TEINTURE POUR CHEVEUX,HAIR DYES,HAIR DYES
10311,ESPUMA DE AFEITAR,10,SHAVING FOAM,MOUSSE À RASER,SHAVING FOAM,SHAVING FOAM
10312,MÁQUINA DE AFEITAR,10,RAZOR,RASOIR,RAZOR,RAZOR
10313,REPUESTOS MÁQ. DE AFEITAR,10,RAZOR REPLACEMENT PARTS,PIÈCES DE RECHANGE POUR RASOIRS,RAZOR REPLACEMENT PARTS,RAZOR REPLACEMENT PARTS
10314,ESTUCHE DE ASEO,10,TOILETRY KIT,TROUSSE DE TOILETTE,TOILETRY KIT,TOILETRY KIT
10315,CEPILLO DENTAL,10,TOOTHBRUSH,BROSSE À DENTS,TOOTHBRUSH,TOOTHBRUSH
10316,PASTA DENTAL,10,TOOTHPASTE,DENTIFRICE,TOOTHPASTE,TOOTHPASTE
10317,DESODORANTE,10,DEODORANT,DÉODORANT,DEODORANT,DEODORANT
10318,GEL DE BAÑO,10,BATH GEL,GEL DE BAIN,BATH GEL,BATH GEL
10319,JABON DE TOCADOR,10,TOILET SOAP,SAVON DE TOILETTE,TOILET SOAP,TOILET SOAP
10320,JABON DE LAVAR,10,LAUNDRY SOAP,SAVON À LESSELLE,LAUNDRY SOAP,LAUNDRY SOAP
10321,ACCESORIOS P/EL MAQUILLAJE,10,MAKEUP ACCESSORIES,ACCESSOIRES DE MAQUILLAGE,MAKEUP ACCESSORIES,MAKEUP ACCESSORIES
10322,TINTE P/MAQUILLAJE,10,MAKEUP DYE,TEINTURE DE MAQUILLAGE,MAKEUP DYE,MAKEUP DYE
10323,ACCESORIOS P/BA¤O,10,BATHROOM ACCESSORIES,ACCESSOIRES DE SALLE DE BAIN,BATHROOM ACCESSORIES,BATHROOM ACCESSORIES
10400,PRODUCTOS P/TRAT.CAPILAR,10,PRODUCTS FOR HAIR TREATMENT,PRODUITS DE SOIN CAPILLAIRE,PRODUCTS FOR HAIR TREATMENT,PRODUCTS FOR HAIR TREATMENT
10401,LOCION P/ANTICAIDA D/CABELLO,10,ANTI-HAIR LOSS LOTION,LOTION ANTICHUTE DE CHEVEUX,ANTI-HAIR LOSS LOTION,ANTI-HAIR LOSS LOTION
10402,ACEITES P/TRATAMIENTO CAPILAR,10,HAIR TREATMENT OILS,HUILES DE SOIN CAPILLAIRE,HAIR TREATMENT OILS,HAIR TREATMENT OILS
10500,ART.DE BARBERIA Y PELUQUERIA,10,BARBER AND HAIR SALON ARTICLES,ARTICLES SUR LES SALONS DE COIFFURE ET LES BARBIERS,BARBER AND HAIR SALON ARTICLES,BARBER AND HAIR SALON ARTICLES
10501,PEINES,10,COMBS,PEIGNES,COMBS,COMBS
10502,CEPILLOS P/CABEZA,10,HAIRBRUSHES,BROSSES À CHEVEUX,HAIRBRUSHES,HAIRBRUSHES
10503,PINZAS DE CEJAS,10,EYEBROW TWEEZERS,PINCE À ÉPILER LES SOURCILS,EYEBROW TWEEZERS,EYEBROW TWEEZERS
10504,NAVAJAS,10,KNIVES,COUTEAUX,KNIVES,KNIVES
10705,PAÑALES P/INCONTINENCIA,10,DIAPERS FOR INCONTINENCE,COUCHES POUR L'INCONTINENCE,DIAPERS FOR INCONTINENCE,DIAPERS FOR INCONTINENCE
10506,BROCHAS DE AFEITAR,10,SHAVING BRUSHES,PINCEAUX DE RASOIR,SHAVING BRUSHES,SHAVING BRUSHES
10507,BROCHAS VARIAS,10,VARIOUS BRUSHES,DIVERSES BROSSES,VARIOUS BRUSHES,VARIOUS BRUSHES
10508,ACC. DE PELUQUERIA Y BARBERIA,10,Hairdressing and Barber Shop Accessories,Accessoires pour salons de coiffure et barbiers,Hairdressing and Barber Shop Accessories,Hairdressing and Barber Shop Accessories
10600,ART.DE MANICURE Y PEDICURE,10,MANICURE AND PEDICURE SUPPLIES,FOURNITURES DE MANUCURE ET DE PÉDICURE,MANICURE AND PEDICURE SUPPLIES,MANICURE AND PEDICURE SUPPLIES
10601,ALICATES P/MANOS Y PIES,10,PLIERS FOR HANDS AND FEET,PINCES POUR LES MAINS ET LES PIEDS,PLIERS FOR HANDS AND FEET,PLIERS FOR HANDS AND FEET
10602,CORTAUÑAS,10,NAIL CLIPPERS,COUPE-ONGLES,NAIL CLIPPERS,NAIL CLIPPERS
10603,TIJERAS P/MANOS,10,SCISSORS FOR HANDS,CISEAUX POUR LES MAINS,SCISSORS FOR HANDS,SCISSORS FOR HANDS
10604,LIMAS DE UÑAS,10,NAIL FILES,LIÈGES À ONGLES,NAIL FILES,NAIL FILES
10605,ESTUCHE DE MANICURE,10,MANICURE KIT,KIT DE MANUCURE,MANICURE KIT,MANICURE KIT
10606,ACC. DE MANICURE Y PEDECURI,10,MANICURE AND PEDECURITY ACCESSORIES,ACCESSOIRES DE MANUCURE ET DE PÉDÉCURE,MANICURE AND PEDECURITY ACCESSORIES,MANICURE AND PEDECURITY ACCESSORIES
10700,ARTICULOS SANITARIOS,10,SANITARY PRODUCTS,PRODUITS SANITAIRES,SANITARY PRODUCTS,SANITARY PRODUCTS
10701,ALMOHAD.SANITARIAS(DESECHEB.),10,SANITARY PILLOWS (DISPOSABLE),OREILLERS HYGIÉNIQUES (JETABLES),SANITARY PILLOWS (DISPOSABLE),SANITARY PILLOWS (DISPOSABLE)
10702,ALGODON,10,COTTON,COTON,COTTON,COTTON
10703,TAMPONE,10,TAMPONE,TAMPON,TAMPONE,TAMPONE
10704,PRESERVATIVOS,10,CONDOMS,PRÉSERVATIFS,CONDOMS,CONDOMS
10800,FARMACIA,10,PHARMACY,PHARMACIE,PHARMACY,PHARMACY
10801,MEDICAMENTOS VARIOS,10,VARIOUS MEDICINES,DIVERS MÉDICAMENTS,VARIOUS MEDICINES,VARIOUS MEDICINES
10802,TERMOMETROS,10,THERMOMETERS,THERMOMÈTRES,THERMOMETERS,THERMOMETERS
11100,JOYERIA,11,JEWELER'S,BIJOUTIER,JEWELER'S,JEWELER'S
11101,ABRIDOR,11,OPENER,OUVREUR,OPENER,OPENER
11102,ABRECARTAS,11,LETTER OPENER,OUVRE-LETTRE,LETTER OPENER,LETTER OPENER
11103,ADORNO,11,ORNAMENT,ORNEMENT,ORNAMENT,ORNAMENT
11104,AGUJA,11,NEEDLE,AIGUILLE,NEEDLE,NEEDLE
11105,ALIANZA,11,ALLIANCE,ALLIANCE,ALLIANCE,ALLIANCE
11106,ALFANJE,11,SILVER JACKET,VESTE ARGENTÉE,SILVER JACKET,SILVER JACKET
11107,ALFILER,11,PIN,ÉPINGLE,PIN,PIN
11108,ANILLO,11,RING,ANNEAU,RING,RING
11109,ARTICULO DE PIEL,11,LEATHER GOODS,ARTICLES EN MARBRE,LEATHER GOODS,LEATHER GOODS
11110,ARETE,11,EARRING,BOUCLE,EARRING,EARRING
11111,ARGOLLA,11,RING,ANNEAU,RING,RING
11112,AZUCARERA,11,SUGAR FACTORY,USINE DE SUCRE,SUGAR FACTORY,SUGAR FACTORY
11113,BANDEJA,11,TRAY,PLATEAU,TRAY,TRAY
11114,BILLETERA O PORTA BILLETE,11,WALLET OR MONEY HOLDER,PORTEFEUILLE OU PORTE-ARGENT,WALLET OR MONEY HOLDER,WALLET OR MONEY HOLDER
11115,BOLIGRAFO,11,PEN,STYLO,PEN,PEN
11116,BROCHE,11,BROOCH,BROCHE,BROOCH,BROOCH
11117,BASTONE,11,CANE,CANNE,CANE,CANE
11118,BOLSO,11,BAG,SAC,BAG,BAG
11119,CADENA,11,CHAIN,CHAÎNE,CHAIN,CHAIN
11120,CUBRE BOTONES,11,BUTTON COVERS,COUVERCLES DE BOUTONS,BUTTON COVERS,BUTTON COVERS
11121,CIERRE COLLARES,11,NECKLACE CLOSURE,FERMETURE DU COLLIER,NECKLACE CLOSURE,NECKLACE CLOSURE
11122,CENICERO,11,ASHTRAY,CENDRIER,ASHTRAY,ASHTRAY
11123,COFRE,11,CHEST,POITRINE,CHEST,CHEST
11124,CHAPA,11,SHEET,FEUILLE,SHEET,SHEET
11125,CEPILLO,11,BRUSH,BROSSE,BRUSH,BRUSH
11126,COLGANTE,11,PENDANT,PENDENTIF,PENDANT,PENDANT
11127,COLLAR,11,NECKLACE,COLLIER,NECKLACE,NECKLACE
11128,CAMPANA,11,BELL,CLOCHE,BELL,BELL
11129,CRUZ,11,CROSS,CROIX,CROSS,CROSS
11130,CUCHILLA,11,BLADE,LAME,BLADE,BLADE
11131,CUCHILLO,11,KNIFE,COUTEAU,KNIFE,KNIFE
11132,COLADOR,11,STRAINER,PASSOIRE,STRAINER,STRAINER
11133,CU¤O,11,CU¤O,CU¤O,CU¤O,CU¤O
11134,CUCHARITA,11,TEASPOON,CUILLÈRE À CAFÉ,TEASPOON,TEASPOON
11135,CUADRO O PORTA RETRATO,11,PICTURE FRAME OR PHOTO FRAME,CADRE PHOTO OU CADRE IMAGE,PICTURE FRAME OR PHOTO FRAME,PICTURE FRAME OR PHOTO FRAME
11136,DEDAL,11,THIMBLE,DÉ,THIMBLE,THIMBLE
11137,DIJES,11,PENDANTS,PENDENTIFS,PENDANTS,PENDANTS
11138,DORMILONA,11,SLEEPY,SOMNOLENT,SLEEPY,SLEEPY
11139,DESPERILLADOR,11,TUB PULLER,TIRE-BALLE,TUB PULLER,TUB PULLER
11140,ESPADA,11,SWORD,ÉPÉE,SWORD,SWORD
11141,EMBUDO,11,FUNNEL,ENTONNOIR,FUNNEL,FUNNEL
11142,ENCENDEDOR,11,LIGHTER,PLUS LÉGER,LIGHTER,LIGHTER
11143,ESPEJO,11,MIRROR,MIROIR,MIRROR,MIRROR
11144,ESTUCHE,11,CASE,CAS,CASE,CASE
11145,FOSFORERA DE BENCINA,11,PETROL LIGHTER,BRIQUET À ESSENCE,PETROL LIGHTER,PETROL LIGHTER
11146,FOSFORERA DE GAS,11,GAS MATTER,MATIÈRE GAZEUSE,GAS MATTER,GAS MATTER
11147,FIGURA,11,FIGURE,CHIFFRE,FIGURE,FIGURE
11148,FRUTERO,11,FRUITERER,FRUITIER,FRUITERER,FRUITERER
11149,GALLO,11,ROOSTER,COQ,ROOSTER,ROOSTER
11150,CENTRO DE GARGANTILLA,11,CHOKER CENTER,CENTRE DU CHOKER,CHOKER CENTER,CHOKER CENTER
11151,GEMELO,11,TWIN,DOUBLE,TWIN,TWIN
11152,GAS PARA FOSFORERA,11,GAS FOR MATCH BOX,GAZ POUR BOÎTE D'ALLUMETTES,GAS FOR MATCH BOX,GAS FOR MATCH BOX
11153,GARGANTILLA,11,CHOKER,FOULARD,CHOKER,CHOKER
11154,HEBILLAS,11,BUCKLES,BOUCLES,BUCKLES,BUCKLES
11155,HUEVO DE ZURCIR,11,DARNING EGG,ŒUF À REPLIER,DARNING EGG,DARNING EGG
11156,IDENTIFICADOR,11,IDENTIFIER,IDENTIFIANT,IDENTIFIER,IDENTIFIER
11157,JGO. GARG.PULSO Y SORTIJA,11,SET. GARMENT. WRIST AND RING,ENSEMBLE. VÊTEMENT. POIGNET ET BAGUE,SET. GARMENT. WRIST AND RING,SET. GARMENT. WRIST AND RING
11158,IMPERTINENTE,11,IMPERTINENT,IMPERTINENT,IMPERTINENT,IMPERTINENT
11159,INCENSARIO,11,CENSER,ENCENSOIR,CENSER,CENSER
11160,LAPICERO,11,PENCIL,CRAYON,PENCIL,PENCIL
11161,LEONTINA,11,LEONTINA,Léontine,LEONTINA,LEONTINA
11162,LIBRETA DE NOTAS,11,NOTEBOOK,CARNET DE NOTES,NOTEBOOK,NOTEBOOK
11163,LLAVERO,11,KEY RING,PORTE-CLÉS,KEY RING,KEY RING
11164,PLUMA DE FUENTE,11,FOUNTAIN PEN,STYLO PLUME,FOUNTAIN PEN,FOUNTAIN PEN
11165,MARUGA,11,MARUGA,MARUGA,MARUGA,MARUGA
11166,MARCADOR,11,MARKER,MARQUEUR,MARKER,MARKER
11167,MEDALLAS,11,MEDALS,MÉDAILLES,MEDALS,MEDALS
11168,MONEDA,11,CURRENCY,DEVISE,CURRENCY,CURRENCY
11169,MONEDERO Y CARTERAS,11,WALLETS AND PURSES,PORTEFEUILLES ET SACS À MAIN,WALLETS AND PURSES,WALLETS AND PURSES
11170,MARCAPAGINAS,11,BOOKMARK,MARQUE-PAGE,BOOKMARK,BOOKMARK
11171,PEINETA,11,COMB,PEIGNE,COMB,COMB
11172,PASADOR,11,PIN,ÉPINGLE,PIN,PIN
11173,PORTA AGUJA,11,NEEDLE HOLDER,PORTE-AIGUILLE,NEEDLE HOLDER,NEEDLE HOLDER
11174,PORTA CREYON,11,CRAYON HOLDER,PORTE-CRAYONS,CRAYON HOLDER,CRAYON HOLDER
11175,PORTA DOCUMENTO,11,DOCUMENT HOLDER,DÉTENTEUR DE DOCUMENT,DOCUMENT HOLDER,DOCUMENT HOLDER
11176,PENDIENTES,11,EARRINGS,BOUCLES D'OREILLES,EARRINGS,EARRINGS
11177,PERFUMADOR,11,PERFUME,PARFUM,PERFUME,PERFUME
11178,PULSERA HORARIA,11,TIME BRACELET,BRACELET TEMPS,TIME BRACELET,TIME BRACELET
11179,PINCHADOR,11,PINCH,PINCER,PINCH,PINCH
11180,PRESILLA,11,CLIP,AGRAFE,CLIP,CLIP
11181,PIEDRA DE FOSFORERA,11,PHOSPHORUS STONE,PIERRE DE PHOSPHORE,PHOSPHORUS STONE,PHOSPHORUS STONE
11182,FRASCO DE TINTA,11,INK BOTTLE,BOUTEILLE D'ENCRE,INK BOTTLE,INK BOTTLE
11183,PULSERA,11,BRACELET,BRACELET,BRACELET,BRACELET
11184,FRASCO O POMO,11,BOTTLE OR POT,BOUTEILLE OU POT,BOTTLE OR POT,BOTTLE OR POT
11185,PENDENTIFF,11,PENDENTIFF,PENDENTIFF,PENDENTIFF,PENDENTIFF
11186,POLVERA O VANITY,11,POWDER PAN OR VANITY,POUDRE À POUSSER OU VANITÉ,POWDER PAN OR VANITY,POWDER PAN OR VANITY
11187,PITILLERA,11,CIGARETTE CASE,ÉTUI À CIGARETTES,CIGARETTE CASE,CIGARETTE CASE
11188,PORTAFOSFORERA,11,PHOTOBTAINER,PHOTOBTAINER,PHOTOBTAINER,PHOTOBTAINER
11189,PRENDEDOR,11,BROOCH,BROCHE,BROOCH,BROOCH
11190,PASTILLEROS,11,PILLBOXES,PILULETIERS,PILLBOXES,PILLBOXES
11191,PETACA,11,FETACA,FETACA,FETACA,FETACA
11192,PULSOS,11,PULSES,POULS,PULSES,PULSES
11193,PORTA SERVILLETA,11,NAPKIN HOLDER,PORTE-SERVIETTES,NAPKIN HOLDER,NAPKIN HOLDER
11194,PLATO,11,DISH,PLAT,DISH,DISH
11195,REVOLVEDOR,11,REVOLVER,REVOLVER,REVOLVER,REVOLVER
11196,PALITA,11,Shovel,Pelle,Shovel,Shovel
11197,PINZA PARA HIELO,11,ICE TONGS,PINCES À GLACE,ICE TONGS,ICE TONGS
11198,RESPUESTO PARA BOLIGRAFO,11,REPLACEMENT FOR PEN,REMPLACEMENT POUR STYLO,REPLACEMENT FOR PEN,REPLACEMENT FOR PEN
11199,RELICARIO,11,RELIQUARY,RELIQUAIRE,RELIQUARY,RELIQUARY
11201,ROSARIO,11,ROSARY,CHAPELET,ROSARY,ROSARY
11202,RESPUESTO PARA PLUMA,11,PEN REPLACEMENT,REMPLACEMENT DU STYLO,PEN REPLACEMENT,PEN REPLACEMENT
11203,SALERO,11,SALT SHAKER,SALIÈRE,SALT SHAKER,SALT SHAKER
11204,SORTIJON,11,SORTIJON,SORTIJON,SORTIJON,SORTIJON
11205,SORTIJA,11,RING,ANNEAU,RING,RING
11206,SOLITARIO,11,LONELY,SOLITAIRE,LONELY,LONELY
11207,TENEDOR,11,FORK,FOURCHETTE,FORK,FORK
11208,TIJERA,11,SCISSORS,CISEAUX,SCISSORS,SCISSORS
11209,TU Y YO,11,YOU AND I,VOUS ET MOI,YOU AND I,YOU AND I
11210,LIMPIA UÑAS,11,NAIL CLEANER,NETTOYANT POUR ONGLES,NAIL CLEANER,NAIL CLEANER
11211,VASOS,11,GLASSES,LUNETTES,GLASSES,GLASSES
11212,YUGOS,11,YOKES,JOUETS,YOKES,YOKES
11300,JUEGOS,11,GAMES,JEUX,GAMES,GAMES
11301,JGO. GARGANTILLA Y PULSO,11,CHOKER AND BRACELET SET,ENSEMBLE COLLIER ET BRACELET,CHOKER AND BRACELET SET,CHOKER AND BRACELET SET
11302,JGO. DE DIJE CON PULSO,11,SET OF PENDANTS WITH PULSE,ENSEMBLE DE PENDENTIFS AVEC IMPULSION,SET OF PENDANTS WITH PULSE,SET OF PENDANTS WITH PULSE
11303,JGO. DE ALIANZAS,11,SET OF RINGS,ENSEMBLE DE BAGUES,SET OF RINGS,SET OF RINGS
11304,JGO. DE CRUZ CON CADENA,11,SET OF CROSS WITH CHAIN,ENSEMBLE DE CROIX AVEC CHAÎNE,SET OF CROSS WITH CHAIN,SET OF CROSS WITH CHAIN
11305,JGO. DE DIJE CON CADENA,11,SET OF PENDANT WITH CHAIN,ENSEMBLE DE PENDENTIF AVEC CHAÎNE,SET OF PENDANT WITH CHAIN,SET OF PENDANT WITH CHAIN
11306,JGO. DE SORTIJA Y ARETE,11,RING AND EARRING SET,ENSEMBLE BAGUE ET BOUCLES D'OREILLES,RING AND EARRING SET,RING AND EARRING SET
11307,JGO. DE ANILLOS,11,SET OF RINGS,ENSEMBLE DE BAGUES,SET OF RINGS,SET OF RINGS
11308,JGO. GARGANTILLA,11,CHOKER SET,ENSEMBLE DE RAS-COU,CHOKER SET,CHOKER SET
11309,JGO. PASADOR,11,PIN SET,JEU DE BROCHES,PIN SET,PIN SET
11310,JGO. GARGANTILLA Y ARETE,11,CHOKER AND EARRING SET,ENSEMBLE COLLIER ET BOUCLES D'OREILLES,CHOKER AND EARRING SET,CHOKER AND EARRING SET
11311,JGO. GARGANT.,11,GARGAN SET,ENSEMBLE GARGAN,GARGAN SET,GARGAN SET
11312,JGO. DIJE,11,GAME. I SAID,JEU. J'AI DIT,GAME. I SAID,GAME. I SAID
11313,JGODIJE,11,JGODIJE,JGODIJE,JGODIJE,JGODIJE
11314,JGO.CUCHARA Y TENEDOR,11,SPOON AND FORK SET,ENSEMBLE CUILLÈRE ET FOURCHETTE,SPOON AND FORK SET,SPOON AND FORK SET
11315,JGO. ARETE,11,EARRING SET,ENSEMBLE DE BOUCLES D'OREILLES,EARRING SET,EARRING SET
11316,JGO.DE PULSO Y ARETE,11,BRACELET AND EARRING SET,ENSEMBLE BRACELET ET BOUCLES D'OREILLES,BRACELET AND EARRING SET,BRACELET AND EARRING SET
11317,JGO. DE PASADOR Y ARETES,11,BROOCH AND EARRING SET,ENSEMBLE BROCHE ET BOUCLES D'OREILLES,BROOCH AND EARRING SET,BROOCH AND EARRING SET
11318,JGO. GARGANT.,11,GARGAN SET,ENSEMBLE GARGAN,GARGAN SET,GARGAN SET
11319,JOG. DE DIJE Y ARETE,11,JOG. WITH CHARM AND EARRING,JOG. AVEC CHARME ET BOUCLE D'OREILLES,JOG. WITH CHARM AND EARRING,JOG. WITH CHARM AND EARRING
11320,JGO. DE SORTIJAS,11,SET OF RINGS,ENSEMBLE DE BAGUES,SET OF RINGS,SET OF RINGS
11321,JGO.COLLAR,11,NECKLACE SET,ENSEMBLE DE COLLIERS,NECKLACE SET,NECKLACE SET
11322,JUEGO,11,GAME,JEU,GAME,GAME
11323,JGO.DE COLLAR Y ARETE,11,NECKLACE AND EARRING SET,ENSEMBLE COLLIER ET BOUCLES D'OREILLES,NECKLACE AND EARRING SET,NECKLACE AND EARRING SET
11324,JGO.DE YUGO Y PASADOR,11,YOKE AND PIN SET,ENSEMBLE DE JANTE ET D'AXE,YOKE AND PIN SET,YOKE AND PIN SET
11325,JGO.TENEDOR Y CUCHILLO,11,FORK AND KNIFE SET,ENSEMBLE FOURCHETTE ET COUTEAU,FORK AND KNIFE SET,FORK AND KNIFE SET
11326,JGO.GARGANT.,11,GARGAN SET,ENSEMBLE GARGAN,GARGAN SET,GARGAN SET
11327,JGO. DE DIJE Y SORTIJA,11,SET OF PENDANT AND RING,ENSEMBLE PENDENTIF ET BAGUE,SET OF PENDANT AND RING,SET OF PENDANT AND RING
11400,BISUTERIA,11,IMITATION JEWELRY,BIJOUX FANTAISIE,IMITATION JEWELRY,IMITATION JEWELRY
11401,PEINETAS,11,COMBS,PEIGNES,COMBS,COMBS
11402,PELLIZCOS,11,PINCHES,PINCEAUX,PINCHES,PINCHES
11403,ROLOS,11,ROLLERS,ROULEAUX,ROLLERS,ROLLERS
11404,HEBILLAS,11,BUCKLES,BOUCLES,BUCKLES,BUCKLES
11405,GANCHOS,11,HOOKS,CROCHETS,HOOKS,HOOKS
11406,CINTILLOS,11,HEADBANDS,BANDEAU,HEADBANDS,HEADBANDS
11407,COLETEROS,11,HAIR TIES,ÉLASTIQUES À CHEVEUX,HAIR TIES,HAIR TIES
11408,ADORNOS,11,DECORATIONS,DÉCORATIONS,DECORATIONS,DECORATIONS
11409,ESPEJUELOS P/SOL,11,SUNGLASSES,LUNETTES DE SOLEIL,SUNGLASSES,SUNGLASSES
11410,ESPEJUELOS DE LECTURA,11,READING GLASSES,LUNETTES DE LECTURE,READING GLASSES,READING GLASSES
11411,ARMADURAS P/LENTES,11,FRAMES FOR LENSES,MONTURES POUR LENTILLES,FRAMES FOR LENSES,FRAMES FOR LENSES
11412,ARETES,11,EARRINGS,BOUCLES D'OREILLES,EARRINGS,EARRINGS
11413,ARGOLLAS,11,RINGS,ANNEAUX,RINGS,RINGS
11414,DORMILONAS,11,SLEEPERS,COUCHETTES,SLEEPERS,SLEEPERS
11415,CADENAS,11,CHAINS,CHAÎNES,CHAINS,CHAINS
11416,COLLARES,11,NECKLACES,COLLIERS,NECKLACES,NECKLACES
11417,MEDALLAS,11,MEDALS,MÉDAILLES,MEDALS,MEDALS
11418,PASADOR CORBATAS,11,TIE CLIP,PINCE À CRAVATE,TIE CLIP,TIE CLIP
11419,PRENDEDORES,11,BROOCHES,BROCHES,BROOCHES,BROOCHES
11420,DIJES,11,PENDANTS,PENDENTIFS,PENDANTS,PENDANTS
11421,FETICHES,11,FETISHES,FÉTICHES,FETISHES,FETISHES
11422,GARGANTILLAS,11,CHOKERS,CHOKS,CHOKERS,CHOKERS
11423,PASADORES,11,PINS,ÉPINGLE,PINS,PINS
11424,ANILLOS,11,RINGS,ANNEAUX,RINGS,RINGS
11425,PULSOS,11,PULSES,POULS,PULSES,PULSES
11426,LLAVEROS,11,KEYCHAINS,PORTE-CLÉS,KEYCHAINS,KEYCHAINS
11427,LEONTINAS,11,LEONTINES,Léontines,LEONTINES,LEONTINES
11428,PERFUMADORES,11,PERFUMERS,PARFUMS,PERFUMERS,PERFUMERS
11429,ESTUCHE DE BISUTERIA,11,JEWELRY CASE,ÉTUI À BIJOUX,JEWELRY CASE,JEWELRY CASE
11430,JUEGOS,11,GAMES,JEUX,GAMES,GAMES
11431,BROCHES,11,BROOCHES,BROCHES,BROOCHES,BROOCHES
11500,RELOJERIA Y ACCESORIOS,11,WATCHES AND ACCESSORIES,MONTRES ET ACCESSOIRES,WATCHES AND ACCESSORIES,WATCHES AND ACCESSORIES
11501,RELOJ DE HOMBRE,11,MEN'S WATCH,MONTRE POUR HOMME,MEN'S WATCH,MEN'S WATCH
11502,RELOJ DE MUJER,11,WOMEN'S WATCH,MONTRE POUR FEMME,WOMEN'S WATCH,WOMEN'S WATCH
11503,RELOJ DE NIÑO,11,CHILDREN'S WATCH,SURVEILLANCE DES ENFANTS,CHILDREN'S WATCH,CHILDREN'S WATCH
11504,RELOJ DE BOLSILLO Y COLGANTE,11,POCKET WATCH AND PENDANT,MONTRE DE POCHE ET PENDENTIF,POCKET WATCH AND PENDANT,POCKET WATCH AND PENDANT
11505,RELOJ UNISEX,11,UNISEX WATCH,MONTRE UNISEXE,UNISEX WATCH,UNISEX WATCH
11506,RELOJ DESPERTADOR,11,ALARM CLOCK,RÉVEIL,ALARM CLOCK,ALARM CLOCK
11507,RELOJ DE MESA,11,TABLE CLOCK,HORLOGE DE TABLE,TABLE CLOCK,TABLE CLOCK
11508,RELOJ DE PARED,11,WALL CLOCK,HORLOGE MURALE,WALL CLOCK,WALL CLOCK
11509,MANILLA,11,BRACELET,BRACELET,BRACELET,BRACELET
11510,BATERIA,11,BATTERY,BATTERIE,BATTERY,BATTERY
11600,LENTES Y ACCESORIOS,11,LENSES AND ACCESSORIES,LENTILLES ET ACCESSOIRES,LENSES AND ACCESSORIES,LENSES AND ACCESSORIES
11601,LENTES PARA SOL,11,SUNGLASSES,LUNETTES DE SOLEIL,SUNGLASSES,SUNGLASSES
11602,LENTES GRADUADOS,11,PRESCRIPTION LENSES,LENTILLES DE CORRECTION,PRESCRIPTION LENSES,PRESCRIPTION LENSES
11603,LENTES DE CONTACTO,11,CONTACT LENSES,LENTILLES DE CONTACT,CONTACT LENSES,CONTACT LENSES
11604,ARMADURAS,11,ARMOR,ARMURE,ARMOR,ARMOR
11605,ESTUCHES,11,CASES,CAS,CASES,CASES
11606,ACCESORIOS,11,ACCESSORIES,ACCESSOIRES,ACCESSORIES,ACCESSORIES
12100,VIDEOS,12,VIDEOS,VIDÉOS,VIDEOS,VIDEOS
12101,TELEVISORES,12,TELEVISIONS,TÉLÉVISIONS,TELEVISIONS,TELEVISIONS
12102,VIDEOS,12,VIDEOS,VIDÉOS,VIDEOS,VIDEOS
12103,JUEGOS ELECTRÓNICOS,12,ELECTRONIC GAMES,JEUX ÉLECTRONIQUES,ELECTRONIC GAMES,ELECTRONIC GAMES
12104,LASER DISCO,12,DISC LASER,LASER À DISQUE,DISC LASER,DISC LASER
12105,CAMARAS DE VIDEO,12,VIDEO CAMERAS,CAMÉRAS VIDÉO,VIDEO CAMERAS,VIDEO CAMERAS
12200,AUDIOS,12,AUDIOS,AUDIOS,AUDIOS,AUDIOS
12201,TOCADISCOS,12,TURNTABLE,PLATINE,TURNTABLE,TURNTABLE
12202,RADIOS,12,RADIOS,RADIOS,RADIOS,RADIOS
12203,RADIO RELOJ,12,CLOCK RADIO,RADIO-RÉVEIL,CLOCK RADIO,CLOCK RADIO
12204,GRABADORAS,12,RECORDERS,ENREGISTREUSES,RECORDERS,RECORDERS
12205,RADIO GRABADORAS,12,RADIO RECORDERS,ENREGISTREURS RADIO,RADIO RECORDERS,RADIO RECORDERS
12206,REPRODUCTORAS,12,REPRODUCTIVE,REPRODUCTEUR,REPRODUCTIVE,REPRODUCTIVE
12207,SISTEMAS DE SONIDOS,12,SOUND SYSTEMS,SYSTÈMES DE SONORISATION,SOUND SYSTEMS,SOUND SYSTEMS
12208,WOLKMAN,12,WOLKMAN,WOLKMAN,WOLKMAN,WOLKMAN
12209,DISKMAN,12,DISKMAN,DISKMAN,DISKMAN,DISKMAN
12210,DECKS,12,DECKS,TERRASSES,DECKS,DECKS
12300,COMUNICACIONES,12,COMMUNICATIONS,COMMUNICATIONS,COMMUNICATIONS,COMMUNICATIONS
12301,TELÉFONOS,12,TELEPHONES,TÉLÉPHONES,TELEPHONES,TELEPHONES
12302,CONTESTADORES,12,ANSWERING MACHINES,RÉPONDEURS,ANSWERING MACHINES,ANSWERING MACHINES
12400,ACC.P/EQUIPOS ELECTRONICOS,12,ACC.P/ELECTRONIC EQUIPMENT,ACC.P/ÉQUIPEMENT ÉLECTRONIQUE,ACC.P/ELECTRONIC EQUIPMENT,ACC.P/ELECTRONIC EQUIPMENT
12401,CASSETTES P/VIDEOS VIRGEN,12,VIRGIN VIDEO CASSETTES,CASSETTES VIDÉO VIERGES,VIRGIN VIDEO CASSETTES,VIRGIN VIDEO CASSETTES
12402,CASSETTE DE VIDEO GRABADO,12,RECORDED VIDEO CASSETTE,CASSETTE VIDÉO ENREGISTRÉE,RECORDED VIDEO CASSETTE,RECORDED VIDEO CASSETTE
12403,CASSETTES P/AUDIOS VIRGEN,12,VIRGIN AUDIO CASSETTES,Cassettes audio vierges,VIRGIN AUDIO CASSETTES,VIRGIN AUDIO CASSETTES
12404,CASSETTE DE AUDIO GRABADO,12,RECORDED AUDIO CASSETTE,CASSETTE AUDIO ENREGISTRÉE,RECORDED AUDIO CASSETTE,RECORDED AUDIO CASSETTE
12405,DISCOS,12,RECORDS,DISQUES,RECORDS,RECORDS
12406,PORTACASSETE Y CD,12,CASSETTE AND CD CASE,BOÎTIER DE CASSETTE ET DE CD,CASSETTE AND CD CASE,CASSETTE AND CD CASE
12407,ALBUNES P/DISCOS,12,ALBUMS FOR RECORDS,ALBUMS POUR LES DISQUES,ALBUMS FOR RECORDS,ALBUMS FOR RECORDS
12408,CINTAS P/GRABADORAS,12,TAPES FOR RECORDERS,BANDES POUR ENREGISTREURS,TAPES FOR RECORDERS,TAPES FOR RECORDERS
12409,LIGAS P/GRABADORAS,12,BANDS FOR RECORDERS,BANDES POUR FLÛTES À COUTEAUX,BANDS FOR RECORDERS,BANDS FOR RECORDERS
12410,ANTENAS,12,ANTENNAS,ANTENNES,ANTENNAS,ANTENNAS
12411,BAFFLES,12,BAFFLES,DÉFLECTEURS,BAFFLES,BAFFLES
12412,REBOBINADORES,12,REWINDERS,REMBOBINEURS,REWINDERS,REWINDERS
12413,REGULADOR DE VOLTAJE,12,VOLTAGE REGULATOR,RÉGULATEUR DE TENSION,VOLTAGE REGULATOR,VOLTAGE REGULATOR
12414,AUDIFONOS,12,EARPHONES,ÉCOUTEURS,EARPHONES,EARPHONES
12415,MICROFONOS,12,MICROPHONES,MICROPHONES,MICROPHONES,MICROPHONES
12416,ADAPTADORES DE ANTENA,12,ANTENNA ADAPTERS,ADAPTATEURS D'ANTENNE,ANTENNA ADAPTERS,ANTENNA ADAPTERS
12417,CASSETTES P/JUEGOS,12,GAME CASSETTES,CASSETTES DE JEU,GAME CASSETTES,GAME CASSETTES
12418,ADAPTADORES P/VIDEOS,12,VIDEO ADAPTERS,ADAPTATEURS VIDÉO,VIDEO ADAPTERS,VIDEO ADAPTERS
12419,ACCESORIOS DE TV,12,TV ACCESSORIES,ACCESSOIRES TV,TV ACCESSORIES,TV ACCESSORIES
12420,ESTUCHE P/CAMARAS DE VIDEO,12,CASE FOR VIDEO CAMERAS,ARGUMENTS EN FAVEUR DES CAMÉRAS VIDÉO,CASE FOR VIDEO CAMERAS,CASE FOR VIDEO CAMERAS
12421,ACCESORIOS P/TELEFONOS,12,PHONE ACCESSORIES,ACCESSOIRES POUR TÉLÉPHONE,PHONE ACCESSORIES,PHONE ACCESSORIES
12422,CD GRABADOS,12,CD RECORDS,CD DISQUES,CD RECORDS,CD RECORDS
12423,TRANSFORMADORES,12,TRANSFORMERS,TRANSFORMERS,TRANSFORMERS,TRANSFORMERS
12424,CALCULADORAS,12,CALCULATORS,CALCULATRICES,CALCULATORS,CALCULATORS
12425,LIMPIA CABEZAL,12,CLEAN HEAD,TÊTE PROPRE,CLEAN HEAD,CLEAN HEAD
12426,ACCESORIOS,12,ACCESSORIES,ACCESSOIRES,ACCESSORIES,ACCESSORIES
12500,ELEM.ACC.EQUIPOS ELECTRONICOS,12,ELECTRONIC EQUIPMENT ACCESSORIES,ACCESSOIRES POUR ÉQUIPEMENTS ÉLECTRONIQUES,ELECTRONIC EQUIPMENT ACCESSORIES,ELECTRONIC EQUIPMENT ACCESSORIES
12501,BASES P/TELEVISORES,12,TV BASES,BASES DE TÉLÉVISION,TV BASES,TV BASES
12502,BATERIAS MULTIPROPOSITO,12,MULTIPURPOSE BATTERIES,BATTERIES MULTIUSAGES,MULTIPURPOSE BATTERIES,MULTIPURPOSE BATTERIES
12503,BATERIA ALCALINA,12,ALKALINE BATTERY,PILE ALCALINE,ALKALINE BATTERY,ALKALINE BATTERY
12504,BATERIA RECARGABLE,12,RECHARGEABLE BATTERY,BATTERIE RECHARGEABLE,RECHARGEABLE BATTERY,RECHARGEABLE BATTERY
12505,BATERIA BUTTON CELL,12,BUTTON CELL BATTERY,PILE BOUTON,BUTTON CELL BATTERY,BUTTON CELL BATTERY
12506,CARGADOR DE BATERIA,12,BATTERY CHARGER,CHARGEUR DE BATTERIE,BATTERY CHARGER,BATTERY CHARGER
12507,PROTECTOR DE LINEAS,12,LINE PROTECTOR,PROTECTEUR DE LIGNE,LINE PROTECTOR,LINE PROTECTOR
12600,PIEZAS REP. EQ. ELECTRONICOS,12,REPAIR PARTS FOR ELECTRONIC EQUIPMENT,PIÈCES DE RECHANGE POUR ÉQUIPEMENTS ÉLECTRONIQUES,REPAIR PARTS FOR ELECTRONIC EQUIPMENT,REPAIR PARTS FOR ELECTRONIC EQUIPMENT
12601,PZAS. REPUESTO P/TELEVISORES,12,TV SPARE PARTS,PIÈCES DÉTACHÉES POUR TÉLÉVISEURS,TV SPARE PARTS,TV SPARE PARTS
12602,PZAS. REPUESTO P/VIDEOS,12,REPLACEMENT PARTS FOR VIDEOS,PIÈCES DE RECHANGE POUR VIDÉOS,REPLACEMENT PARTS FOR VIDEOS,REPLACEMENT PARTS FOR VIDEOS
12700,INSTRUMENTOS MUSICALES,12,MUSICAL INSTRUMENTS,INSTRUMENTS DE MUSIQUE,MUSICAL INSTRUMENTS,MUSICAL INSTRUMENTS
12701,INSTRUMENTOS MUSICALES,12,MUSICAL INSTRUMENTS,INSTRUMENTS DE MUSIQUE,MUSICAL INSTRUMENTS,MUSICAL INSTRUMENTS
12702,ACCESORIOS,12,ACCESSORIES,ACCESSOIRES,ACCESSORIES,ACCESSORIES
13100,LINEA BLANCA,13,WHITE GOODS,ÉLECTROMÉNAGER,WHITE GOODS,WHITE GOODS
13101,LAVADORAS,13,WASHING MACHINES,MACHINES À LAVER,WASHING MACHINES,WASHING MACHINES
13102,REFRIGERADORES,13,REFRIGERATORS,RÉFRIGÉRATEURS,REFRIGERATORS,REFRIGERATORS
13103,COCINAS A GAS,13,GAS STOVES,CUISINIÈRES À GAZ,GAS STOVES,GAS STOVES
13104,HORNOS DE MICROHONDAS,13,MICROWAVE OVENS,FOURS À MICRO-ONDES,MICROWAVE OVENS,MICROWAVE OVENS
13105,LAVADORAS DE PLATOS,13,DISHWASHERS,LAVE-VAISSELLE,DISHWASHERS,DISHWASHERS
13106,FREEZERS,13,FREEZERS,CONGÉLATEURS,FREEZERS,FREEZERS
13107,COCINAS ELECTRICAS,13,ELECTRIC COOKERS,CUISINIÈRES ÉLECTRIQUES,ELECTRIC COOKERS,ELECTRIC COOKERS
13108,COMPRESORES,13,COMPRESSORS,COMPRESSEURS,COMPRESSORS,COMPRESSORS
13200,EQUIPOS P/ASEO PERSONAL,13,PERSONAL HYGIENE EQUIPMENT,ÉQUIPEMENT D'HYGIÈNE PERSONNELLE,PERSONAL HYGIENE EQUIPMENT,PERSONAL HYGIENE EQUIPMENT
13201,MÁQUINA DE AFEITAR ELÉCTRICA,13,ELECTRIC SHAVER,RASOIR ÉLECTRIQUE,ELECTRIC SHAVER,ELECTRIC SHAVER
13202,SECADORA DE PELO,13,HAIR DRYER,SÈCHE-CHEVEUX,HAIR DRYER,HAIR DRYER
13203,MAQUINA DEPILADORA,13,HAIR REMOVAL MACHINE,MACHINE D'ÉPILATION,HAIR REMOVAL MACHINE,HAIR REMOVAL MACHINE
13300,EQUIPOS DE VENTILACION,13,VENTILATION EQUIPMENT,ÉQUIPEMENT DE VENTILATION,VENTILATION EQUIPMENT,VENTILATION EQUIPMENT
13301,VENTILADORES,13,FANS,FANS,FANS,FANS
13400,EQUIPOS DOMESTICOS,13,DOMESTIC EQUIPMENT,ÉQUIPEMENT DOMESTIQUE,DOMESTIC EQUIPMENT,DOMESTIC EQUIPMENT
13401,OLLAS ARROCERAS,13,RICE COOKERS,CUISEURS DE RIZ,RICE COOKERS,RICE COOKERS
13402,OLLAS FREIDORAS,13,FRYING POTS,POÊLES,FRYING POTS,FRYING POTS
13403,BATIDORAS Y LICUADORAS,13,Mixers and Blenders,Mixeurs et mélangeurs,Mixers and Blenders,Mixers and Blenders
13404,PLANCHAS,13,IRONS,FERS,IRONS,IRONS
13405,EXTRACTOR DE JUGOS,13,JUICE EXTRACTOR,EXTRACTEUR DE JUS,JUICE EXTRACTOR,JUICE EXTRACTOR
13406,MEZCLADORAS,13,MIXERS,MÉLANGES,MIXERS,MIXERS
13407,CUCHILLO ELÉCTRICO,13,ELECTRIC KNIFE,COUTEAU ÉLECTRIQUE,ELECTRIC KNIFE,ELECTRIC KNIFE
13408,ENCENDEDOR DE COCINA,13,KITCHEN LIGHTER,BRIQUET DE CUISINE,KITCHEN LIGHTER,KITCHEN LIGHTER
13409,CAFETERAS ELÉCTRICAS,13,ELECTRIC COFFEE MACHINES,MACHINES À CAFÉ ÉLECTRIQUES,ELECTRIC COFFEE MACHINES,ELECTRIC COFFEE MACHINES
13410,DESHUMIFICADORES,13,DEHUMIDIFIERS,DÉSHUMIDIFICATEURS,DEHUMIDIFIERS,DEHUMIDIFIERS
13411,ASPIRADORAS,13,VACUUM CLEANERS,ASPIRATEURS,VACUUM CLEANERS,VACUUM CLEANERS
13412,HELADERAS,13,REFRIGERATORS,RÉFRIGÉRATEURS,REFRIGERATORS,REFRIGERATORS
13413,CALENTADOR DE AGUA,13,WATER HEATER,CHAUFFE-EAU,WATER HEATER,WATER HEATER
13414,DUCHAS ELÉCTRICAS,13,ELECTRIC SHOWERS,DOUCHES ÉLECTRIQUES,ELECTRIC SHOWERS,ELECTRIC SHOWERS
13416,SARTENES ELECTRICOS,13,ELECTRIC FRYING PANS,POÊLES À FRIRE ÉLECTRIQUES,ELECTRIC FRYING PANS,ELECTRIC FRYING PANS
13417,OLLAS D/PRESION ELECTRICAS,13,ELECTRIC PRESSURE COOKERS,AUTOCUISEURS ÉLECTRIQUES À PRESSION,ELECTRIC PRESSURE COOKERS,ELECTRIC PRESSURE COOKERS
13418,LAMPARAS DE EMERGENCIA,13,EMERGENCY LAMPS,LAMPES DE SECOURS,EMERGENCY LAMPS,EMERGENCY LAMPS
13419,PROCESADORES DE ALIMENTOS,13,FOOD PROCESSORS,TRANSFORMATEURS ALIMENTAIRES,FOOD PROCESSORS,FOOD PROCESSORS
13420,MAQUINA DE COSER,13,SEWING MACHINE,MACHINE À COUDRE,SEWING MACHINE,SEWING MACHINE
13500,PZAS.REP.P/ELECTRODOMESTICOS,13,PARTS FOR APPLIANCES,PIÈCES POUR APPAREILS ÉLECTROMÉNAGERS,PARTS FOR APPLIANCES,PARTS FOR APPLIANCES
13501,PZAS. REP. P/VENTIDADORES,13,PARTS FOR FANS,PIÈCES POUR VENTILATEURS,PARTS FOR FANS,PARTS FOR FANS
13502,PZAS. REP. P/LAVADORAS,13,REPLACEMENT PARTS FOR WASHING MACHINES,PIÈCES DE RECHANGE POUR MACHINES À LAVER,REPLACEMENT PARTS FOR WASHING MACHINES,REPLACEMENT PARTS FOR WASHING MACHINES
13503,PZAS. REP. P/REFRIGERADORES,13,REFRIGERATOR REPLACEMENT PARTS,PIÈCES DE RECHANGE POUR RÉFRIGÉRATEUR,REFRIGERATOR REPLACEMENT PARTS,REFRIGERATOR REPLACEMENT PARTS
13504,PZAS. REP. P/COCINAS,13,KITCHEN REPLACEMENT PIECES,PIÈCES DE REMPLACEMENT POUR LA CUISINE,KITCHEN REPLACEMENT PIECES,KITCHEN REPLACEMENT PIECES
13505,PZAS. REP. P/LAVAVAJILLAS,13,Dishwasher Replacement Parts,Pièces de rechange pour lave-vaisselle,Dishwasher Replacement Parts,Dishwasher Replacement Parts
13506,PZAS. REP. BATIDORAS Y LICUAD.,13,PARTS. REPLACEMENT MIXERS AND BLENDERS,PIÈCES DE RECHANGE POUR MÉLANGEURS ET BLENDERS,PARTS. REPLACEMENT MIXERS AND BLENDERS,PARTS. REPLACEMENT MIXERS AND BLENDERS
13507,PZA.  REP. OLLAS ELECTRICAS,13,PARTS REPAIR ELECTRIC COOKERS,PIÈCES DE RÉPARATION POUR CUISINIÈRES ÉLECTRIQUES,PARTS REPAIR ELECTRIC COOKERS,PARTS REPAIR ELECTRIC COOKERS
14100,ARTICULOS Y PIEZAS DE COCINA,14,KITCHEN ARTICLES AND PARTS,ARTICLES ET PIÈCES DE CUISINE,KITCHEN ARTICLES AND PARTS,KITCHEN ARTICLES AND PARTS
14101,PELADOR DE PAPAS,14,POTATO PEELER,ÉPOULET À POMMES DE TERRE,POTATO PEELER,POTATO PEELER
14102,ESPUMADERAS,14,SKIMMERS,ÉCREMIERS,SKIMMERS,SKIMMERS
14103,CUCHILLOS DE COCINA,14,KITCHEN KNIVES,COUTEAUX DE CUISINE,KITCHEN KNIVES,KITCHEN KNIVES
14104,OLLAS DE PRESION,14,PRESSURE COOKERS,AUTOCUISEURS À PRESSION,PRESSURE COOKERS,PRESSURE COOKERS
14105,CAFETERAS,14,COFFEE MACHINES,MACHINES À CAFÉ,COFFEE MACHINES,COFFEE MACHINES
14106,CAZUELAS,14,CASSEROLES,CASSEROLES,CASSEROLES,CASSEROLES
14107,SARTENES,14,FRYING PANS,POÊLES À FRIRE,FRYING PANS,FRYING PANS
14108,ABRIDOR,14,OPENER,OUVREUR,OPENER,OPENER
14109,COLADORES,14,STRAINERS,PASSIERS,STRAINERS,STRAINERS
14110,MAQUINA DE MOLER CARNE,14,MEAT GRINDER,HACHEUR À VIANDE,MEAT GRINDER,MEAT GRINDER
14111,POTES,14,POTS,POTS,POTS,POTS
14112,COCINA Y ESTUFAS KEROSENE,14,Kerosene Cookers and Stoves,Cuisinières et poêles à pétrole,Kerosene Cookers and Stoves,Kerosene Cookers and Stoves
14113,BALON Y REGULADOR GAS,14,GAS CYLINDER AND REGULATOR,BOUTEILLE À GAZ ET RÉGULATEUR,GAS CYLINDER AND REGULATOR,GAS CYLINDER AND REGULATOR
14114,TERMOS,14,THERMOS,THERMOS,THERMOS,THERMOS
14115,ESCURRIDOR,14,WRINGER,ESSOREUSE,WRINGER,WRINGER
14116,JARRAS,14,JUGS,PICHES,JUGS,JUGS
14117,ACC.P/COCINA,14,ACC.P/KITCHEN,ACC.P/CUISINE,ACC.P/KITCHEN,ACC.P/KITCHEN
14200,ARTICULOS Y PIEZAS DE MESA,14,TABLEWARE AND ARTICLES,ARTICLES DE TABLE ET ARTICLES,TABLEWARE AND ARTICLES,TABLEWARE AND ARTICLES
14201,VASOS,14,GLASSES,LUNETTES,GLASSES,GLASSES
14202,PLATOS,14,DISHES,PLATS,DISHES,DISHES
14203,CUCHARAS,14,SPOONS,CUILLÈRES,SPOONS,SPOONS
14204,TENEDORES,14,FORKS,FOURCHES,FORKS,FORKS
14205,CUCHILLOS DE MESA,14,TABLE KNIVES,COUTEAUX DE TABLE,TABLE KNIVES,TABLE KNIVES
14206,FUENTES DE MESA,14,TABLETOP SERVINGS,SERVICE À TABLE,TABLETOP SERVINGS,TABLETOP SERVINGS
14207,JUEGOS,14,GAMES,JEUX,GAMES,GAMES
14208,JARRAS,14,JUGS,PICHES,JUGS,JUGS
14210,POTES,14,POTS,POTS,POTS,POTS
14211,TAZAS,14,MUGS,MUGS,MUGS,MUGS
14212,CUCHARITAS,14,SPOONS,CUILLÈRES,SPOONS,SPOONS
14213,COPAS,14,CUPS,TASSES,CUPS,CUPS
14300,ARTICULOS DE LIMPIEZA,14,CLEANING SUPPLIES,PRODUITS DE NETTOYAGE,CLEANING SUPPLIES,CLEANING SUPPLIES
14301,ESTROPAJOS,14,SCOURING PADS,TAMPONS À RÉCURRSER,SCOURING PADS,SCOURING PADS
14302,ESCOBAS,14,BROOMS,BALAIS,BROOMS,BROOMS
14303,FRAZADAS DE PISO,14,FLOOR BLANKETS,COUVERTURES DE SOL,FLOOR BLANKETS,FLOOR BLANKETS
14304,RECOGEDORES,14,COLLECTORS,COLLECTIONNEURS,COLLECTORS,COLLECTORS
14305,TRAPEADORES,14,MOPS,Balais,MOPS,MOPS
14306,CONTENEDORES DE BASURA,14,GARBAGE CONTAINERS,POUBELLES,GARBAGE CONTAINERS,GARBAGE CONTAINERS
14307,PLUMEROS,14,FEATHER BALLS,BOULES DE PLUMES,FEATHER BALLS,FEATHER BALLS
14308,HARAGANES,14,LAZY PEOPLE,LES PARESSEUX,LAZY PEOPLE,LAZY PEOPLE
14309,BRILLADORES,14,POLISHES,POLISSAGES,POLISHES,POLISHES
14310,CUBOS,14,CUBES,CUBES,CUBES,CUBES
14311,TRAMPAS,14,TRAPS,PIÈGES,TRAPS,TRAPS
14312,TABLAS DE PLANCHAR,14,IRONING BOARDS,PLANCHES À REPASSER,IRONING BOARDS,IRONING BOARDS
14313,PALANGANAS,14,BASINS,BASSINS,BASINS,BASINS
14400,ELEMENTOS DECORATIVOS,14,DECORATIVE ELEMENTS,ÉLÉMENTS DÉCORATIFS,DECORATIVE ELEMENTS,DECORATIVE ELEMENTS
14401,PLANTAS ARTIFICIALES,14,ARTIFICIAL PLANTS,PLANTES ARTIFICIELLES,ARTIFICIAL PLANTS,ARTIFICIAL PLANTS
14402,PLANTAS NATURALES,14,NATURAL PLANTS,PLANTES NATURELLES,NATURAL PLANTS,NATURAL PLANTS
14403,MACETAS,14,POTS,POTS,POTS,POTS
14404,CUADROS,14,PAINTINGS,PEINTURES,PAINTINGS,PAINTINGS
14405,ESPEJOS,14,MIRRORS,MIROIRS,MIRRORS,MIRRORS
14406,ESTERAS,14,MATS,TATS,MATS,MATS
14407,TOLDOS,14,AWNINGS,AUVENTS,AWNINGS,AWNINGS
14408,LAMPARAS,14,LAMPS,LAMPES,LAMPS,LAMPS
14409,FLORES,14,FLOWERS,FLEURS,FLOWERS,FLOWERS
14410,ADORNOS,14,DECORATIONS,DÉCORATIONS,DECORATIONS,DECORATIONS
14411,BUCAROS,14,BUCAROS,BUCAROS,BUCAROS,BUCAROS
14412,CANASTA,14,BASKET,PANIER,BASKET,BASKET
14413,PORTAVASOS,14,CUP HOLDERS,PORTE-GOBELETS,CUP HOLDERS,CUP HOLDERS
14414,CENTROS DE MESAS,14,TABLE CENTERPIECES,CENTRES DE TABLE,TABLE CENTERPIECES,TABLE CENTERPIECES
14415,TAPIZ,14,TAPESTRY,TAPISSERIE,TAPESTRY,TAPESTRY
14416,ALFOMBRAS,14,CARPETS,TAPIS,CARPETS,CARPETS
14417,VELAS,14,CANDLES,BOUGIES,CANDLES,CANDLES
14500,ACC.Y ELEM.P/ESTANCOS,14,ACC. AND ELEMENTS FOR TOBACCONISTS,ACCESSOIRES ET ÉLÉMENTS POUR LES TABACISTES,ACC. AND ELEMENTS FOR TOBACCONISTS,ACC. AND ELEMENTS FOR TOBACCONISTS
14501,CENICEROS,14,ASHTRAYS,CENDRIERS,ASHTRAYS,ASHTRAYS
14502,FOSFORERAS,14,PHOTOVOLTAGES,PHOTOVOLTAGES,PHOTOVOLTAGES,PHOTOVOLTAGES
14503,BALON RELLENAR FOSFORERA,14,BALL TO FILL MATCHBOX,BALLE POUR REMPLIR LA BOÎTE D'ALLUMETTES,BALL TO FILL MATCHBOX,BALL TO FILL MATCHBOX
14504,PIEDRA DE FOSFORERA,14,PHOSPHORUS STONE,PIERRE DE PHOSPHORE,PHOSPHORUS STONE,PHOSPHORUS STONE
14505,OTROS ELEMENTOS DE ESTANCO,14,OTHER WATERPROOFING ELEMENTS,AUTRES ÉLÉMENTS D'ÉTANCHÉITÉ,OTHER WATERPROOFING ELEMENTS,OTHER WATERPROOFING ELEMENTS
14506,FOSFOROS,14,MATCHES,MATCHS,MATCHES,MATCHES
14600,PRODUCTOS P/LA LIMPIEZA,14,CLEANING PRODUCTS,PRODUITS DE NETTOYAGE,CLEANING PRODUCTS,CLEANING PRODUCTS
14601,INSECTICIDAS,14,INSECTICIDES,INSECTICIDES,INSECTICIDES,INSECTICIDES
14602,REPELENTES,14,REPELLENTS,RÉPULSIFS,REPELLENTS,REPELLENTS
14603,SALFUMAN,14,SALFUMAN,SALFUMAN,SALFUMAN,SALFUMAN
14604,AMBIENTADORES,14,AIR FRESHENERS,DÉSODORISANTS,AIR FRESHENERS,AIR FRESHENERS
14605,BLANQUEADORES,14,BLEACHERS,BLANCS,BLEACHERS,BLEACHERS
14606,CREOLINA,14,CREOLINE,CRÉOLINE,CREOLINE,CREOLINE
14607,LIMPIADOR,14,CLEANER,NETTOYEUR,CLEANER,CLEANER
14608,DESENGRASANTES,14,DEGREASERS,DÉGRAISSANTS,DEGREASERS,DEGREASERS
14609,MAQUINA P/LIMPIAR,14,CLEANING MACHINE,MACHINE DE NETTOYAGE,CLEANING MACHINE,CLEANING MACHINE
14610,DETERGENTES,14,DETERGENTS,DÉTERGENTS,DETERGENTS,DETERGENTS
14611,SUAVIZANTES,14,SOFTENERS,ADOUCISSANTS,SOFTENERS,SOFTENERS
14700,PAPELERIA,14,STATIONERY,PAPETERIE,STATIONERY,STATIONERY
14701,PAPEL SANITARIO,14,TOILET PAPER,PAPIER TOILETTE,TOILET PAPER,TOILET PAPER
14702,PAPEL DE ALUMINIO,14,FOIL,DÉJOUER,FOIL,FOIL
14703,SERVILLETAS DE PAPEL,14,PAPER NAPKINS,SERVIETTES EN PAPIER,PAPER NAPKINS,PAPER NAPKINS
14705,PAPEL ENCERADO,14,WAX PAPER,PAPIER CIRÉ,WAX PAPER,WAX PAPER
14706,PAPEL DE REGALO,14,GIFT WRAPPING,EMBALLAGE CADEAU,GIFT WRAPPING,GIFT WRAPPING
14707,PAPEL CELOFAN,14,CELLOPHANE PAPER,PAPIER CELLOPHANE,CELLOPHANE PAPER,CELLOPHANE PAPER
14800,PRODUCTO P/LIMPIEZA DE CALZADO,14,SHOE CLEANING PRODUCT,PRODUIT DE NETTOYAGE DE CHAUSSURES,SHOE CLEANING PRODUCT,SHOE CLEANING PRODUCT
14801,BETUN,14,BITUMEN,BITUME,BITUMEN,BITUMEN
14802,TINTA,14,INK,ENCRE,INK,INK
14803,CEPILLO,14,BRUSH,BROSSE,BRUSH,BRUSH
14804,ESPONJA P/LIMPIEZA CALZADO,14,SHOE CLEANING SPONGE,ÉPONGE DE NETTOYAGE DE CHAUSSURES,SHOE CLEANING SPONGE,SHOE CLEANING SPONGE
14805,CALZADORES,14,SHOESHOES,CHAUSSURES,SHOESHOES,SHOESHOES
14806,CORDONES,14,shoelaces,lacets de chaussures,shoelaces,shoelaces
14900,REPUESTO P/FERRETERIA DOMESTICA,14,SPARE PART FOR DOMESTIC HARDWARE,PIÈCE DE RECHANGE POUR QUINCAILLERIE DOMESTIQUE,SPARE PART FOR DOMESTIC HARDWARE,SPARE PART FOR DOMESTIC HARDWARE
14901,ACCESORIOS P/CAFETERAS,14,COFFEE MACHINES ACCESSORIES,ACCESSOIRES POUR MACHINES À CAFÉ,COFFEE MACHINES ACCESSORIES,COFFEE MACHINES ACCESSORIES
14902,ACCESORIOS P/OLLA DE PRESIÓN,14,PRESSURE COOKER ACCESSORIES,ACCESSOIRES POUR AUTOCUISEURS,PRESSURE COOKER ACCESSORIES,PRESSURE COOKER ACCESSORIES
14903,ACCESORIOS P/MAQUINA MOLER,14,ACCESSORIES FOR GRINDING MACHINE,ACCESSOIRES POUR MACHINE À BROYER,ACCESSORIES FOR GRINDING MACHINE,ACCESSORIES FOR GRINDING MACHINE
14001,ARTICULOS DE NAVIDAD,14,CHRISTMAS ITEMS,ARTICLES DE NOËL,CHRISTMAS ITEMS,CHRISTMAS ITEMS
14002,ARBOL DE NAVIDAD,14,CHRISTMAS TREE,ARBRE DE NOËL,CHRISTMAS TREE,CHRISTMAS TREE
14003,SANTA CLAUS,14,SANTA CLAUS,LE PÈRE NOËL,SANTA CLAUS,SANTA CLAUS
14004,FLORES NAVIDEÑAS P/PARED,14,CHRISTMAS FLOWERS FOR WALL,FLEURS DE NOËL POUR MUR,CHRISTMAS FLOWERS FOR WALL,CHRISTMAS FLOWERS FOR WALL
14005,CAMPANAS,14,BELLS,CLOCHES,BELLS,BELLS
14006,MUÑECOS DE NIEVES,14,SNOWMEN,BONHOMMES DE NEIGE,SNOWMEN,SNOWMEN
14007,GUIRNALDAS,14,GARLANDS,GUIRLANDES,GARLANDS,GARLANDS
14008,BOLSAS C/ARTICULOS DE NAVIDAD,14,BAGS WITH CHRISTMAS ITEMS,SACS AVEC DES ARTICLES DE NOËL,BAGS WITH CHRISTMAS ITEMS,BAGS WITH CHRISTMAS ITEMS
14009,TROMPETAS,14,TRUMPETS,TROMPETTES,TRUMPETS,TRUMPETS
14010,PIÑAS DE PINO,14,PINE CONES,POMMES DE PIN,PINE CONES,PINE CONES
14011,VELAS,14,CANDLES,BOUGIES,CANDLES,CANDLES
14012,AROS DE NAVIDAD,14,CHRISTMAS RINGS,BAGUES DE NOËL,CHRISTMAS RINGS,CHRISTMAS RINGS
14013,BOLAS,14,BALLS,BALLES,BALLS,BALLS
14014,PICO,14,BEAK,BEC,BEAK,BEAK
14015,CAJITAS MINIATURAS,14,MINIATURE BOXES,BOÎTES MINIATURES,MINIATURE BOXES,MINIATURE BOXES
14016,MANZANITAS,14,LITTLE APPLES,PETITES POMMES,LITTLE APPLES,LITTLE APPLES
14017,ADORNOS DE NAVIDAD,14,CHRISTMAS DECORATIONS,DÉCORATIONS DE NOËL,CHRISTMAS DECORATIONS,CHRISTMAS DECORATIONS
15001,PINTURA DECOR.E INDUST.FERRET.,15,DECOR.E INDUST.FERRET PAINTING.,DÉCOR.E INDUST.PEINTURE DE FURET.,DECOR.E INDUST.FERRET PAINTING.,DECOR.E INDUST.FERRET PAINTING.
15002,PINTURAS EMULSIONADAS,15,EMULSIFIED PAINTS,PEINTURES ÉMULSIFIÉES,EMULSIFIED PAINTS,EMULSIFIED PAINTS
15003,BARNICES P/MADERA,15,WOOD VARNISHES,VERNIS À BOIS,WOOD VARNISHES,WOOD VARNISHES
15004,SELLADORES,15,SEALANTS,Mastic d'étanchéité,SEALANTS,SEALANTS
15005,DILUENTES,15,DILUENTS,DILUANTS,DILUENTS,DILUENTS
15006,ESMALTES,15,ENAMELS,ÉMAILS,ENAMELS,ENAMELS
15007,FONDOS ANTICORROSIVOS,15,ANTI-CORROSIVE FUNDS,FONDS ANTICORROSIFS,ANTI-CORROSIVE FUNDS,ANTI-CORROSIVE FUNDS
15008,LACAS,15,LACQUERS,LAQUES,LACQUERS,LACQUERS
15009,PINTURAS DE ACEITES,15,OIL PAINTS,PEINTURES À L'HUILE,OIL PAINTS,OIL PAINTS
15010,MASILLA PLASTICA,15,PLASTIC PUTTY,PÂTE À MODELER,PLASTIC PUTTY,PLASTIC PUTTY
15011,REMOVEDORES,15,REMOVERS,DÉMAQUILLANTS,REMOVERS,REMOVERS
15012,SELLADORES P/MADERAS,15,WOOD SEALANTS,MASTICS À BOIS,WOOD SEALANTS,WOOD SEALANTS
15013,SOLVENTES,15,SOLVENTS,SOLVANTS,SOLVENTS,SOLVENTS
15014,FONDOS P/AUTOS,15,FUNDS FOR CARS,FONDS POUR LES VOITURES,FUNDS FOR CARS,FUNDS FOR CARS
15015,MASILLA P/AUTOS,15,CAR PUTTY,Pâte à modeler pour voiture,CAR PUTTY,CAR PUTTY
15016,OTRAS PINTURAS Y ADITAMENTOS,15,OTHER PAINTS AND ADDITIVES,AUTRES PEINTURES ET ADDITIFS,OTHER PAINTS AND ADDITIVES,OTHER PAINTS AND ADDITIVES
15017,TORNILLOS,15,SCREWS,VIS,SCREWS,SCREWS
15018,TORNILLOS DE MAQUINA,15,MACHINE SCREWS,VIS À MACHINES,MACHINE SCREWS,MACHINE SCREWS
15019,TORNILLOS DE CARRUAJES,15,CARRIAGE BOLTS,BOULONS DE CHARIOT,CARRIAGE BOLTS,CARRIAGE BOLTS
15020,TUERCAS P/TORNILLOS,15,NUTS FOR SCREWS,Écrous pour vis,NUTS FOR SCREWS,NUTS FOR SCREWS
15021,ARANDELAS P/TORNILLOS,15,SCREW WASHERS,RONDELLES À VIS,SCREW WASHERS,SCREW WASHERS
15022,TORNILLOS ROSCA MADERA,15,WOOD THREAD SCREWS,VIS À FILETAGE POUR BOIS,WOOD THREAD SCREWS,WOOD THREAD SCREWS
15023,TORNILLOS ROSCA CHAPA,15,SHEET METAL THREAD SCREWS,VIS À FILETAGE POUR TÔLE,SHEET METAL THREAD SCREWS,SHEET METAL THREAD SCREWS
15024,TUERCAS P/TORNILLOS ESTUFAS,15,NUTS FOR STOVE SCREWS,Écrous pour vis de cuisinière,NUTS FOR STOVE SCREWS,NUTS FOR STOVE SCREWS
15025,PASADORES P/EJES,15,AXLE PINS,AXES DE PISTON,AXLE PINS,AXLE PINS
15026,EXPANSIONES,15,EXPANSIONS,EXTENSIONS,EXPANSIONS,EXPANSIONS
15027,PEGAMENTOS,15,ADHESIVES,ADHÉSIFS,ADHESIVES,ADHESIVES
15028,PEG.P/CARTON,15,PEG.P/CARDBOARD,PEG.P/CARTON,PEG.P/CARDBOARD,PEG.P/CARDBOARD
15029,PEG.DOBLE CONT.P/FORM.LINOL.,15,PEG.DOBLE CONT.P/FORM.LINOL.,PEG.DOBLE CONT.P/FORM.LINOL.,PEG.DOBLE CONT.P/FORM.LINOL.,PEG.DOBLE CONT.P/FORM.LINOL.
15030,BROCHAS,15,BRUSHES,PINCEAUX,BRUSHES,BRUSHES
15031,BROCHAS DE FIBRA SINTETICA,15,SYNTHETIC FIBER BRUSHES,BROSSES EN FIBRES SYNTHÉTIQUES,SYNTHETIC FIBER BRUSHES,SYNTHETIC FIBER BRUSHES
15032,BROCHAS DE CERDA ANIMAL,15,ANIMAL BRISTLE BRUSHES,BROSSES À POILS ANIMAUX,ANIMAL BRISTLE BRUSHES,ANIMAL BRISTLE BRUSHES
15033,RODILLO P/PINTAR,15,PAINT ROLLER,ROULEAU À PEINTURE,PAINT ROLLER,PAINT ROLLER
15034,PINCELES,15,BRUSHES,PINCEAUX,BRUSHES,BRUSHES
15035,BANDEJA P/RODILLO,15,ROLLING PIN TRAY,PLATEAU À ROULEAU À PÂTISSERIE,ROLLING PIN TRAY,ROLLING PIN TRAY
15036,SET DE RODILLOS C/BANDEJAS,15,ROLLER SET WITH TRAYS,ENSEMBLE DE ROULEAUX AVEC PLATEAUX,ROLLER SET WITH TRAYS,ROLLER SET WITH TRAYS
15037,PUNTILLAS,15,LACE,DENTELLE,LACE,LACE
15038,PUNTILLAS,15,LACE,DENTELLE,LACE,LACE
15039,REMACHES,15,RIVETS,RIVETS,RIVETS,RIVETS
15040,TACHUELAS,15,TACKS,PUCES,TACKS,TACKS
15041,GRAPAS,15,STAPLES,Agrafes,STAPLES,STAPLES
15042,TUBOS DE ACEROS,15,STEEL PIPES,TUYAUX EN ACIER,STEEL PIPES,STEEL PIPES
15043,TUBOS ACEROS SOLDADOS,15,WELDED STEEL TUBES,TUBES EN ACIER SOUDÉS,WELDED STEEL TUBES,WELDED STEEL TUBES
15044,HERRAJES P/CONST.Y MUEBLES,15,HARDWARE FOR CONSTRUCTION AND FURNITURE,QUINCAILLERIE POUR LA CONSTRUCTION ET L'AMEUBLEMENT,HARDWARE FOR CONSTRUCTION AND FURNITURE,HARDWARE FOR CONSTRUCTION AND FURNITURE
15045,RUEDAS P/MUEBLES,15,FURNITURE WHEELS,ROUES DE MEUBLES,FURNITURE WHEELS,FURNITURE WHEELS
15046,RUEDAS P/CARRETILLAS,15,WHEELS FOR WHEELBARROWS,ROUES POUR BROULÉES,WHEELS FOR WHEELBARROWS,WHEELS FOR WHEELBARROWS
15047,TIRADORES P/MUEBLES,15,FURNITURE HANDLES,POIGNÉES DE MEUBLES,FURNITURE HANDLES,FURNITURE HANDLES
15048,TIRADORES P/PUERTAS,15,DOOR HANDLES,POIGNÉES DE PORTE,DOOR HANDLES,DOOR HANDLES
15049,TIRADORES P/VENTANAS,15,WINDOW HANDLES,POIGNÉES DE FENÊTRE,WINDOW HANDLES,WINDOW HANDLES
15050,ALDABAS DE RETEN,15,RETAINING LATCHES,VERROUS DE RETENUE,RETAINING LATCHES,RETAINING LATCHES
15051,RETENES P/MUEBLES,15,Furniture Retainers,Fixations pour meubles,Furniture Retainers,Furniture Retainers
15052,RETENES P/PUERTAS,15,DOOR LOCKS,SERRURES DE PORTE,DOOR LOCKS,DOOR LOCKS
15053,TOPES P/PUERTAS,15,DOOR STOPS,BUTÉES DE PORTE,DOOR STOPS,DOOR STOPS
15054,ALCAYATAS,15,HOOKS,CROCHETS,HOOKS,HOOKS
15055,CANCAMOS,15,ANCHORS,ANCRES,ANCHORS,ANCHORS
15056,BISAGRAS,15,HINGES,CHARNIÈRES,HINGES,HINGES
15057,CERRADURAS P/PUERTAS,15,DOOR LOCKS,SERRURES DE PORTE,DOOR LOCKS,DOOR LOCKS
15058,CERRADURAS P/MUEBLES,15,FURNITURE LOCKS,VERROUS DE MEUBLES,FURNITURE LOCKS,FURNITURE LOCKS
15059,CIERRE HIDRAULICOS P/PUERTAS,15,Hydraulic Door Closers,Ferme-portes hydrauliques,Hydraulic Door Closers,Hydraulic Door Closers
15060,PASADORES P/MUEBLES,15,FURNITURE PINS,PIERRES DE MEUBLES,FURNITURE PINS,FURNITURE PINS
15061,PASADORES P/PUERTAS,15,DOOR LATCHES,VERROUS DE PORTE,DOOR LATCHES,DOOR LATCHES
15062,PASADORES P/VENTANAS,15,WINDOW PINS,PIGNONS DE FENÊTRE,WINDOW PINS,WINDOW PINS
15063,CANDADOS,15,LOCKS,SERRE-CORPS,LOCKS,LOCKS
15064,PIES DE AMIGO,15,FRIEND'S FEET,PIEDS D'AMI,FRIEND'S FEET,FRIEND'S FEET
15065,ESCUADRAS,15,SQUADS,ÉQUIPES,SQUADS,SQUADS
15066,ABRAZADERAS,15,CLAMPS,PINCES,CLAMPS,CLAMPS
15067,GRAMPAS,15,STAPLES,Agrafes,STAPLES,STAPLES
15068,TENSORES,15,TENSIONERS,TENDEURS,TENSIONERS,TENSIONERS
15069,VALV.IND.PARTES,15,VALV.IND.PARTS,VALV.IND.PARTS,VALV.IND.PARTS,VALV.IND.PARTS
15070,VALVULAS DE GLOBOS,15,BALLOON VALVES,VALVES À BALLON,BALLOON VALVES,BALLOON VALVES
15071,VALVULAS DE CUÑAS,15,WEDGE VALVES,VALVES À COIN,WEDGE VALVES,WEDGE VALVES
15072,VALVULAS DE RETENSION,15,CHECK VALVES,CLAPETS ANTI-RETOUR,CHECK VALVES,CHECK VALVES
15073,VALVULAS DE BOLAS,15,BALL VALVES,VANNES À BILLE,BALL VALVES,BALL VALVES
15074,VALVULAS PARA CISTERNAS Y TANQ,15,VALVES FOR CISTERNS AND TANKS,VANNES POUR CISTERNES ET RÉSERVOIRS,VALVES FOR CISTERNS AND TANKS,VALVES FOR CISTERNS AND TANKS
15075,HERRAMIENTAS NO ENERGETICAS,15,NON-ENERGY TOOLS,OUTILS NON ÉNERGÉTIQUES,NON-ENERGY TOOLS,NON-ENERGY TOOLS
15076,LLAVES,15,KEYS,CLÉS,KEYS,KEYS
15077,DESTORNILLADORES,15,SCREWDRIVERS,TOURNEVIS,SCREWDRIVERS,SCREWDRIVERS
15078,ALICATES,15,PLIERS,PINCES,PLIERS,PLIERS
15079,PINZAS,15,TWEEZERS,PINCE À ÉPILER,TWEEZERS,TWEEZERS
15080,TENAZAS,15,TONGS,PINCES,TONGS,TONGS
15081,LIMAS,15,LIMES,CITRONS,LIMES,LIMES
15082,ALCUZAS,15,Oil cans,bidons d'huile,Oil cans,Oil cans
15083,ENTENALLAS,15,PINS,ÉPINGLE,PINS,PINS
15084,TORNILLOS DE BANCO,15,BENCH VISES,ÉTAUX D'ÉTABLISSEMENT,BENCH VISES,BENCH VISES
15085,ESCREPAS,15,SEPEPES,SÉPEPES,SEPEPES,SEPEPES
15086,VIOLADOR,15,RAPIST,VIOLEUR,RAPIST,RAPIST
15087,CORTA TUBOS,15,PIPE CUTTER,COUPE-TUYAUX,PIPE CUTTER,PIPE CUTTER
15088,MORDAZAS,15,GAGS,GAGS,GAGS,GAGS
15089,CEPOS,15,TRAPS,PIÈGES,TRAPS,TRAPS
15090,CIZALLAS,15,SHEARS,CISAILLES,SHEARS,SHEARS
15091,TIJERAS,15,SCISSORS,CISEAUX,SCISSORS,SCISSORS
15092,PATA DE CABRAS,15,GOAT'S FOOT,PIED DE CHÈVRE,GOAT'S FOOT,GOAT'S FOOT
15093,DOBLADORES,15,BENDERS,BENDERS,BENDERS,BENDERS
15094,NIVELES,15,LEVELS,NIVEAUX,LEVELS,LEVELS
15095,CUCHARAS,15,SPOONS,CUILLÈRES,SPOONS,SPOONS
15096,FROTAS,15,RUB,FROTTER,RUB,RUB
15097,CINCELES,15,CHISELS,BISEAUX,CHISELS,CHISELS
15098,ESCUADRAS,15,SQUADS,ÉQUIPES,SQUADS,SQUADS
15099,PLOMADAS,15,PLUMB LINES,LIGNES D'ALUMINIUM,PLUMB LINES,PLUMB LINES
15100,BARRETAS,15,CRASH BARS,BARRES DE PROTECTION,CRASH BARS,CRASH BARS
15101,BERVIQUIES,15,BERVIQUIES,BERVIQUIES,BERVIQUIES,BERVIQUIES
15102,CEPILLOS,15,BRUSHES,PINCEAUX,BRUSHES,BRUSHES
15103,PRESILLAS,15,CLAMPS,PINCES,CLAMPS,CLAMPS
15104,SARGENTOS,15,SERGEANTS,SERGENTS,SERGEANTS,SERGEANTS
15105,SACACLABOS,15,Claw Puller,Extracteur de griffes,Claw Puller,Claw Puller
15106,SERRUCHOS,15,SAWS,SCIES,SAWS,SAWS
15107,FALSA ESCUADRA,15,BEVEL SQUARE,ÉQUERRE À BISEAUTAGE,BEVEL SQUARE,BEVEL SQUARE
15108,RASPILLA,15,RASPILLA,FRAMBOISE,RASPILLA,RASPILLA
15109,TRAPADORES DE SERRUCHO,15,SAW MOPS,SÉCHE-SELLES,SAW MOPS,SAW MOPS
15110,TRINCHAS,15,TRINCHAS,TRINCHAS,TRINCHAS,TRINCHAS
15111,GUBIAS,15,GOUGES,GOUGES,GOUGES,GOUGES
15112,ESCOPLOS,15,CHISELS,BISEAUX,CHISELS,CHISELS
15113,GRAMILES,15,GRAMILES,GRAMILES,GRAMILES,GRAMILES
15114,MARTILLOS,15,HAMMERS,Marteaux,HAMMERS,HAMMERS
15115,MANDARRIAS,15,MANDARRIAS,MANDARRIAS,MANDARRIAS,MANDARRIAS
15116,MACETAS,15,POTS,POTS,POTS,POTS
15117,LEZNAS,15,AWLS,AWLS,AWLS,AWLS
15118,BOTADORES,15,DASHBOARDS,TABLEAUX DE BORD,DASHBOARDS,DASHBOARDS
15119,BURILES,15,BURILES,ENTERREMENTS,BURILES,BURILES
15120,CENTRO PUNTO,15,CENTER POINT,POINT CENTRAL,CENTER POINT,CENTER POINT
15121,LETRAS Y NUMEROS,15,LETTERS AND NUMBERS,LETTRES ET CHIFFRES,LETTERS AND NUMBERS,LETTERS AND NUMBERS
15122,RECTIFICADORES,15,RECTIFIERS,REDRESSEURS,RECTIFIERS,RECTIFIERS
15123,SACABOCADOS,15,PUNCH,PUNCH,PUNCH,PUNCH
15124,TAJADERAS,15,CUTTING BOARDS,PLANCHES À DÉCOUPER,CUTTING BOARDS,CUTTING BOARDS
15125,YUNQUES,15,ANVIL,ENCLUME,ANVIL,ANVIL
15126,FLEJADORES,15,STRAPPERS,STRAPPERS,STRAPPERS,STRAPPERS
15127,CUCHILLAS,15,BLADES,LAMES,BLADES,BLADES
15128,BANDEADORES,15,TRAYERS,PLATEAUX,TRAYERS,TRAYERS
15129,TALADROS,15,DRILLS,PERCEURS,DRILLS,DRILLS
15130,PONCHADORES,15,PUNCHERS,POINGS,PUNCHERS,PUNCHERS
15131,MANDRILES,15,MANDRILLS,MANDRINS,MANDRILLS,MANDRILLS
15132,JUEGOS,15,GAMES,JEUX,GAMES,GAMES
15133,CUBOS P/CONSTRUCCIÓN,15,CONSTRUCTION CUBES,CUBES DE CONSTRUCTION,CONSTRUCTION CUBES,CONSTRUCTION CUBES
15134,ESCOFINAS,15,RASPS,RASPS,RASPS,RASPS
15135,CAJAS DE HERRAMIENTAS,15,TOOLBOXES,BOÎTES À OUTILS,TOOLBOXES,TOOLBOXES
15136,PISTOLAS DE CILICONA,15,SILICONE GUNS,PISTOLET EN SILICONE,SILICONE GUNS,SILICONE GUNS
15137,OPRESOR DE ARO,15,RING OPPRESSOR,ANNEAU D'OPPRESSION,RING OPPRESSOR,RING OPPRESSOR
15138,TERRAJAS,15,DIP TAPES,BANDES DIP,DIP TAPES,DIP TAPES
15139,PUNTAS DESTORNILLADOR,15,SCREWDRIVER BITS,EMBOUTS DE TOURNEVIS,SCREWDRIVER BITS,SCREWDRIVER BITS
15140,CORTA VIDRIO,15,GLASS CUTTER,COUPE-VERRE,GLASS CUTTER,GLASS CUTTER
15141,ESPATULAS,15,SPATULAS,SPATULES,SPATULAS,SPATULAS
15142,ARCOS,15,ARCHES,ARCHES,ARCHES,ARCHES
15143,EXTRACTORES,15,EXTRACTORS,EXTRACTEURS,EXTRACTORS,EXTRACTORS
15144,TIZA LINEA,15,CHALK LINE,LIGNE À LA CRAIE,CHALK LINE,CHALK LINE
15145,PRESILLADORA,15,STAPLER,AGRAFEUSE,STAPLER,STAPLER
15146,EMBUDO,15,FUNNEL,ENTONNOIR,FUNNEL,FUNNEL
15147,PORTA HERRAMIENTAS,15,TOOL HOLDER,PORTE-OUTIL,TOOL HOLDER,TOOL HOLDER
15148,SOPORTE (BURRO),15,SUPPORT (DONKEY),SOUTIEN (ÂNE),SUPPORT (DONKEY),SUPPORT (DONKEY)
15149,CORTA CERAMICA,15,CERAMIC CUTTER,COUPE-CÉRAMIQUE,CERAMIC CUTTER,CERAMIC CUTTER
15150,CINTAS METALICAS,15,METALLIC TAPES,BANDES MÉTALLIQUES,METALLIC TAPES,METALLIC TAPES
15151,CALADOR,15,SAMPLER,ÉCHANTILLONNEUR,SAMPLER,SAMPLER
15152,DADOS,15,DICE,DÉS,DICE,DICE
15153,DESMONTADOR DE VALVULAS,15,VALVE DISASSEMBLER,DÉMONTEUR DE VALVE,VALVE DISASSEMBLER,VALVE DISASSEMBLER
15154,ESCUADRAS,15,SQUADS,ÉQUIPES,SQUADS,SQUADS
15155,HERRAMIENTAS VARIAS,15,VARIOUS TOOLS,OUTILS DIVERS,VARIOUS TOOLS,VARIOUS TOOLS
15156,PIZON,15,PIZON,PIZON,PIZON,PIZON
15157,PLOMADAS,15,PLUMB LINES,LIGNES D'ALUMINIUM,PLUMB LINES,PLUMB LINES
15158,PUNTERO,15,POINTER,AIGUILLE,POINTER,POINTER
15159,TRASADOR,15,TRACER,TRACEUR,TRACER,TRACER
15160,HERRAMIENTAS ENERGETICAS,15,ENERGY TOOLS,OUTILS ÉNERGÉTIQUES,ENERGY TOOLS,ENERGY TOOLS
15161,TALADRO ELECTRICO,15,ELECTRIC DRILL,PERCEUSE ÉLECTRIQUE,ELECTRIC DRILL,ELECTRIC DRILL
15162,CIZALLAS,15,SHEARS,CISAILLES,SHEARS,SHEARS
15163,CALADORAS,15,JIGSAWS,PUZZLES,JIGSAWS,JIGSAWS
15164,PULIDORA,15,POLISHER,POLISSEUR,POLISHER,POLISHER
15165,LIJADORAS,15,SANDERS,SANDERS,SANDERS,SANDERS
15166,PUNZONADORAS,15,PUNCHING MACHINES,MACHINES À PERFORATION,PUNCHING MACHINES,PUNCHING MACHINES
15167,RECTIFICADORA,15,GRINDER,BROYEUR,GRINDER,GRINDER
15168,DESTORNILLADORAS,15,SCREWDRIVERS,TOURNEVIS,SCREWDRIVERS,SCREWDRIVERS
15169,APRIETA TUERCAS,15,TIGHTEN NUTS,SERRER LES ÉCROUS,TIGHTEN NUTS,TIGHTEN NUTS
15170,TERRAJAS,15,DIP TAPES,BANDES DIP,DIP TAPES,DIP TAPES
15171,SIERRA,15,SAW,SCIE,SAW,SAW
15172,CEPILLOS,15,BRUSHES,PINCEAUX,BRUSHES,BRUSHES
15173,ESCOPLEADORAS,15,MORTISE MACHINES,MACHINES À MORTEISER,MORTISE MACHINES,MORTISE MACHINES
15174,PISTOLA DE ESTAÑAR,15,TINNING GUN,PISTOLET À ÉTABLIR,TINNING GUN,TINNING GUN
15175,CAUTINES,15,SOLDERING IRON,FER À SOUDER,SOLDERING IRON,SOLDERING IRON
15176,PISTOLA DE PINTAR,15,PAINT GUN,PISTOLET À PEINTURE,PAINT GUN,PAINT GUN
15177,ROTADORAS,15,ROTATING MACHINES,MACHINES ROTATIVES,ROTATING MACHINES,ROTATING MACHINES
15178,MARTILLOS,15,HAMMERS,Marteaux,HAMMERS,HAMMERS
15179,JUEGOS,15,GAMES,JEUX,GAMES,GAMES
15180,REMACHADORAS,15,RIVETING MACHINES,MACHINES À RIVETER,RIVETING MACHINES,RIVETING MACHINES
15181,BATERIAS,15,BATTERIES,BATTERIES,BATTERIES,BATTERIES
15182,SIERRA CIRCULAR,15,CIRCULAR SAW,SCIE CIRCULAIRE,CIRCULAR SAW,CIRCULAR SAW
15183,SIERRA ANGULAR,15,ANGLE SAW,SCIE D'ANGLE,ANGLE SAW,ANGLE SAW
15184,LINTERNAS,15,FLASHLIGHTS,LAMPES DE POCHE,FLASHLIGHTS,FLASHLIGHTS
15185,HERRAMIENTAS AGRICOLAS/JARDIN,15,AGRICULTURAL/GARDEN TOOLS,OUTILS AGRICOLES/DE JARDINAGE,AGRICULTURAL/GARDEN TOOLS,AGRICULTURAL/GARDEN TOOLS
15186,MACHETE,15,MACHETE,MACHETTE,MACHETE,MACHETE
15187,MOCHAS,15,MOCHAS,MOCHAS,MOCHAS,MOCHAS
15188,HOCES,15,SICKLES,FAUCILLES,SICKLES,SICKLES
15189,CORTADORAS,15,CUTTERS,COUPEURS,CUTTERS,CUTTERS
15190,PODADORAS (TIJERAS),15,MOWERS (SHEARS),TONDEUSES (CISAILLEUSES),MOWERS (SHEARS),MOWERS (SHEARS)
15191,ORILLADORAS,15,EDGE CLIPPERS,TONDEUSES À BORDURES,EDGE CLIPPERS,EDGE CLIPPERS
15192,GUADAÑAS,15,Scythes,Faux,Scythes,Scythes
15193,AZUELAS,15,STRIPS,BANDES,STRIPS,STRIPS
15194,COAS,15,COAS,COAS,COAS,COAS
15195,HORCAS,15,GALLOWS,POTENCE,GALLOWS,GALLOWS
15196,AZADAS,15,HOES,PUTES,HOES,HOES
15197,PIOCHAS,15,PINS,ÉPINGLE,PINS,PINS
15198,PICOS,15,PEAKS,SOMMETS,PEAKS,PEAKS
15199,PALAS,15,PALLAS,PALLAS,PALLAS,PALLAS
15200,GARABATOS,15,SCRAWL,GRIFFONNER,SCRAWL,SCRAWL
15201,VIRAPALOS,15,VIRAPALOS,VIRAPALOS,VIRAPALOS,VIRAPALOS
15202,CARGANTIMBAS,15,CARGANTIMBAS,CARGANTIMBAS,CARGANTIMBAS,CARGANTIMBAS
15203,RASTRILLOS,15,RAKES,RÂTEAU,RAKES,RAKES
15204,JUEGOS,15,GAMES,JEUX,GAMES,GAMES
15205,ESCOBAS,15,BROOMS,BALAIS,BROOMS,BROOMS
15206,EQUIPOS DE GARAJES,15,GARAGE EQUIPMENT,ÉQUIPEMENT DE GARAGE,GARAGE EQUIPMENT,GARAGE EQUIPMENT
15207,PLANTAS DE IZAJES,15,LIFTING PLANTS,INSTALLATIONS DE LEVAGE,LIFTING PLANTS,LIFTING PLANTS
15208,COMPRESORES,15,COMPRESSORS,COMPRESSEURS,COMPRESSORS,COMPRESSORS
15209,SISTEMA DE LUBRICACIÓN,15,LUBRICATION SYSTEM,SYSTÈME DE LUBRIFICATION,LUBRICATION SYSTEM,LUBRICATION SYSTEM
15210,CARGADORES DE BATERIAS,15,BATTERY CHARGERS,CHARGEURS DE BATTERIE,BATTERY CHARGERS,BATTERY CHARGERS
15211,SISTEMA DE FREGADO,15,MIXING SYSTEM,SYSTÈME DE MÉLANGE,MIXING SYSTEM,MIXING SYSTEM
15212,GATOS,15,CATS,CHATS,CATS,CATS
15213,INST.MEDIC.PARAMET.ELECTRICOS,15,INST.MEDIC.PARAMET.ELECTRICOS,INST.MÉDICAL.PARAMET.ÉLECTRIQUES,INST.MEDIC.PARAMET.ELECTRICOS,INST.MEDIC.PARAMET.ELECTRICOS
15214,MULTIMETROS,15,MULTIMETERS,MULTIMÈTRES,MULTIMETERS,MULTIMETERS
15215,MEGOMETROS,15,MEGOMETERS,MÉGOMÈTRES,MEGOMETERS,MEGOMETERS
15216,AMPERIMETROS,15,AMMETERS,AMPÈRES,AMMETERS,AMMETERS
15217,OMMIMETROS,15,OMMIMETERS,MÈTRES,OMMIMETERS,OMMIMETERS
15218,WATTMETROS,15,WATTMETERS,WATTMÈTRES,WATTMETERS,WATTMETERS
15219,INST.MEDIC.PARAM.NO ELECTR.,15,INST.MEDIC.PARAM.NO ELECTR.,INST.MÉDICAL.PARAM.SANS ÉLECTR.,INST.MEDIC.PARAM.NO ELECTR.,INST.MEDIC.PARAM.NO ELECTR.
15220,LIENZAS,15,LIENZAS,LIENS,LIENZAS,LIENZAS
15221,METROS PLEGABLES,15,FOLDING METERS,MÈTRES PLIANTS,FOLDING METERS,FOLDING METERS
15222,REGLAS,15,RULES,RÈGLES,RULES,RULES
15223,PIE DE REY,15,VERNIER CALIPER,PIED À ÉTIRAGE VERNIER,VERNIER CALIPER,VERNIER CALIPER
15224,CINTAS,15,TAPES,BANDES,TAPES,TAPES
15225,MICROMETROS,15,MICROMETERS,MICROMÈTRES,MICROMETERS,MICROMETERS
15226,DENSIMETROS,15,DENSIMETERS,DENSIMÈTRES,DENSIMETERS,DENSIMETERS
15227,COMPASES,15,COMPASSES,COMPAS,COMPASSES,COMPASSES
15228,CALIBRADORES,15,CALIBRATORS,CALIBRATEURS,CALIBRATORS,CALIBRATORS
15229,COMPAS DE CARATULA,15,COMPASS OF THE COVER,COMPAS DE LA COUVERTURE,COMPASS OF THE COVER,COMPASS OF THE COVER
15230,MANOMETRO,15,PRESSURE GAUGE,MANOMÈTRE,PRESSURE GAUGE,PRESSURE GAUGE
15231,COMPRESIMETRO,15,COMPRESSION METER,COMPRESSIONMÈTRE,COMPRESSION METER,COMPRESSION METER
15232,EQUIPOS P/SOLDAR,15,WELDING EQUIPMENT,ÉQUIPEMENT DE SOUDAGE,WELDING EQUIPMENT,WELDING EQUIPMENT
15233,DE GASES,15,OF GASES,DES GAZ,OF GASES,OF GASES
15234,ELECTRICOS,15,ELECTRIC,ÉLECTRIQUE,ELECTRIC,ELECTRIC
15235,JUEGOS,15,GAMES,JEUX,GAMES,GAMES
15236,ACCESORIOS P/SOLDAR,15,WELDING ACCESSORIES,ACCESSOIRES DE SOUDAGE,WELDING ACCESSORIES,WELDING ACCESSORIES
15237,PARA SOLDADURA ELECTRICA,15,FOR ELECTRIC WELDING,POUR LE SOUDAGE ÉLECTRIQUE,FOR ELECTRIC WELDING,FOR ELECTRIC WELDING
15238,SOLDADURA POR GAS,15,GAS WELDING,SOUDAGE AU GAZ,GAS WELDING,GAS WELDING
15239,JUEGOS,15,GAMES,JEUX,GAMES,GAMES
15240,UTILES DE CORTES,15,CUTTING TOOLS,OUTILS DE COUPE,CUTTING TOOLS,CUTTING TOOLS
15241,MACHOS,15,MALES,HOMMES,MALES,MALES
15242,DADOS,15,DICE,DÉS,DICE,DICE
15243,RIMAS,15,RHYMES,RIMEES,RHYMES,RHYMES
15244,AVELLANADORES,15,SNACKERS,SNACKERS,SNACKERS,SNACKERS
15245,BARRENAS,15,DRILLS,PERCEURS,DRILLS,DRILLS
15246,SEGUETAS,15,Hacksaw blades,Lames de scie à métaux,Hacksaw blades,Hacksaw blades
15247,CUCHILLAS,15,BLADES,LAMES,BLADES,BLADES
15248,FRESAS,15,STRAWBERRIES,FRAISES,STRAWBERRIES,STRAWBERRIES
15249,TERRAJAS,15,DIP TAPES,BANDES DIP,DIP TAPES,DIP TAPES
15250,JUEGOS,15,GAMES,JEUX,GAMES,GAMES
15251,PIEDRA ABRASIVA,15,ABRASIVE STONE,PIERRE ABRASIALE,ABRASIVE STONE,ABRASIVE STONE
15252,DISCOS,15,RECORDS,DISQUES,RECORDS,RECORDS
15253,HOJAS DE SIERRA,15,SAW BLADES,LAMES DE SCIE,SAW BLADES,SAW BLADES
15254,SIERRA DE COPA,15,CUP SAW,SCIE À TUBES,CUP SAW,CUP SAW
15255,ELEMENTOS DE IZAJES,15,LIFTING ELEMENTS,ÉLÉMENTS DE LEVAGE,LIFTING ELEMENTS,LIFTING ELEMENTS
15256,GRUAS HIDRAULICAS,15,HYDRAULIC CRANES,GRUES HYDRAULIQUES,HYDRAULIC CRANES,HYDRAULIC CRANES
15257,DIFERENCIALES DE CADENAS,15,CHAIN ​​DIFFERENTIALS,DIFFÉRENTIELS DE CHAÎNE,CHAIN ​​DIFFERENTIALS,CHAIN ​​DIFFERENTIALS
15258,PRODUCTOS DE REVESTIMIENTO,15,COATING PRODUCTS,PRODUITS DE REVÊTEMENT,COATING PRODUCTS,COATING PRODUCTS
15259,REVESTIMIENTO MURAL,15,WALL CLADDING,REVÊTEMENT MURAL,WALL CLADDING,WALL CLADDING
15260,REVESTIMIENTO DE PISOS,15,FLOOR COVERING,REVÊTEMENT DE SOL,FLOOR COVERING,FLOOR COVERING
15261,ACCESORIOS P/REVESTIMIENTO,15,ACCESSORIES FOR CLADDING,ACCESSOIRES POUR REVÊTEMENT,ACCESSORIES FOR CLADDING,ACCESSORIES FOR CLADDING
15262,OTROS,15,OTHERS,AUTRES,OTHERS,OTHERS
15263,MATERIAL/ACCESOR.CARPINTERIA,15,MATERIAL/ACCESSORY.CARPENTRY,MATÉRIEL/ACCESSOIRES. MENUISERIE,MATERIAL/ACCESSORY.CARPENTRY,MATERIAL/ACCESSORY.CARPENTRY
15264,MADERA ASERRADA,15,SAWN TIMBER,BOIS SCIE,SAWN TIMBER,SAWN TIMBER
15265,PLYWOOD,15,PLYWOOD,CONTRE-PLAQUÉ,PLYWOOD,PLYWOOD
15266,CARTON TABLA,15,CARDBOARD BOARD,CARTON,CARDBOARD BOARD,CARDBOARD BOARD
15267,OTROS,15,OTHERS,AUTRES,OTHERS,OTHERS
15268,MUEBLES SANITARIOS,15,SANITARY WARE,ARTICLES SANITAIRES,SANITARY WARE,SANITARY WARE
15269,INODORO,15,LAVATORY,TOILETTES,LAVATORY,LAVATORY
15270,LAVAMANOS,15,WASHBASIN,LAVABO,WASHBASIN,WASHBASIN
15271,BIDES,15,BIDES,OFFRES,BIDES,BIDES
15272,URINARIOS,15,URINALS,URINES,URINALS,URINALS
15273,BAÑADERAS,15,BATHTUBS,BAIGNOIRES,BATHTUBS,BATHTUBS
15274,PLATOS DE DUCHAS,15,SHOWER TRAYS,BAC DE DOUCHE,SHOWER TRAYS,SHOWER TRAYS
15275,LAVADEROS,15,WASHBASINS,LAVABOS,WASHBASINS,WASHBASINS
15276,FREGADEROS,15,SINKS,ÉVIERS,SINKS,SINKS
15277,JUEGOS,15,GAMES,JEUX,GAMES,GAMES
15278,GRIFOS/ACCES.MUEBLES SANITAR.,15,TAPS/SANITARY FURNITURE ACCESSORIES.,ROBINETS/ACCESSOIRES POUR MOBILIER SANITAIRE.,TAPS/SANITARY FURNITURE ACCESSORIES.,TAPS/SANITARY FURNITURE ACCESSORIES.
15279,ACCESORIO INODORO,15,TOILET ACCESSORY,ACCESSOIRE DE TOILETTES,TOILET ACCESSORY,TOILET ACCESSORY
15280,FLOTADOR,15,FLOAT,FLOTTER,FLOAT,FLOAT
15281,ACCES. P/LAVAMANOS,15,ACCESS FOR WASHBASIN,ACCÈS AU LAVABOS,ACCESS FOR WASHBASIN,ACCESS FOR WASHBASIN
15282,ACCES. BIDES,15,ACCESS. BIDES,ACCÈS. OFFRES,ACCESS. BIDES,ACCESS. BIDES
15283,ACCESORIOS URINARIOS,15,URINARY ACCESSORIES,ACCESSOIRES URINAIRES,URINARY ACCESSORIES,URINARY ACCESSORIES
15284,ACCESORIOS BAÑADERAS,15,BATH ACCESSORIES,ACCESSOIRES DE BAIN,BATH ACCESSORIES,BATH ACCESSORIES
15285,ACCESORIOS PLATOS DE DUCHAS,15,SHOWER TRAY ACCESSORIES,ACCESSOIRES POUR PLATEAU DE DOUCHE,SHOWER TRAY ACCESSORIES,SHOWER TRAY ACCESSORIES
15286,ACCESORIOS LAVADEROS,15,WASHBASIN ACCESSORIES,ACCESSOIRES DE LAVABO,WASHBASIN ACCESSORIES,WASHBASIN ACCESSORIES
15287,ACCESORIOS FREGADEROS,15,SINK ACCESSORIES,ACCESSOIRES POUR ÉVIER,SINK ACCESSORIES,SINK ACCESSORIES
15288,ACCESORIOS DUCHAS,15,SHOWER ACCESSORIES,ACCESSOIRES DE DOUCHE,SHOWER ACCESSORIES,SHOWER ACCESSORIES
15289,LLAVES VARIAS,15,VARIOUS KEYS,CLÉS DIVERSES,VARIOUS KEYS,VARIOUS KEYS
15290,TANQUE DE AGUA,15,WATER TANK,RÉSERVOIR D'EAU,WATER TANK,WATER TANK
15291,MANGUERA INDUSTRIAL,15,INDUSTRIAL HOSE,TUYAU INDUSTRIEL,INDUSTRIAL HOSE,INDUSTRIAL HOSE
15292,ARTICULOS P/PROTECC.HUMANA,15,ARTICLES FOR HUMAN PROTECTION,ARTICLES POUR LA PROTECTION HUMAINE,ARTICLES FOR HUMAN PROTECTION,ARTICLES FOR HUMAN PROTECTION
15293,PARA LA CABEZA,15,FOR THE HEAD,POUR LA TÊTE,FOR THE HEAD,FOR THE HEAD
15294,PARA EL TRONCO,15,FOR THE TRUNK,POUR LE COFFRE,FOR THE TRUNK,FOR THE TRUNK
15295,PARA EXTREMIDADES SUPERIORES,15,FOR UPPER EXTREMITIES,POUR LES EXTRÉMITÉS SUPÉRIEURES,FOR UPPER EXTREMITIES,FOR UPPER EXTREMITIES
15296,PARA EXTREMEDIDADES INFERIORES,15,FOR LOWER EXTREMEDITIES,POUR LES MEMBRES INFÉRIEURS,FOR LOWER EXTREMEDITIES,FOR LOWER EXTREMEDITIES
15297,PARA EL CUERPO,15,FOR THE BODY,POUR LE CORPS,FOR THE BODY,FOR THE BODY
15298,CARPINTERIA,15,CARPENTRY,CHARPENTERIE,CARPENTRY,CARPENTRY
15299,CARPINTERIA DE MADERA,15,WOODWORKING,TRAVAIL DU BOIS,WOODWORKING,WOODWORKING
15300,CARPINTERIA DE ALUMINIO,15,ALUMINUM CARPENTRY,MENUISERIE EN ALUMINIUM,ALUMINUM CARPENTRY,ALUMINUM CARPENTRY
15301,CARPINTERIA ACERO INOXIDABLE,15,STAINLESS STEEL CARPENTRY,MENUISERIE EN ACIER INOXYDABLE,STAINLESS STEEL CARPENTRY,STAINLESS STEEL CARPENTRY
15302,CARPINTERIA DE YESO,15,PLASTERBOARD CARPENTRY,MENUISERIE EN PLAQUES DE PLÂTRE,PLASTERBOARD CARPENTRY,PLASTERBOARD CARPENTRY
15303,TABIQUERIA,15,PARTITION WALLS,MURS DE SÉPARATION,PARTITION WALLS,PARTITION WALLS
15304,MATERIAL ELECTRIC./ACCESORIOS,15,ELECTRICAL MATERIAL/ACCESSORIES,MATÉRIEL/ACCESSOIRES ÉLECTRIQUES,ELECTRICAL MATERIAL/ACCESSORIES,ELECTRICAL MATERIAL/ACCESSORIES
15305,ALAMBRES,15,WIRES,FILS,WIRES,WIRES
15306,CABLES ELECTRICOS,15,ELECTRICAL CABLES,CÂBLES ÉLECTRIQUES,ELECTRICAL CABLES,ELECTRICAL CABLES
15307,CONECTORES ELECTRICOS,15,ELECTRICAL CONNECTORS,CONNECTEURS ÉLECTRIQUES,ELECTRICAL CONNECTORS,ELECTRICAL CONNECTORS
15308,CELDAS FOTOELECTRICAS,15,PHOTOELECTRIC CELLS,CELLULES PHOTOÉLECTRIQUES,PHOTOELECTRIC CELLS,PHOTOELECTRIC CELLS
15309,ACCES.CELDAS FOTOELECTRICAS,15,ACCESS TO PHOTOELECTRIC CELLS,ACCÈS AUX CELLULES PHOTOÉLECTRIQUES,ACCESS TO PHOTOELECTRIC CELLS,ACCESS TO PHOTOELECTRIC CELLS
15310,CAJAS ELECTRICAS,15,ELECTRICAL BOXES,BOÎTES ÉLECTRIQUES,ELECTRICAL BOXES,ELECTRICAL BOXES
15311,REGISTROS,15,RECORDS,DISQUES,RECORDS,RECORDS
15312,CARTUCHOS FUSIBLES,15,FUSE CARTRIDGES,CARTOUCHES FUSIBLES,FUSE CARTRIDGES,FUSE CARTRIDGES
15313,PANELES,15,PANELS,PANNEAUX,PANELS,PANELS
15314,PORTAFUSIBLES,15,FUSE HOLDER,PORTE-FUSIBLE,FUSE HOLDER,FUSE HOLDER
15315,SPAGUETTIS,15,SPAGHETTI,SPAGHETTI,SPAGHETTI,SPAGHETTI
15316,TERMINALES ELECTRICAS,15,ELECTRICAL TERMINALS,BORNES ÉLECTRIQUES,ELECTRICAL TERMINALS,ELECTRICAL TERMINALS
15317,ALAMBRES C/AISLANTES,15,INSULATED WIRES,FILS ISOLÉS,INSULATED WIRES,INSULATED WIRES
15318,TAPES ELECTRICOS,15,ELECTRICAL TAPE,RUBAN ÉLECTRIQUE,ELECTRICAL TAPE,ELECTRICAL TAPE
15319,BREAKERS,15,BREAKERS,DISJONCTEURS,BREAKERS,BREAKERS
15320,ACC.P/CAJAS ELECTRICAS,15,ACC.P/ELECTRICAL BOXES,BOÎTES ÉLECTRIQUES/ACC.P,ACC.P/ELECTRICAL BOXES,ACC.P/ELECTRICAL BOXES
15321,CABLES CONTROL Y SEÑALIZACION,15,CONTROL AND SIGNALING CABLES,CÂBLES DE COMMANDE ET DE SIGNALISATION,CONTROL AND SIGNALING CABLES,CONTROL AND SIGNALING CABLES
15322,CONTADORES,15,ACCOUNTANTS,COMPTABLES,ACCOUNTANTS,ACCOUNTANTS
15323,FUSIBLES,15,FUSES,FUSIBLES,FUSES,FUSES
15324,LINEAS DE DISTRIBUCION,15,DISTRIBUTION LINES,LIGNES DE DISTRIBUTION,DISTRIBUTION LINES,DISTRIBUTION LINES
15325,LAMINAS DE FUSIBLES,15,FUSE SHEETS,FEUILLES FUSIBLES,FUSE SHEETS,FUSE SHEETS
15326,PLACAS,15,PLATES,ASSIETTES,PLATES,PLATES
15327,ANALIZADORES ELECTRICOS,15,ELECTRICAL ANALYZERS,ANALYSEURS ÉLECTRIQUES,ELECTRICAL ANALYZERS,ELECTRICAL ANALYZERS
15328,INTERRUPTORES,15,SWITCHES,INTERRUPTEURS,SWITCHES,SWITCHES
15329,TOMACORRIENTE,15,POWER OUTLET,PRISE DE COURANT,POWER OUTLET,POWER OUTLET
15330,EQUIPOS DE VERIFICACION,15,VERIFICATION EQUIPMENT,ÉQUIPEMENT DE VÉRIFICATION,VERIFICATION EQUIPMENT,VERIFICATION EQUIPMENT
15331,BALASTROS,15,BALLASTS,BALLASTS,BALLASTS,BALLASTS
15332,RESISTENCIAS,15,RESISTANCES,RÉSISTANCES,RESISTANCES,RESISTANCES
15333,SOCKETS,15,SOCKETS,PRISES,SOCKETS,SOCKETS
15334,TAPONES,15,PLUGS,PRISES,PLUGS,PLUGS
15335,GRAPAS,15,STAPLES,Agrafes,STAPLES,STAPLES
15336,TUBERIA DE COBRE,15,COPPER TUBING,TUBES EN CUIVRE,COPPER TUBING,COPPER TUBING
15337,ENCENDEDORES,15,LIGHTERS,BRIQUETS,LIGHTERS,LIGHTERS
15338,ARRANQUE MAGNETICO,15,MAGNETIC START,DÉMARRAGE MAGNÉTIQUE,MAGNETIC START,MAGNETIC START
15339,ALAMBRE ENROLLAR,15,WIRE TO ROLLE,FIL À ROULEAU,WIRE TO ROLLE,WIRE TO ROLLE
15340,BASE Y CUBIERTAS P/FUSIBLES,15,FUSE BASES AND COVERS,SOUCHES ET COUVERCLES DE FUSIBLES,FUSE BASES AND COVERS,FUSE BASES AND COVERS
15341,CABLES TELEFONICOS,15,TELEPHONE CABLES,CÂBLES TÉLÉPHONIQUES,TELEPHONE CABLES,TELEPHONE CABLES
15342,CONTACTORES,15,CONTACTORS,ENTREPRENEURS,CONTACTORS,CONTACTORS
15343,CAPACITORES,15,CAPACITORS,CONDENSATEURS,CAPACITORS,CAPACITORS
15344,CLAVIJAS,15,PLUGS,PRISES,PLUGS,PLUGS
15345,DESCONECTIVOS,15,DISCONNECTIVES,DÉCONNECTEURS,DISCONNECTIVES,DISCONNECTIVES
15346,DESCON. FUSIBLES,15,FUSE DISCONNECT,DÉCONNEXION DU FUSIBLE,FUSE DISCONNECT,FUSE DISCONNECT
15347,EXTENSIONES ELECTRICAS,15,ELECTRICAL EXTENSION CORDS,ROULEMENTS ÉLECTRIQUES,ELECTRICAL EXTENSION CORDS,ELECTRICAL EXTENSION CORDS
15348,OTROS MATERIALES DE PVC,15,OTHER PVC MATERIALS,AUTRES MATÉRIAUX EN PVC,OTHER PVC MATERIALS,OTHER PVC MATERIALS
15349,PARARRAYOS,15,LIGHTNING ROD,PARATONNERRE,LIGHTNING ROD,LIGHTNING ROD
15350,TRANSFORMADORES,15,TRANSFORMERS,TRANSFORMERS,TRANSFORMERS,TRANSFORMERS
15351,TUBERIA DE PVC,15,PVC PIPE,TUYAU EN PVC,PVC PIPE,PVC PIPE
15352,CONEXIONES P/TUBOS,15,PIPE CONNECTIONS,RACCORDEMENTS DE TUYAUTERIE,PIPE CONNECTIONS,PIPE CONNECTIONS
15353,BUSHING,15,BUSHING,BAGUE,BUSHING,BUSHING
15354,TAPAS,15,LIDS,COUVERCLES,LIDS,LIDS
15355,TAPONES,15,PLUGS,PRISES,PLUGS,PLUGS
15356,UNIONES UNIVERSALES,15,UNIVERSAL UNIONS,UNIONS UNIVERSELLES,UNIVERSAL UNIONS,UNIVERSAL UNIONS
15357,CODOS,15,ELBOWS,COUDES,ELBOWS,ELBOWS
15358,NUDOS,15,KNOTS,NŒUDS,KNOTS,KNOTS
15359,TEES,15,TEES,T-SHIRTS,TEES,TEES
15360,TELAS Y PAPELES ABRASIVOS,15,ABRASIVE FABRICS AND PAPERS,TISSUS ET PAPIERS ABRASIFS,ABRASIVE FABRICS AND PAPERS,ABRASIVE FABRICS AND PAPERS
15361,PAPEL LIJA DE AGUA,15,WATERPROOF SANDPAPER,PAPIER DE VERRE IMPERMÉABLE,WATERPROOF SANDPAPER,WATERPROOF SANDPAPER
15362,PAPEL LIJA EN PLIEGOS,15,SANDPAPER SHEETS,FEUILLES DE PAPIER DE VERRE,SANDPAPER SHEETS,SANDPAPER SHEETS
15363,PAPEL LIJA EN ROLLOS,15,SANDPAPER ROLLS,ROULEAUX DE PAPIER DE VERRE,SANDPAPER ROLLS,SANDPAPER ROLLS
15364,TELA ESMERIL EN ROLLOS,15,Emery cloth in rolls,toile émeri en rouleaux,Emery cloth in rolls,Emery cloth in rolls
15365,DISCOS FLEXIBLES,15,FLOPPY DISKS,DISQUETTES,FLOPPY DISKS,FLOPPY DISKS
15366,LAMPARAS Y LUMINARIAS,15,LAMPS AND LIGHTING FIXTURES,LAMPES ET LUMINAIRES,LAMPS AND LIGHTING FIXTURES,LAMPS AND LIGHTING FIXTURES
15367,TUBOS FLUORESCENTES,15,FLUORESCENT TUBES,TUBES FLUORESCENTS,FLUORESCENT TUBES,FLUORESCENT TUBES
15368,BOMBILLOS,15,LIGHT BULBS,AMPOULES,LIGHT BULBS,LIGHT BULBS
15369,LAMPARAS,15,LAMPS,LAMPES,LAMPS,LAMPS
15370,MALLAS Y TELAS DE ALAMBRES,15,MESH AND WIRE FABRICS,TISSUS EN MAILLE ET EN FIL MÉTALLIQUE,MESH AND WIRE FABRICS,MESH AND WIRE FABRICS
15371,MALLA TEJIDA,15,WOVEN MESH,MAILLE TISSÉE,WOVEN MESH,WOVEN MESH
15372,TELAS DE ALAMBRES,15,WIRE MESH,GRILLE MÉTALLIQUE,WIRE MESH,WIRE MESH
15373,ANDAMIOS Y ESCALERAS METALICAS,15,SCAFFOLDING AND METAL LADDERS,ÉCHAFAUDAGES ET ÉCHELLES MÉTALLIQUES,SCAFFOLDING AND METAL LADDERS,SCAFFOLDING AND METAL LADDERS
15374,ANDAMIOS METALICOS,15,METAL SCAFFOLDING,ÉCHAFAUDAGES MÉTALLIQUES,METAL SCAFFOLDING,METAL SCAFFOLDING
15375,ESCALERAS DE ALUMINIO,15,ALUMINUM LADDERS,ÉCHELLES EN ALUMINIUM,ALUMINUM LADDERS,ALUMINUM LADDERS
15376,OTROS ACCESORIOS DE FERRETERIA,15,OTHER HARDWARE ACCESSORIES,AUTRES ACCESSOIRES MATÉRIELLES,OTHER HARDWARE ACCESSORIES,OTHER HARDWARE ACCESSORIES
15377,OTROS ELEMENTOS DE FERRETERIA,15,OTHER HARDWARE ITEMS,AUTRES ARTICLES DE QUINCAILLERIE,OTHER HARDWARE ITEMS,OTHER HARDWARE ITEMS
15378,MATERIALES Y ELEM.CONSTRUC.,15,MATERIALS AND CONSTRUCTION ELEMENTS,MATÉRIAUX ET ÉLÉMENTS DE CONSTRUCTION,MATERIALS AND CONSTRUCTION ELEMENTS,MATERIALS AND CONSTRUCTION ELEMENTS
15379,PRODUCTOS DE HORMIGON,15,CONCRETE PRODUCTS,PRODUITS EN BÉTON,CONCRETE PRODUCTS,CONCRETE PRODUCTS
15380,PRODUCTOS DE CANTERAS,15,QUARRY PRODUCTS,PRODUITS DE CARRIÈRE,QUARRY PRODUCTS,QUARRY PRODUCTS
15381,CEMENTOS,15,CEMENTS,CIMENTS,CEMENTS,CEMENTS
15382,CERAMICA,15,CERAMICS,CÉRAMIQUE,CERAMICS,CERAMICS
15383,ARCILLA,15,CLAY,ARGILE,CLAY,CLAY
15384,ASBESTO CEMENTO,15,ASBESTOS CEMENT,CIMENT D'AMIANTE,ASBESTOS CEMENT,ASBESTOS CEMENT
15385,POLIESPUMA,15,POLYFOAM,POLYFOAM,POLYFOAM,POLYFOAM
15386,BARRO,15,MUD,BOUE,MUD,MUD
15387,PRODUCTOS DE TERRAZO,15,TERRAZZO PRODUCTS,PRODUITS TERRAZZO,TERRAZZO PRODUCTS,TERRAZZO PRODUCTS
15388,MALLAS P/CERCAS,15,FENCE MESH,GRILLE DE CLÔTURE,FENCE MESH,FENCE MESH
15389,ARENA,15,SAND,SABLE,SAND,SAND
15390,ALAMBRES P/ CERCAS,15,FENCE WIRES,FILS DE CLÔTURE,FENCE WIRES,FENCE WIRES
15391,TEJAS,15,ROOF TILES,TUILES DE TOITURE,ROOF TILES,ROOF TILES
15392,CRISTALES,15,CRYSTALS,CRISTAUX,CRYSTALS,CRYSTALS
15393,FALSO TECHO,15,FALSE CEILING,FAUX PLAFOND,FALSE CEILING,FALSE CEILING
16100,CONFECCIONES P/CUARTO,16,CONFECTIONERY FOR ROOM,CONFISERIE POUR CHAMBRE,CONFECTIONERY FOR ROOM,CONFECTIONERY FOR ROOM
16101,ALMOHADAS,16,PILLOWS,OREILLERS,PILLOWS,PILLOWS
16102,CORTINAS,16,CURTAINS,RIDEAUX,CURTAINS,CURTAINS
16103,FRAZADAS Y MANTAS,16,BLANKETS AND TUMBLERS,COUVERTURES ET GOBELETS,BLANKETS AND TUMBLERS,BLANKETS AND TUMBLERS
16104,FUNDAS,16,CASES,CAS,CASES,CASES
16105,JUEGOS DE CAMA,16,BEDDING SETS,ENSEMBLES DE LITERIE,BEDDING SETS,BEDDING SETS
16106,MOSQUITEROS,16,MOSQUITO NETS,MOUSTIQUAIRES,MOSQUITO NETS,MOSQUITO NETS
16107,SABANAS,16,BED SHEETS,DRAPS DE LIT,BED SHEETS,BED SHEETS
16108,SOBRECAMAS,16,BEDSPREADS,COUVERTS DE LIT,BEDSPREADS,BEDSPREADS
16200,CONFECCIONES P/BA¥O,16,BABY CLOTHING,VÊTEMENTS POUR BÉBÉS,BABY CLOTHING,BABY CLOTHING
16201,JUEGOS DE BAÑOS,16,BATHROOM SETS,ENSEMBLES DE SALLE DE BAIN,BATHROOM SETS,BATHROOM SETS
16202,TOALLAS,16,TOWELS,SERVIETTES,TOWELS,TOWELS
16203,CORTINAS DE BAÑO,16,SHOWER CURTAINS,RIDEAUX DE DOUCHE,SHOWER CURTAINS,SHOWER CURTAINS
16204,ALFOMBRA P/BAÑO,16,BATHROOM MAT,TAPIS DE BAIN,BATHROOM MAT,BATHROOM MAT
16205,JUEGOS DE TOALLAS,16,TOWEL SETS,ENSEMBLES DE SERVIETTES,TOWEL SETS,TOWEL SETS
16206,TOALLAS PLAYERAS,16,BEACH TOWELS,SERVIETTES DE PLAGE,BEACH TOWELS,BEACH TOWELS
16300,MANTELERIA,16,TABLE LINEN,LINGE DE TABLE,TABLE LINEN,TABLE LINEN
16301,AGARRADERAS,16,HANDLES,POIGNÉES,HANDLES,HANDLES
16302,JUEGOS,16,GAMES,JEUX,GAMES,GAMES
16303,DELANTARES,16,APRONS,TABLIERS,APRONS,APRONS
16304,DOYLES,16,DOYLES,DOYLES,DOYLES,DOYLES
16305,SERVILLETAS,16,NAPKINS,SERVIETTES,NAPKINS,NAPKINS
16306,MANTELES,16,TABLECLOTHS,NAPPES,TABLECLOTHS,TABLECLOTHS
16307,PAÑOS DE COCINA,16,KITCHEN TOWELS,TORCHONS DE CUISINE,KITCHEN TOWELS,KITCHEN TOWELS
16308,JUEGOS DE COCINA,16,KITCHEN GAMES,JEUX DE CUISINE,KITCHEN GAMES,KITCHEN GAMES
16309,TAPETES,16,MATS,TATS,MATS,MATS
16400,ARTICULOS P/LLUVIA Y SOL,16,RAIN AND SUN ITEMS,ARTICLES POUR LA PLUIE ET ​​LE SOLEIL,RAIN AND SUN ITEMS,RAIN AND SUN ITEMS
16401,CAPAS DE AGUA,16,WATER LAYERS,COUCHES D'EAU,WATER LAYERS,WATER LAYERS
16402,CHUBASQUEROS,16,RAINCOATS,IMPERMÉABLES,RAINCOATS,RAINCOATS
16403,JUEGOS,16,GAMES,JEUX,GAMES,GAMES
16404,PARAGUAS,16,UMBRELLA,PARAPLUIE,UMBRELLA,UMBRELLA
16405,SOMBRILLAS,16,UMBRELLAS,PARAPLUIES,UMBRELLAS,UMBRELLAS
16406,SOMBRILLAS PLAYERAS,16,BEACH UMBRELLAS,PARASOLS DE PLAGE,BEACH UMBRELLAS,BEACH UMBRELLAS
17100,MUEBLES P/EL HOGAR,17,HOME FURNITURE,MEUBLES DE MAISON,HOME FURNITURE,HOME FURNITURE
17101,MUEBLES P/EL COMEDOR,17,DINING ROOM FURNITURE,MOBILIER DE SALLE À MANGER,DINING ROOM FURNITURE,DINING ROOM FURNITURE
17102,MUEBLES P/LA SALA,17,FURNITURE FOR THE LIVING ROOM,MEUBLES POUR LE SALON,FURNITURE FOR THE LIVING ROOM,FURNITURE FOR THE LIVING ROOM
17103,MUEBLES P/EL CUARTO,17,FURNITURE FOR THE ROOM,MEUBLES POUR LA CHAMBRE,FURNITURE FOR THE ROOM,FURNITURE FOR THE ROOM
17104,MUEBLES P/LA COCINA,17,KITCHEN FURNITURE,MEUBLES DE CUISINE,KITCHEN FURNITURE,KITCHEN FURNITURE
17105,MUEBLES P/BAÑO(NO SANIT.),17,BATHROOM FURNITURE (NOT SANITARY WARE),MEUBLES DE SALLE DE BAINS (PAS D'APPAREILS SANITAIRES),BATHROOM FURNITURE (NOT SANITARY WARE),BATHROOM FURNITURE (NOT SANITARY WARE)
17200,MUEBLES P/OFICINA,17,OFFICE FURNITURE,MOBILIER DE BUREAU,OFFICE FURNITURE,OFFICE FURNITURE
17201,BURO,17,BUREAU,BUREAU,BUREAU,BUREAU
17202,SILLA,17,CHAIR,CHAISE,CHAIR,CHAIR
17203,MESA,17,TABLE,TABLEAU,TABLE,TABLE
17204,JUEGOS DE MUEBLES,17,FURNITURE SETS,ENSEMBLES DE MEUBLES,FURNITURE SETS,FURNITURE SETS
17205,ARCHIVOS,17,FILES,FICHIERS,FILES,FILES
17206,EXPOSITOR,17,EXHIBITOR,EXPOSANT,EXHIBITOR,EXHIBITOR
17207,CESTOS,17,BASKETS,PANIERS,BASKETS,BASKETS
17300,MUEBLES P/GASTRONOMIA,17,FURNITURE FOR THE GASTRONOMY,MOBILIER POUR LA GASTRONOMIE,FURNITURE FOR THE GASTRONOMY,FURNITURE FOR THE GASTRONOMY
17301,VITRINAS,17,DISPLAY CASES,VITRINES,DISPLAY CASES,DISPLAY CASES
17302,MESAS,17,TABLES,TABLEAUX,TABLES,TABLES
17303,SILLAS,17,CHAIRS,CHAISES,CHAIRS,CHAIRS
17304,BANQUETAS,17,STOOLS,SELLES,STOOLS,STOOLS
17400,MUEBLES P/TIENDAS,17,FURNITURE FOR STORES,MOBILIER POUR MAGASINS,FURNITURE FOR STORES,FURNITURE FOR STORES
17401,COLGADORES,17,HANGERS,CINTRES,HANGERS,HANGERS
17402,MOSTRADORES,17,COUNTERS,COMPTEURS,COUNTERS,COUNTERS
17403,EXHIBIDORES,17,DISPLAYS,AFFICHAGES,DISPLAYS,DISPLAYS
17404,GONDOLA,17,GONDOLA,GONDOLE,GONDOLA,GONDOLA
17405,CHER OUT,17,CHER OUT,CHER SORTIE,CHER OUT,CHER OUT
17406,CESTOS,17,BASKETS,PANIERS,BASKETS,BASKETS
17407,HIPERCESTO,17,HYPERBASKET,HYPERPANIER,HYPERBASKET,HYPERBASKET
17408,CARRITOS,17,CARTS,CHARIOTS,CARTS,CARTS
17409,ESTANTES,17,SHELVES,ÉTAGÈRES,SHELVES,SHELVES
17500,MUEBLES INFANTILES,17,CHILDREN'S FURNITURE,MEUBLES POUR ENFANTS,CHILDREN'S FURNITURE,CHILDREN'S FURNITURE
17501,CUNAS,17,CRIBS,BERCEAU,CRIBS,CRIBS
17502,ESCAPARATES,17,SHOP WINDOWS,VITRINES DE MAGASIN,SHOP WINDOWS,SHOP WINDOWS
17503,ANDADORES,17,WALKERS,MARCHEURS,WALKERS,WALKERS
17504,CORRALES,17,CORRALS,CORRALS,CORRALS,CORRALS
17505,COCHES,17,CARS,VOITURES,CARS,CARS
17506,SILLITAS,17,CHAIRS,CHAISES,CHAIRS,CHAIRS
17600,MUEBLES EXTERIORES,17,OUTDOOR FURNITURE,MOBILIER DE JARDIN,OUTDOOR FURNITURE,OUTDOOR FURNITURE
17601,MUEBLES P/JARDIN,17,GARDEN FURNITURE,MOBILIER DE JARDIN,GARDEN FURNITURE,GARDEN FURNITURE
17602,MUEBLES P/TERRAZA,17,PATIO FURNITURE,MOBILIER DE JARDIN,PATIO FURNITURE,PATIO FURNITURE
17603,MUEBLES P/PORTAL,17,FURNITURE FOR PORTAL,MOBILIER POUR PORTAIL,FURNITURE FOR PORTAL,FURNITURE FOR PORTAL
17700,ELEMENTOS P/DIVISIONES,17,ELEMENTS FOR DIVISIONS,ÉLÉMENTS POUR LES DIVISIONS,ELEMENTS FOR DIVISIONS,ELEMENTS FOR DIVISIONS
17701,PUERTAS,17,DOORS,PORTES,DOORS,DOORS
17702,REJAS,17,GRILLES,GRILLES,GRILLES,GRILLES
17703,DIVISIONES,17,DIVISIONS,DIVISIONS,DIVISIONS,DIVISIONS
17800,COLCHONES,17,MATTRESSES,MATELAS,MATTRESSES,MATTRESSES
17801,COLCHONES CAMEROS,17,CAMERO MATTRESSES,MATELAS CAMERO,CAMERO MATTRESSES,CAMERO MATTRESSES
17802,COLCHONES 3/4 CAMEROS,17,3/4 QUEEN MATTRESSES,MATELAS 3/4 QUEEN,3/4 QUEEN MATTRESSES,3/4 QUEEN MATTRESSES
17803,COLCHONES PERSONALES,17,PERSONAL MATTRESSES,MATELAS PERSONNELS,PERSONAL MATTRESSES,PERSONAL MATTRESSES
17804,COLCHONES CANASTILLA,17,MATTRESSES BASKET,PANIER DE MATELAS,MATTRESSES BASKET,MATTRESSES BASKET
17805,COLCHONETAS,17,MATS,TATS,MATS,MATS
17806,BOX SPRING,17,BOX SPRING,SOMMIER,BOX SPRING,BOX SPRING
17807,BOX,17,BOX,BOÎTE,BOX,BOX
17808,HAMACAS,17,HAMMOCKS,HAMACS,HAMMOCKS,HAMMOCKS
18101,LAPICES,18,PENCILS,CRAYONS,PENCILS,PENCILS
18102,LIBRETAS,18,NOTEBOOKS,CARNETS DE NOTES,NOTEBOOKS,NOTEBOOKS
18103,GOMAS DE BORRAR,18,ERASERS,GOMMES,ERASERS,ERASERS
18104,SACAPUNTAS,18,PENCIL SHARPENER,TAILLE-CRAYON,PENCIL SHARPENER,PENCIL SHARPENER
18105,REGLAS,18,RULES,RÈGLES,RULES,RULES
18106,EST.LAPICES DE COLORES,18,EST.COLORED PENCILS,CRAYONS DE COULEUR EST.,EST.COLORED PENCILS,EST.COLORED PENCILS
18107,PLUMONES,18,FEATHERS,PLUMES,FEATHERS,FEATHERS
18108,CRAYOLAS,18,CRAYONS,CRAYONS,CRAYONS,CRAYONS
18109,ACUARELAS,18,WATERCOLORS,AQUARELLES,WATERCOLORS,WATERCOLORS
18110,CINTAS ADHESIVAS,18,ADHESIVE TAPES,RUBAN ADHÉSIF,ADHESIVE TAPES,ADHESIVE TAPES
18111,ESTUCHES,18,CASES,CAS,CASES,CASES
18112,GOMAS DE PEGAR,18,GLUING GUM,GOMME À COLLER,GLUING GUM,GLUING GUM
18113,TIJERAS,18,SCISSORS,CISEAUX,SCISSORS,SCISSORS
18114,AGENDAS,18,AGENDAS,ORDRES DU JOUR,AGENDAS,AGENDAS
18115,ALMOHADILLAS DE TINTAS,18,INK PADS,TAMPONS ENCRES,INK PADS,INK PADS
18116,BOLIGRAFOS,18,PENS,STYLOS,PENS,PENS
18117,BORRADORES,18,DRAFTS,BROUILLONS,DRAFTS,DRAFTS
18118,CARPETAS,18,FOLDERS,DOSSIERS,FOLDERS,FOLDERS
18119,CUADERNOS Y BLOCKS,18,NOTEBOOKS AND PADS,CARNETS ET BLOCS,NOTEBOOKS AND PADS,NOTEBOOKS AND PADS
18120,ENTINTADORES,18,INKING,ENCRE,INKING,INKING
18121,ETIQUETAS Y PEGATINAS,18,LABELS AND STICKERS,ÉTIQUETTES ET AUTOCOLLANTS,LABELS AND STICKERS,LABELS AND STICKERS
18122,FECHADORES,18,DATE STAMPERS,TIMBRE DATE,DATE STAMPERS,DATE STAMPERS
18123,FILES,18,FILES,FICHIERS,FILES,FILES
18124,FOLEADORAS,18,LEAF-FLOWERING,FLEURS À FEUILLES,LEAF-FLOWERING,LEAF-FLOWERING
18125,GUILLOTINAS,18,GUILLOTINES,GUILLOTINES,GUILLOTINES,GUILLOTINES
18126,LIQUIDOS CORRECTORES,18,CORRECTION SOLUTIONS,SOLUTIONS CORRECTIVES,CORRECTION SOLUTIONS,CORRECTION SOLUTIONS
18127,LIGAS,18,SUSPENDERS,BRETELLES,SUSPENDERS,SUSPENDERS
18128,MARCADORES Y RESALTADORES,18,MARKERS AND HIGHLIGHTERS,MARQUEURS ET SURLUNEURS,MARKERS AND HIGHLIGHTERS,MARKERS AND HIGHLIGHTERS
18129,MASKING TAPE,18,MASKING TAPE,RUBAN ADHÉSIF DE MASQUAGE,MASKING TAPE,MASKING TAPE
18130,ORGANIZADOR DE BURO,18,OFFICE ORGANIZER,ORGANISATEUR DE BUREAU,OFFICE ORGANIZER,OFFICE ORGANIZER
18131,PRESILLAS DE PRESILLADORAS,18,STAPLING MACHINE CLAMPS,PINCES POUR AGRAFEUSE,STAPLING MACHINE CLAMPS,STAPLING MACHINE CLAMPS
18132,PRESILLAS CLIPS,18,CLIPS,CLIPS,CLIPS,CLIPS
18133,PAPELERIA,18,STATIONERY,PAPETERIE,STATIONERY,STATIONERY
18134,PENTAFLEX,18,PENTAFLEX,PENTAFLEX,PENTAFLEX,PENTAFLEX
18135,PROTECTOR DE HOJAS,18,SHEET PROTECTOR,PROTECTEUR DE FEUILLE,SHEET PROTECTOR,SHEET PROTECTOR
18136,POST-IT,18,POST-IT,POST-IT,POST-IT,POST-IT
18137,PORTA TARJETAS,18,CARD HOLDER,PORTEUR DE CARTE,CARD HOLDER,CARD HOLDER
18138,PORTA BLOCK,18,BLOCK HOLDER,DÉTENTEUR DE BLOCS,BLOCK HOLDER,BLOCK HOLDER
18139,PORTAMINAS,18,MECHANICAL PENCIL,CRAYON MÉCANIQUE,MECHANICAL PENCIL,MECHANICAL PENCIL
18140,PONCHADORAS,18,PUNCHING MACHINES,MACHINES À PERFORATION,PUNCHING MACHINES,PUNCHING MACHINES
18141,PRESILLAS DE PRESION,18,PRESSURE CLAMPS,PINCES DE PRESSION,PRESSURE CLAMPS,PRESSURE CLAMPS
18142,PRESILLADORAS,18,STAPLING MACHINES,Agrafeuses,STAPLING MACHINES,STAPLING MACHINES
18143,PORTAPRESILLAS,18,CLIP HOLDER,PORTE-CLIPS,CLIP HOLDER,CLIP HOLDER
18145,RESPUESTOS DE BOLIGRAFOS,18,PEN REFILLS,RECHARGES POUR STYLOS,PEN REFILLS,PEN REFILLS
18146,SOBRES,18,ENVELOPES,ENVELOPPES,ENVELOPES,ENVELOPES
18147,SCOTH TAPE,18,SCOTH TAPE,RUBAN ADHÉSIF SCOTH,SCOTH TAPE,SCOTH TAPE
18148,TINTAS,18,INKS,ENCRES,INKS,INKS
18149,ANILLOS,18,RINGS,ANNEAUX,RINGS,RINGS
18150,TABLILLAS,18,BOARDS,CONSEILS,BOARDS,BOARDS
18151,PIZARRAS,18,BLACKBOARDS,TABLEAUX NOIRS,BLACKBOARDS,BLACKBOARDS
18152,CORTADORAS DE CUCHILLAS,18,BLADE CUTTERS,LAMES DE COUPE,BLADE CUTTERS,BLADE CUTTERS
18153,CUBIERTAS,18,COVERS,COUVERTURES,COVERS,COVERS
18154,DISPENSADORES,18,DISPENSERS,DISTRIBUTEURS,DISPENSERS,DISPENSERS
18155,SET DE ESCRITORIO,18,DESKTOP SET,ENSEMBLE DE BUREAU,DESKTOP SET,DESKTOP SET
18156,PROYECTORES,18,PROJECTORS,PROJECTEURS,PROJECTORS,PROJECTORS
18157,LUPAS,18,MAGNIFYING GLASSES,LOUPES,MAGNIFYING GLASSES,MAGNIFYING GLASSES
18158,MINAS,18,MINES,MINES,MINES,MINES
18159,SACA PRESILLAS,18,Staple Remover,Détacheur d'agrafes,Staple Remover,Staple Remover
18160,CINTAS Y TONELS,18,TAPES AND BARRELS,BANDES ET BARILS,TAPES AND BARRELS,TAPES AND BARRELS
18161,PRESILLAS DE PATAS,18,LEG CLAMPS,COLLIERS DE PIEDS,LEG CLAMPS,LEG CLAMPS
18162,ACESORIOS P/OFICINA,18,OFFICE ACCESSORIES,ACCESSOIRES DE BUREAU,OFFICE ACCESSORIES,OFFICE ACCESSORIES
18163,MAQUINAS DE OFICINA,18,OFFICE MACHINES,MACHINES DE BUREAU,OFFICE MACHINES,OFFICE MACHINES
18164,CAJA DE SEGURIDAD,18,SAFETY BOX,COFFRE-FORT,SAFETY BOX,SAFETY BOX
18165,PLANTILLAS,18,TEMPLATES,MODÈLES,TEMPLATES,TEMPLATES
18166,ABRECARTAS,18,LETTER OPENER,OUVRE-LETTRE,LETTER OPENER,LETTER OPENER
18200,LIBRERIA,18,BOOKSHOP,LIBRAIRIE,BOOKSHOP,BOOKSHOP
18201,LIBROS,18,BOOKS,LIVRES,BOOKS,BOOKS
18202,PERIODICOS,18,NEWSPAPERS,JOURNAUX,NEWSPAPERS,NEWSPAPERS
18203,REVISTAS,18,MAGAZINES,MAGAZINES,MAGAZINES,MAGAZINES
18204,MAPAS,18,MAPS,CARTES,MAPS,MAPS
18205,GUIAS TURISTICAS,18,TOURIST GUIDES,GUIDES TOURISTIQUES,TOURIST GUIDES,TOURIST GUIDES
18206,ALMANAQUES,18,ALMANACS,ALMANACHS,ALMANACS,ALMANACS
18207,TARJETAS POSTALES,18,POSTCARDS,CARTES POSTALES,POSTCARDS,POSTCARDS
18208,REPRODUCCIONES/OBRAS DE ARTE,18,REPRODUCTIONS/WORKS OF ART,REPRODUCTIONS/ŒUVRES D'ART,REPRODUCTIONS/WORKS OF ART,REPRODUCTIONS/WORKS OF ART
18209,AFICHES,18,POSTERS,AFFICHES,POSTERS,POSTERS
18300,ARTESANIA,18,CRAFT,ARTISANAT,CRAFT,CRAFT
18301,ARTESANIA Y SOUVENIR CUBANO,18,CUBAN HANDICRAFTS AND SOUVENIRS,ARTISANAT ET SOUVENIRS CUBAINS,CUBAN HANDICRAFTS AND SOUVENIRS,CUBAN HANDICRAFTS AND SOUVENIRS
18302,ARTESANIA Y SOUVENIR DE IMPORT,18,IMPORTED HANDICRAFTS AND SOUVENIRS,ARTISANAT ET SOUVENIRS IMPORTÉS,IMPORTED HANDICRAFTS AND SOUVENIRS,IMPORTED HANDICRAFTS AND SOUVENIRS
19100,ARTICULOS DE FIESTAS,19,PARTY SUPPLIES,FOURNITURES DE FÊTE,PARTY SUPPLIES,PARTY SUPPLIES
19101,PIÑATAS,19,PIÑATAS,PIÑATAS,PIÑATAS,PIÑATAS
19102,GLOBOS,19,BALLOONS,BALLONS,BALLOONS,BALLOONS
19103,SERPENTINAS Y CONFETIS,19,Streamers and Confetti,Serpentins et confettis,Streamers and Confetti,Streamers and Confetti
19104,PITOS,19,WHISTLES,SIFFLETS,WHISTLES,WHISTLES
19105,GORROS Y CARETAS,19,CAPS AND MASKS,CASQUETTES ET MASQUES,CAPS AND MASKS,CAPS AND MASKS
19106,CAJAS DE CUMPLEAÑOS,19,BIRTHDAY BOXES,BOÎTES D'ANNIVERSAIRE,BIRTHDAY BOXES,BIRTHDAY BOXES
19107,INVITACIONES,19,INVITATIONS,INVITATIONS,INVITATIONS,INVITATIONS
19108,VELAS DE CUMPLEAÑOS,19,BIRTHDAY CANDLES,BOUGIES D'ANNIVERSAIRE,BIRTHDAY CANDLES,BIRTHDAY CANDLES
19200,JUEGOS Y ENTRETENIMIENTOS,19,GAMES AND ENTERTAINMENT,JEUX ET DIVERTISSEMENTS,GAMES AND ENTERTAINMENT,GAMES AND ENTERTAINMENT
19201,JUEGO DE AJEDREZ,19,CHESS GAME,JEU D'ÉCHECS,CHESS GAME,CHESS GAME
19202,JUEGO DE PARCHIS,19,PARCHIS GAME,JEU PARCHIS,PARCHIS GAME,PARCHIS GAME
19203,JUEGO DE DAMAS,19,CHECKERS GAME,JEU DE DAME,CHECKERS GAME,CHECKERS GAME
19204,JUEGOS DE CARTAS,19,CARD GAMES,JEUX DE CARTES,CARD GAMES,CARD GAMES
19205,JUEGOS DE DOMINO,19,DOMINO GAMES,JEUX DE DOMINOS,DOMINO GAMES,DOMINO GAMES
19300,JUEGOS DIDACTICOS,19,EDUCATIONAL GAMES,JEUX ÉDUCATIFS,EDUCATIONAL GAMES,EDUCATIONAL GAMES
19301,ARMABLES,19,ASSEMBLY,ASSEMBLÉE,ASSEMBLY,ASSEMBLY
19302,JUEGOS DE OFICIOS,19,ROLE GAMES,JEUX DE RÔLE,ROLE GAMES,ROLE GAMES
19303,ROMPECABEZAS,19,PUZZLE,PUZZLE,PUZZLE,PUZZLE
19400,JUGUETES VARIOS ARMABLES,19,VARIOUS BUILDABLE TOYS,JOUETS À CONSTRUIRE DIVERS,VARIOUS BUILDABLE TOYS,VARIOUS BUILDABLE TOYS
19401,JUEGOS DE CONSTRUCCION,19,BUILDING GAMES,JEUX DE CONSTRUCTION,BUILDING GAMES,BUILDING GAMES
19402,JUEGOS DE ROMPECABEZAS,19,PUZZLE GAMES,JEUX DE PUZZLE,PUZZLE GAMES,PUZZLE GAMES
19500,JUGUETES VARIOS,19,VARIOUS TOYS,JOUETS DIVERS,VARIOUS TOYS,VARIOUS TOYS
19501,MUÑECAS Y MUÑECOS,19,DOLLS AND PUPPETS,POUPÉES ET MARIONNETTES,DOLLS AND PUPPETS,DOLLS AND PUPPETS
19502,JUGUETES VARIOS,19,VARIOUS TOYS,JOUETS DIVERS,VARIOUS TOYS,VARIOUS TOYS
19503,FRICCION,19,FRICTION,FRICTION,FRICTION,FRICTION
19504,CUERDA,19,ROPE,CORDE,ROPE,ROPE
19505,MECANICOS,19,MECHANICS,MÉCANIQUE,MECHANICS,MECHANICS
19506,ELECTRICOS,19,ELECTRIC,ÉLECTRIQUE,ELECTRIC,ELECTRIC
19507,MANUALES,19,MANUALS,MANUELS,MANUALS,MANUALS
19508,ACCESORISO,19,ACCESSORY,ACCESSOIRE,ACCESSORY,ACCESSORY
19509,CONTROL REMOTO,19,REMOTE CONTROL,TÉLÉCOMMANDE,REMOTE CONTROL,REMOTE CONTROL
19600,JUGUETES DURADEROS,19,DURABLE TOYS,JOUETS DURABLES,DURABLE TOYS,DURABLE TOYS
19601,BICICLETA 18 Y MAS,19,BICYCLE 18 AND OVER,VÉLO 18 ANS ET PLUS,BICYCLE 18 AND OVER,BICYCLE 18 AND OVER
19602,VELOCIPIDOS,19,VELOCIPIDS,VÉLOCIPIDES,VELOCIPIDS,VELOCIPIDS
19603,TRICICLOS,19,TRICYCLES,TRICYCLES,TRICYCLES,TRICYCLES
19604,CARRIOLAS,19,STROLLERS,POUSSETTES,STROLLERS,STROLLERS
19605,AUTOS,19,CARS,VOITURES,CARS,CARS
19700,JUGUETES MUSICALES,19,MUSICAL TOYS,JOUETS MUSICAUX,MUSICAL TOYS,MUSICAL TOYS
19701,PEDAL,19,PEDAL,PÉDALE,PEDAL,PEDAL
19702,CUERDA,19,ROPE,CORDE,ROPE,ROPE
19703,AIRE,19,AIR,AIR,AIR,AIR
19704,FUELLE,19,BELLOWS,SOUFFLET,BELLOWS,BELLOWS
19705,PERCUSION,19,PERCUSSION,PERCUSSION,PERCUSSION,PERCUSSION
19800,JUG. DE PELUCHE,19,PLUSH TOY,PELUCHE,PLUSH TOY,PLUSH TOY
19801,JUG.DE PELUCHE,19,PLUSH TOY,PELUCHE,PLUSH TOY,PLUSH TOY
20100,CAMARAS FOTOGRAFICA,20,PHOTOGRAPHIC CAMERAS,APPAREILS PHOTOGRAPHIQUES,PHOTOGRAPHIC CAMERAS,PHOTOGRAPHIC CAMERAS
20101,CAMARAS FOTOGRAFICAS,20,PHOTOGRAPHIC CAMERAS,APPAREILS PHOTOGRAPHIQUES,PHOTOGRAPHIC CAMERAS,PHOTOGRAPHIC CAMERAS
20200,ACCESOR.CAMARA FOTOG,20,CAMERA ACCESSORY,ACCESSOIRE POUR APPAREIL PHOTO,CAMERA ACCESSORY,CAMERA ACCESSORY
20201,LENTES,20,GLASSES,LUNETTES,GLASSES,GLASSES
20202,TRIPODE,20,TRIPOD,TRÉPIED,TRIPOD,TRIPOD
20203,FILTROS,20,FILTERS,FILTRES,FILTERS,FILTERS
20204,FLASH,20,FLASH,ÉCLAIR,FLASH,FLASH
20205,ESTUCHES,20,CASES,CAS,CASES,CASES
20206,ALBUM,20,ALBUM,ALBUM,ALBUM,ALBUM
20207,PORTARETRATO,20,PICTURE FRAME,CADRE PHOTO,PICTURE FRAME,PICTURE FRAME
20300,CAMARAS DE VIDEO,20,VIDEO CAMERAS,CAMÉRAS VIDÉO,VIDEO CAMERAS,VIDEO CAMERAS
20301,CAMARAS P/VIDEOS,20,VIDEO CAMERAS,CAMÉRAS VIDÉO,VIDEO CAMERAS,VIDEO CAMERAS
20400,ACCESOR.CAMARA VIDEO,20,ACCESSORY.VIDEO CAMERA,ACCESSOIRE.CAMÉRA VIDÉO,ACCESSORY.VIDEO CAMERA,ACCESSORY.VIDEO CAMERA
20401,LENTES,20,GLASSES,LUNETTES,GLASSES,GLASSES
20402,TRIPODE,20,TRIPOD,TRÉPIED,TRIPOD,TRIPOD
20403,FILTROS,20,FILTERS,FILTRES,FILTERS,FILTERS
20404,FLASH,20,FLASH,ÉCLAIR,FLASH,FLASH
20405,ESTUCHES,20,CASES,CAS,CASES,CASES
20500,PARTES Y PIEZAS,20,PARTS AND PIECES,PIÈCES ET MORCEAUX,PARTS AND PIECES,PARTS AND PIECES
20501,PARTES Y PZAS P/EQUIPOS FOTOG.,20,PARTS AND PIECES FOR PHOTOGRAPHIC EQUIPMENT,PIÈCES ET ACCESSOIRES POUR MATÉRIEL PHOTOGRAPHIQUE,PARTS AND PIECES FOR PHOTOGRAPHIC EQUIPMENT,PARTS AND PIECES FOR PHOTOGRAPHIC EQUIPMENT
20502,PARTES Y PZAS.CAM.FOTOGRAF.,20,PARTS AND PIECES.CAM.PHOTOGRAPH.,PIÈCES ET MORCEAUX.CAM.PHOTOGRAPHIE.,PARTS AND PIECES.CAM.PHOTOGRAPH.,PARTS AND PIECES.CAM.PHOTOGRAPH.
20503,PARTES Y PZAS P/CAMARAS D/VIDE,20,PARTS AND PIECES FOR VIDEO CAMERAS,PIÈCES ET ACCESSOIRES POUR CAMÉRAS VIDÉO,PARTS AND PIECES FOR VIDEO CAMERAS,PARTS AND PIECES FOR VIDEO CAMERAS
20600,ROLLOS FOTOGRAFICOS,20,PHOTOGRAPHIC ROLLS,ROULEAUX PHOTOGRAPHIQUES,PHOTOGRAPHIC ROLLS,PHOTOGRAPHIC ROLLS
20601,ROLLOS FOTOGRAF.A COLOR,20,COLOR PHOTOGRAPHIC ROLLS,ROULEAUX PHOTOGRAPHIQUES COULEUR,COLOR PHOTOGRAPHIC ROLLS,COLOR PHOTOGRAPHIC ROLLS
20602,ROLLOS FOTOG.BLANCO Y NEGRO,20,BLACK AND WHITE PHOTOGRAPHIC ROLLS,ROULEAUX PHOTOGRAPHIQUES NOIR ET BLANC,BLACK AND WHITE PHOTOGRAPHIC ROLLS,BLACK AND WHITE PHOTOGRAPHIC ROLLS
20603,PELICULAS POLAROID,20,POLAROID FILMS,FILMS POLAROID,POLAROID FILMS,POLAROID FILMS
20700,PAPEL P/IMPRESION,20,PRINTING PAPER,PAPIER D'IMPRESSION,PRINTING PAPER,PRINTING PAPER
20701,PAPEL P/IMPRESION A COLOR,20,PAPER FOR COLOR PRINTING,PAPIER POUR IMPRESSION COULEUR,PAPER FOR COLOR PRINTING,PAPER FOR COLOR PRINTING
20702,PAPEL P/IMPRES.BLANCO Y NEGRO,20,BLACK AND WHITE PRINTING PAPER,PAPIER D'IMPRESSION NOIR ET BLANC,BLACK AND WHITE PRINTING PAPER,BLACK AND WHITE PRINTING PAPER
20800,QUIMICA NEGATIVOS,20,NEGATIVE CHEMISTRY,CHIMIE NÉGATIVE,NEGATIVE CHEMISTRY,NEGATIVE CHEMISTRY
20801,QUIMICA NEGATIVOS A COLOR,20,CHEMISTRY COLOR NEGATIVES,NÉGATIFS COULEUR EN CHIMIE,CHEMISTRY COLOR NEGATIVES,CHEMISTRY COLOR NEGATIVES
20802,QUIMICA NEGAT.BLANCO Y NEGRO,20,CHEMISTRY NEGATIVE BLACK AND WHITE,Chimie négative noir et blanc,CHEMISTRY NEGATIVE BLACK AND WHITE,CHEMISTRY NEGATIVE BLACK AND WHITE
20900,QUIMICA P/PAPEL,20,PAPER CHEMISTRY,CHIMIE SUR PAPIER,PAPER CHEMISTRY,PAPER CHEMISTRY
20901,QUIMICA P/PAPEL A COLOR,20,CHEMISTRY FOR COLOR PAPER,CHIMIE DU PAPIER COULEUR,CHEMISTRY FOR COLOR PAPER,CHEMISTRY FOR COLOR PAPER
20902,QUIMICA P/PAPEL BLANCO Y NEGRO,20,CHEMISTRY FOR BLACK AND WHITE PAPER,CHIMIE DU PAPIER NOIR ET BLANC,CHEMISTRY FOR BLACK AND WHITE PAPER,CHEMISTRY FOR BLACK AND WHITE PAPER
20903,QUIMICA DIAPOSITIVAS,20,CHEMISTRY SLIDES,LAMES DE CHIMIE,CHEMISTRY SLIDES,CHEMISTRY SLIDES
20904,QUIMICA DIAPOSITIVAS,20,CHEMISTRY SLIDES,LAMES DE CHIMIE,CHEMISTRY SLIDES,CHEMISTRY SLIDES
20905,MAQUINAS,20,MACHINES,MACHINES,MACHINES,MACHINES
20906,MAQ.P/REVELADOS E IMPRES.FOTOS,20,MAKING FOR DEVELOPMENTS AND PRINTING PHOTOS,PRÉPARATION POUR LE DÉVELOPPEMENT ET L'IMPRESSION DES PHOTOS,MAKING FOR DEVELOPMENTS AND PRINTING PHOTOS,MAKING FOR DEVELOPMENTS AND PRINTING PHOTOS
21100,NUMISMATICA,21,NUMISMATICS,NUMISMATIQUE,NUMISMATICS,NUMISMATICS
21101,MONEDAS DE ORO,21,GOLD COINS,PIÈCES D'OR,GOLD COINS,GOLD COINS
21102,MONEDAS DE PLATA,21,SILVER,ARGENT,SILVER,SILVER
21103,MONEDAS DE OTROS METALES,21,COINS OF OTHER METALS,PIÈCES DE MONNAIE EN AUTRES MÉTAUX,COINS OF OTHER METALS,COINS OF OTHER METALS
21104,ESTUCHE P/MONEDAS,21,COIN CASE,ÉTUI À PIÈCES,COIN CASE,COIN CASE
21105,BILLETES,21,TICKETS,BILLETS,TICKETS,TICKETS
21106,ESTUCHE CON COLECCIONES,21,CASE WITH COLLECTIONS,AFFAIRE AVEC COLLECTIONS,CASE WITH COLLECTIONS,CASE WITH COLLECTIONS
21200,FILATELIA Y VITOFILIA,21,PHILATELY AND VITOPHILIA,PHILATIE ET ​​VITOPHILIE,PHILATELY AND VITOPHILIA,PHILATELY AND VITOPHILIA
21201,SELLOS DE CORREOS,21,POSTAGE STAMPS,TIMBRES-POSTE,POSTAGE STAMPS,POSTAGE STAMPS
21202,SELLOS DE VITOLAS,21,VITOLA SEALS,SCEAU DE VITOLA,VITOLA SEALS,VITOLA SEALS
21203,CATALOGO,21,CATALOG,CATALOGUE,CATALOG,CATALOG
21204,ACCESORIOS P/COLECCIONISTAS,21,ACCESSORIES FOR COLLECTORS,ACCESSOIRES POUR COLLECTIONNEURS,ACCESSORIES FOR COLLECTORS,ACCESSORIES FOR COLLECTORS
22100,IMPLEM. Y ACC. PLAYA Y BAÑO,22,BEACH AND BATHROOM IMPLEMENTS AND ACCESSORIES,ARTICLES ET ACCESSOIRES DE PLAGE ET DE SALLE DE BAIN,BEACH AND BATHROOM IMPLEMENTS AND ACCESSORIES,BEACH AND BATHROOM IMPLEMENTS AND ACCESSORIES
22101,PELOTAS,22,BALLS,BALLES,BALLS,BALLS
22102,BALSAS,22,RAFTS,RAFTS,RAFTS,RAFTS
22103,SALVAVIDAS,22,LIFE JACKET,GILET DE SAUVETAGE,LIFE JACKET,LIFE JACKET
22104,FLOTADORES,22,FLOATS,FLOTTEURS,FLOATS,FLOATS
22105,PATAS DE RANA,22,FROG LEGS,CUISSES DE GRENOUILLES,FROG LEGS,FROG LEGS
22106,SNOKER,22,SNOKER,SNOKER,SNOKER,SNOKER
22107,ESPEJUELOS DE NATACION,22,SWIMMING GOGGLES,LUNETTES DE NATATION,SWIMMING GOGGLES,SWIMMING GOGGLES
22108,CARETAS,22,FACE MASKS,MASQUES DE PROTECTION,FACE MASKS,FACE MASKS
22109,BOTES INFLABLES,22,INFLATABLE BOATS,BATEAUX GONFLABLES,INFLATABLE BOATS,INFLATABLE BOATS
22110,INFLADOR P/BALSAS Y PELOTAS,22,INFLATOR FOR RAFTS AND BALLS,GONFLEUR POUR RAFTS ET BALLONS,INFLATOR FOR RAFTS AND BALLS,INFLATOR FOR RAFTS AND BALLS
22200,IMPLEMENTOS DEPORTIVOS,22,SPORTS EQUIPMENT,ÉQUIPEMENT SPORTIF,SPORTS EQUIPMENT,SPORTS EQUIPMENT
22201,GUANTES DE BEISBOLL,22,BASEBALL GLOVES,GANTS DE BASEBALL,BASEBALL GLOVES,BASEBALL GLOVES
22202,MALLA P/VOLEIBOLL,22,VOLLEYBALL NET,FILET DE VOLLEY-BALL,VOLLEYBALL NET,VOLLEYBALL NET
22300,IMPLEM. Y ACCESORIOS DE PESCA,22,FISHING IMPLEMENTS AND ACCESSORIES,ARTICLES ET ACCESSOIRES DE PÊCHE,FISHING IMPLEMENTS AND ACCESSORIES,FISHING IMPLEMENTS AND ACCESSORIES
22301,ANZUELOS,22,HOOKS,CROCHETS,HOOKS,HOOKS
22302,CAJA DE PESCA,22,FISHING BOX,BOÎTE DE PÊCHE,FISHING BOX,FISHING BOX
22303,SEÑUELOS,22,LURES,LEURRES,LURES,LURES
22304,VARA DE PESCA,22,FISHING ROD,CANNE À PÊCHE,FISHING ROD,FISHING ROD
22305,CARRETES,22,REELS,MOULINETS,REELS,REELS
22306,HILOS DE PESCA,22,FISHING LINES,LIGNES DE PÊCHE,FISHING LINES,FISHING LINES
22307,PLOMADAS,22,PLUMB LINES,LIGNES D'ALUMINIUM,PLUMB LINES,PLUMB LINES
23001,GOLOSINAS,23,CANDIES,BONBONS,CANDIES,CANDIES
23002,CHICLETS,23,CHEWING GUM,CHEWING-GUM,CHEWING GUM,CHEWING GUM
23003,CARAMELOS,23,CANDIES,BONBONS,CANDIES,CANDIES
23004,CHOCOLATES,23,CHOCOLATES,CHOCOLATS,CHOCOLATES,CHOCOLATES
23005,MIELES,23,HONEYS,MIELS,HONEYS,HONEYS
23006,SIROPES,23,SYRUPS,SIROP,SYRUPS,SYRUPS
23007,POSTRES,23,DESSERTS,DESSERTS,DESSERTS,DESSERTS
23008,GALLETAS,23,COOKIES,COOKIES,COOKIES,COOKIES
23009,SORBETOS,23,STRAWS,PAILLES,STRAWS,STRAWS
23010,PAN,23,BREAD,PAIN,BREAD,BREAD
23011,REPOSTERIA,23,CONFECTIONERY,CONFISERIE,CONFECTIONERY,CONFECTIONERY
23012,TURRONES,23,NOUGAT,NOUGAT,NOUGAT,NOUGAT
23013,CONSERVAS CARNICAS,23,CANNED MEAT,VIANDE EN CONSERVE,CANNED MEAT,CANNED MEAT
23014,CONSERVAS DE CERDO,23,PORK PRESERVES,CONSERVES DE PORC,PORK PRESERVES,PORK PRESERVES
23015,CONSERVAS DE RES,23,BEEF PRESERVES,CONSERVES DE BŒUF,BEEF PRESERVES,BEEF PRESERVES
23016,CONSERVAS DE AVES,23,CANNED POULTRY,VOLAILLE EN CONSERVE,CANNED POULTRY,CANNED POULTRY
23017,CONSERVAS BOVINAS,23,BEEF PRESERVES,CONSERVES DE BŒUF,BEEF PRESERVES,BEEF PRESERVES
23018,CONSERVAS DEL MAR,23,SEAFOOD PRESERVES,CONSERVES DE FRUITS DE MER,SEAFOOD PRESERVES,SEAFOOD PRESERVES
23019,SARDINAS,23,SARDINES,SARDINES,SARDINES,SARDINES
23020,ATUN,23,TUNA,THON,TUNA,TUNA
23021,CALAMARES,23,CALAMARI,CALAMARS,CALAMARI,CALAMARI
23022,PULPOS,23,OCTOPUSES,POULPEAUX,OCTOPUSES,OCTOPUSES
23023,ALMEJAS,23,CLAMS,PALOURDES,CLAMS,CLAMS
23024,MEJILLONES,23,MUSSELS,MOULES,MUSSELS,MUSSELS
23025,ANCHOA,23,ANCHOVY,ANCHOIS,ANCHOVY,ANCHOVY
23026,BERBERECHOS,23,COCKLES,COQUES,COCKLES,COCKLES
23027,SALMON,23,SALMON,SAUMON,SALMON,SALMON
23028,LANGOSTA,23,LOBSTER,HOMARD,LOBSTER,LOBSTER
23029,PESCADO,23,FISH,POISSON,FISH,FISH
23030,CONSERVAS DE FRUTAS,23,FRUIT PRESERVES,CONSERVES DE FRUITS,FRUIT PRESERVES,FRUIT PRESERVES
23031,ENTERAS,23,WHOLE,ENTIER,WHOLE,WHOLE
23032,TROZOS,23,PIECES,PIÈCES,PIECES,PIECES
23033,MITADES,23,HALVES,MOITIÉS,HALVES,HALVES
23034,CASCOS O RAYADOS,23,HELMETS OR STRIPED,CASQUES OU RAYÉS,HELMETS OR STRIPED,HELMETS OR STRIPED
23035,COCTAIL,23,COCKTAIL,COCKTAIL,COCKTAIL,COCKTAIL
23036,JALEAS,23,JELLIES,GELÉES,JELLIES,JELLIES
23037,MERMELADAS,23,JAMS,JAMS,JAMS,JAMS
23038,COMPOTAS,23,COMPOTES,COMPOSÉS,COMPOTES,COMPOTES
23039,CREMAS,23,CREAMS,CRÈMES,CREAMS,CREAMS
23040,BARRA,23,BAR,BAR,BAR,BAR
23041,TURRONES,23,NOUGAT,NOUGAT,NOUGAT,NOUGAT
23042,GRANOS EN CONSERVAS,23,CANNED GRAINS,CÉRÉALES EN CONSERVE,CANNED GRAINS,CANNED GRAINS
23043,GARBANZOS,23,CHICKPEAS,POIS CHICHES,CHICKPEAS,CHICKPEAS
23044,JUDIAS Y ALIVIAS,23,BEANS AND SOOTHIES,HARICOTS ET SOUFFRANCES,BEANS AND SOOTHIES,BEANS AND SOOTHIES
23045,FRIJOLES,23,BEANS,HARICOTS,BEANS,BEANS
23046,LENTEJAS,23,LENTILS,LENTILLES,LENTILS,LENTILS
23047,EMBUTIDOS,23,SAUSAGES,SAUCISSES,SAUSAGES,SAUSAGES
23048,EMBUTIDOS DE CERDO,23,PORK SAUSAGES,SAUCISSES DE PORC,PORK SAUSAGES,PORK SAUSAGES
23049,EMBUTIDOS DE RES,23,BEEF SAUSAGES,SAUCISSES DE BŒUF,BEEF SAUSAGES,BEEF SAUSAGES
23050,EMBUTIDOS DE AVES,23,POULTRY SAUSAGES,SAUCISSES DE VOLAILLE,POULTRY SAUSAGES,POULTRY SAUSAGES
23051,PERROS CALIENTES,23,HOT DOGS,HOT-DOGS,HOT DOGS,HOT DOGS
23052,CHORIZOS,23,SAUSAGES,SAUCISSES,SAUSAGES,SAUSAGES
23053,SALCHICHAS,23,SAUSAGES,SAUCISSES,SAUSAGES,SAUSAGES
23054,PASTAS ALIMENTICIAS,23,PASTA,PÂTES,PASTA,PASTA
23055,FIDEOS,23,NOODLES,NOUILLES,NOODLES,NOODLES
23056,PASTINAS,23,PASTA,PÂTES,PASTA,PASTA
23057,MACARRONES,23,MACARONI,MACARONI,MACARONI,MACARONI
23058,SPAGUETTIS,23,SPAGHETTI,SPAGHETTI,SPAGHETTI,SPAGHETTI
23059,LAGSAÑAS,23,LAGSANAS,LAGSANAS,LAGSANAS,LAGSANAS
23060,RABIOLIS,23,RABBIOLIS,RABBIOLIS,RABBIOLIS,RABBIOLIS
23061,CODITOS,23,ELBOW CUTS,COUPURES DE COUDE,ELBOW CUTS,ELBOW CUTS
23062,CANELONES,23,CANNELLONI,CANNELLONI,CANNELLONI,CANNELLONI
23063,CONCHAS,23,SHELLS,COQUILLAGES,SHELLS,SHELLS
23064,TALLARINES,23,NOODLES,NOUILLES,NOODLES,NOODLES
23065,ACEITES Y GRASAS,23,OILS AND FATS,HUILES ET GRAISSES,OILS AND FATS,OILS AND FATS
23066,ACEITES,23,OILS,HUILES,OILS,OILS
23067,MANTECAS VEGETAL,23,VEGETABLE SHORTENINGS,MATIÈRES GRASSES VÉGÉTALES,VEGETABLE SHORTENINGS,VEGETABLE SHORTENINGS
23068,MANTECA ANIMAL,23,ANIMAL FAT,GRAISSE ANIMALE,ANIMAL FAT,ANIMAL FAT
23069,MARGARINA,23,MARGARINE,MARGARINE,MARGARINE,MARGARINE
23070,CONDIMENTOS,23,CONDIMENTS,CONDIMENTS,CONDIMENTS,CONDIMENTS
23071,POLVO,23,DUST,POUSSIÈRE,DUST,DUST
23072,GRANO,23,GRAIN,GRAIN,GRAIN,GRAIN
23073,HOJA,23,SHEET,FEUILLE,SHEET,SHEET
23074,RAMA,23,BRANCH,BIFURQUER,BRANCH,BRANCH
23075,SAZONADORES,23,SEASONINGS,ASSAISONNEMENTS,SEASONINGS,SEASONINGS
23076,MOJOS,23,MOJOS,MOJOS,MOJOS,MOJOS
23077,SOFRITO,23,SOFRITO,SOFRITE,SOFRITO,SOFRITO
23078,SALADITOS Y PLANTER,23,SAVORY SNACKS AND PLANTER,COLLATIONS SALÉES ET PLANTERIE,SAVORY SNACKS AND PLANTER,SAVORY SNACKS AND PLANTER
23079,SEMILLAS,23,SEEDS,GRAINES,SEEDS,SEEDS
23080,PALITOS,23,STICKS,BÂTONNETS,STICKS,STICKS
23081,SNACK,23,SNACK,COLLATION,SNACK,SNACK
23082,ACEITUNAS EN CONSERVAS,23,CANNED OLIVES,OLIVES EN CONSERVE,CANNED OLIVES,CANNED OLIVES
23083,CON HUESO,23,WITH BONE,AVEC OS,WITH BONE,WITH BONE
23084,SIN HUESO,23,BONELESS,DÉSOSSÉ,BONELESS,BONELESS
23085,RELLENAS,23,STUFFED,FARCI,STUFFED,STUFFED
23086,SOPAS Y CREMAS,23,SOUPS AND CREAMS,SOUPES ET CRÈMES,SOUPS AND CREAMS,SOUPS AND CREAMS
23087,SOPAS,23,SOUPS,SOUPES,SOUPS,SOUPS
23088,CREMAS,23,CREAMS,CRÈMES,CREAMS,CREAMS
23089,CALDOS,23,BROTHS,FRÈRES,BROTHS,BROTHS
23090,VINO SECO Y VINAGRE,23,DRY WINE AND VINEGAR,VIN SEC ET VINAIGRE,DRY WINE AND VINEGAR,DRY WINE AND VINEGAR
23091,VINAGRE,23,VINEGAR,VINAIGRE,VINEGAR,VINEGAR
23092,VINO SECO,23,DRY WINE,VIN SEC,DRY WINE,DRY WINE
23093,SALSAS,23,SAUCES,SAUCES,SAUCES,SAUCES
23094,MAYONESA,23,MAYONNAISE,MAYONNAISE,MAYONNAISE,MAYONNAISE
23095,KETCHUP,23,KETCHUP,KETCHUP,KETCHUP,KETCHUP
23096,MOSTAZA,23,MUSTARD,MOUTARDE,MUSTARD,MUSTARD
23097,PURE DE TOMATE,23,TOMATO PUREE,PURÉE DE TOMATES,TOMATO PUREE,TOMATO PUREE
23098,SALSAS,23,SAUCES,SAUCES,SAUCES,SAUCES
23099,PASTAS,23,PASTA,PÂTES,PASTA,PASTA
23100,CONSERVAS VEGETALES,23,PRESERVED VEGETABLES,LÉGUMES EN CONSERVE,PRESERVED VEGETABLES,PRESERVED VEGETABLES
23101,ESPARRAGOS,23,ASPARAGUS,ASPERGE,ASPARAGUS,ASPARAGUS
23102,HABICHUELAS,23,BEANS,HARICOTS,BEANS,BEANS
23103,MENESTRAS DE VERDURAS,23,VEGETABLE STEW,Ragoût de légumes,VEGETABLE STEW,VEGETABLE STEW
23104,TOMATES,23,TOMATOES,TOMATES,TOMATOES,TOMATOES
23105,PIMIENTO,23,PEPPER,POIVRE,PEPPER,PEPPER
23106,CEBOLLITAS,23,SMALL ONIONS,PETITS OIGNONS,SMALL ONIONS,SMALL ONIONS
23107,COL,23,CABBAGE,CHOU,CABBAGE,CABBAGE
23108,ZANAHORIA,23,CARROT,CAROTTE,CARROT,CARROT
23109,PEPINO,23,CUCUMBER,CONCOMBRE,CUCUMBER,CUCUMBER
23110,CHAMPIGÑON,23,MUSHROOM,CHAMPIGNON,MUSHROOM,MUSHROOM
23111,ALCAPARRAS,23,CAPERS,CÂPRES,CAPERS,CAPERS
23112,REMOLACHA,23,BEET,BETTERAVE,BEET,BEET
23113,MAIZ,23,CORN,MAÏS,CORN,CORN
23114,AJI,23,CHILI,PIMENT,CHILI,CHILI
23115,PRODUCTOS CARNICOS FRESCOS,23,FRESH MEAT PRODUCTS,PRODUITS DE VIANDE FRAÎCHE,FRESH MEAT PRODUCTS,FRESH MEAT PRODUCTS
23116,CARNE DE RES,23,BEEF,BŒUF,BEEF,BEEF
23117,CARNE DE CERDO,23,PORK,PORC,PORK,PORK
23118,CARNE DE AVE,23,POULTRY MEAT,VIANDE DE VOLAILLE,POULTRY MEAT,POULTRY MEAT
23119,CARNE BOVINA,23,BEEF,BŒUF,BEEF,BEEF
23120,PRODUCTOS DEL MAR FRESCOS,23,FRESH SEAFOOD,FRUITS DE MER FRAIS,FRESH SEAFOOD,FRESH SEAFOOD
23121,PESCADO,23,FISH,POISSON,FISH,FISH
23122,CALAMARES,23,CALAMARI,CALAMARS,CALAMARI,CALAMARI
23123,OSTIONES,23,OYSTERS,HUÎTRES,OYSTERS,OYSTERS
23124,CAMARONES,23,SHRIMP,CREVETTE,SHRIMP,SHRIMP
23125,LANGOSTAS,23,LOBSTERS,HOMARDS,LOBSTERS,LOBSTERS
23126,BACALAO,23,COD,MORUE,COD,COD
23127,EMBUTIDOS FRESCOS,23,FRESH SAUSAGES,SAUCISSES FRAÎCHES,FRESH SAUSAGES,FRESH SAUSAGES
23128,JAMON,23,HAM,JAMBON,HAM,HAM
23129,MORTADELLA,23,MORTADELLA,MORTADELLA,MORTADELLA,MORTADELLA
23130,SALAMI,23,SALAMI,SALAMI,SALAMI,SALAMI
23131,JAMONADA,23,HAM,JAMBON,HAM,HAM
23132,CHORIZO,23,SAUSAGE,SAUCISSE,SAUSAGE,SAUSAGE
23133,TOCINO,23,BACON,LARD,BACON,BACON
23134,BACON,23,BACON,LARD,BACON,BACON
23135,HUEVOS,23,EGGS,ŒUFS,EGGS,EGGS
23136,HUEVOS FRESCOS,23,FRESH EGGS,ŒUFS FRAIS,FRESH EGGS,FRESH EGGS
23137,HUEVOS DESHIGRATADOS,23,DEHYGRATED EGGS,ŒUFS DÉSHYDRATÉS,DEHYGRATED EGGS,DEHYGRATED EGGS
23138,FRUTAS FRESCAS,23,FRESH FRUIT,FRUITS FRAIS,FRESH FRUIT,FRESH FRUIT
23139,MANDARINA,23,TANGERINE,TANGERINE,TANGERINE,TANGERINE
23140,TORONJAS,23,GRAPEFRUITS,PAMPLEMOUSSES,GRAPEFRUITS,GRAPEFRUITS
23141,NARANJA,23,ORANGE,ORANGE,ORANGE,ORANGE
23142,LIMON,23,LEMON,CITRON,LEMON,LEMON
23143,LIMAS,23,LIMES,CITRONS,LIMES,LIMES
23144,NARANJA AGRIA,23,BITTER ORANGE,ORANGE AMÈRE,BITTER ORANGE,BITTER ORANGE
23145,FRUTA BOMBA,23,PEPPER FRUIT,FRUIT AU POIVRE,PEPPER FRUIT,PEPPER FRUIT
23146,PIÑAS,23,PINEAPPLES,ANANAS,PINEAPPLES,PINEAPPLES
23147,MANZANAS,23,APPLES,POMMES,APPLES,APPLES
23148,VEGETALES FRESCOS,23,FRESH VEGETABLES,LÉGUMES FRAIS,FRESH VEGETABLES,FRESH VEGETABLES
23149,JENJIBRE,23,GINGER,GINGEMBRE,GINGER,GINGER
23150,PIMIENTOS,23,PEPPERS,POIVRONS,PEPPERS,PEPPERS
23151,CALABAZA,23,PUMPKIN,CITROUILLE,PUMPKIN,PUMPKIN
23152,TOMATE,23,TOMATO,TOMATE,TOMATO,TOMATO
23153,PEREJIL,23,PARSLEY,PERSIL,PARSLEY,PARSLEY
23154,FRIJOLES CHINOS,23,Chinese beans,haricots chinois,Chinese beans,Chinese beans
23155,CEBOLLINO,23,CHIVE,CIBOULETTE,CHIVE,CHIVE
23156,CEBOLLA,23,ONION,OIGNON,ONION,ONION
23157,ACELGAS,23,Swiss chard,Bette à carde,Swiss chard,Swiss chard
23158,APIO,23,CELERY,CÉLERI,CELERY,CELERY
23159,AJO,23,GARLIC,AIL,GARLIC,GARLIC
23160,BONIATO,23,SWEET POTATO,PATATE DOUCE,SWEET POTATO,SWEET POTATO
23161,MALANGA,23,MALANGA,MALANGA,MALANGA,MALANGA
23162,PLATANO,23,BANANA,BANANE,BANANA,BANANA
23163,YUCA,23,YUCCA,YUCCA,YUCCA,YUCCA
23164,PAPA,23,DAD,PAPA,DAD,DAD
23165,HIERBAS,23,HERBS,HERBES,HERBS,HERBS
23166,PRODUCTOS LACTEOS Y DERIVADOS,23,DAIRY PRODUCTS AND DERIVATIVES,PRODUITS LAITIERS ET DÉRIVÉS,DAIRY PRODUCTS AND DERIVATIVES,DAIRY PRODUCTS AND DERIVATIVES
23167,LECHE EN POLVO,23,POWDERED MILK,LAIT EN POUDRE,POWDERED MILK,POWDERED MILK
23168,LECHE CONDENSADA,23,CONDENSED MILK,LAIT CONDENSÉ,CONDENSED MILK,CONDENSED MILK
23169,LECHE EVAPORADA,23,EVAPORATED MILK,LAIT CONCENTRÉ,EVAPORATED MILK,EVAPORATED MILK
23170,LECHE FLUIDA,23,FLUID MILK,LAIT FLUIDE,FLUID MILK,FLUID MILK
23171,MANTEQUILLA,23,BUTTER,BEURRE,BUTTER,BUTTER
23172,YOGOURT,23,YOGURT,YAOURT,YOGURT,YOGURT
23173,QUESOS,23,CHEESES,FROMAGES,CHEESES,CHEESES
23174,HELADOS,23,ICE CREAM,GLACE,ICE CREAM,ICE CREAM
23175,POLVO P/BATIDOS Y FROZEEN,23,POWDER FOR SMOOTHIES AND FROZEN,POUDRE POUR SMOOTHIES ET GLAÇONS,POWDER FOR SMOOTHIES AND FROZEN,POWDER FOR SMOOTHIES AND FROZEN
23176,GRANOS PRODUCTOS SECOS,23,GRAINS AND DRIED GOODS,CÉRÉALES ET PRODUITS SÉCHÉS,GRAINS AND DRIED GOODS,GRAINS AND DRIED GOODS
23177,GARBANZOS,23,CHICKPEAS,POIS CHICHES,CHICKPEAS,CHICKPEAS
23178,LENTEJAS,23,LENTILS,LENTILLES,LENTILS,LENTILS
23179,MAIZ,23,CORN,MAÏS,CORN,CORN
23180,FRIJOLES,23,BEANS,HARICOTS,BEANS,BEANS
23181,CHICHAROS,23,PEAS,PETITS POIS,PEAS,PEAS
23182,ALUBIA,23,BEAN,HARICOT,BEAN,BEAN
23183,JUDIA,23,BEAN,HARICOT,BEAN,BEAN
23184,CEREALES PRODUCTOS SECOS,23,CEREALS DRY GOODS,CÉRÉALES PRODUITS SECS,CEREALS DRY GOODS,CEREALS DRY GOODS
23185,ARROZ,23,RICE,RIZ,RICE,RICE
23186,MAICENA,23,CORNSTARCH,MAÏZENA,CORNSTARCH,CORNSTARCH
23187,GOFIO,23,GOFIO,GOFIO,GOFIO,GOFIO
23188,TRIGO,23,WHEAT,BLÉ,WHEAT,WHEAT
23189,SALVADO,23,BRAN,BRA,BRAN,BRAN
23190,SEMOLA,23,SEMOLINA,SEMOULE,SEMOLINA,SEMOLINA
23191,HOJUELAS,23,FLAKES,FLOCONS,FLAKES,FLAKES
23192,AVENAS,23,OATS,AVOINE,OATS,OATS
23193,HARINAS,23,FLOURS,FARINES,FLOURS,FLOURS
23194,FRUTOS SECOS,23,DRIED FRUITS,FRUITS SECS,DRIED FRUITS,DRIED FRUITS
23195,MANI,23,PEANUT,ARACHIDE,PEANUT,PEANUT
23196,ALMENDRAS,23,ALMONDS,AMANDES,ALMONDS,ALMONDS
23197,SAL,23,SALT,SEL,SALT,SALT
23198,SAL,23,SALT,SEL,SALT,SALT
23199,HARINAS,23,FLOURS,FARINES,FLOURS,FLOURS
23200,MEZCLA HARINA P/PIZZA,23,PIZZA FLOUR MIX,MÉLANGE DE FARINE À PIZZA,PIZZA FLOUR MIX,PIZZA FLOUR MIX
23201,HARINA DE TRIGO,23,WHEAT FLOUR,FARINE DE BLÉ,WHEAT FLOUR,WHEAT FLOUR
23202,POLVO P/HORNEAR Y LEVADURA,23,BAKING POWDER AND YEAST,LEVURE À PÂTE ET LEVURE,BAKING POWDER AND YEAST,BAKING POWDER AND YEAST
23203,POLVO P/HORNEAR,23,BAKING POWDER,LEVURE CHIMIQUE,BAKING POWDER,BAKING POWDER
23204,LEVADURAS,23,YEASTS,LEVURES,YEASTS,YEASTS
23205,AZUCARES Y EDULCORANTES,23,SUGARS AND SWEETENERS,SUCRES ET ÉDULCORANTS,SUGARS AND SWEETENERS,SUGARS AND SWEETENERS
23206,AZUCAR,23,SUGAR,SUCRE,SUGAR,SUGAR
23207,EDULCORANTE,23,SWEETENER,ÉDULCORANT,SWEETENER,SWEETENER
24100,BEBIDAS ALCOHOLICAS,24,ALCOHOLIC BEVERAGES,BOISSONS ALCOOLISÉES,ALCOHOLIC BEVERAGES,ALCOHOLIC BEVERAGES
24101,APERITIVOS,24,APPETIZERS,ENTRÉES,APPETIZERS,APPETIZERS
24102,ARMAGNACS,24,Armagnacs,Armagnacs,Armagnacs,Armagnacs
24103,BRANDIES,24,BRANDS,MARQUES,BRANDS,BRANDS
24104,COCTELES,24,COCKTAILS,COCKTAILS,COCKTAILS,COCKTAILS
24105,CERVEZAS,24,BEERS,BIÈRES,BEERS,BEERS
24106,CHAMPAGNES,24,CHAMPAGNES,CHAMPAGNES,CHAMPAGNES,CHAMPAGNES
24107,COGÑAC,24,COGNAC,COGNAC,COGNAC,COGNAC
24108,GINEBRAS,24,GINS,GINS,GINS,GINS
24109,JEREZ,24,SHERRY,SHERRY,SHERRY,SHERRY
24110,LIGANTES,24,BINDERS,CLASSEURS,BINDERS,BINDERS
24111,LICORES,24,LIQUORS,LIQUIDES,LIQUORS,LIQUORS
24112,OPORTOS,24,OPORTOS,PORTOS,OPORTOS,OPORTOS
24113,SIDRAS,24,CIDERS,CIDRES,CIDERS,CIDERS
24114,WHISKY,24,WHISKEY,WHISKY,WHISKEY,WHISKEY
24115,VERMOUTH,24,VERMOUTH,VERMOUTH,VERMOUTH,VERMOUTH
24116,VINOS Y CAVAS,24,WINES AND SPARKS,VINS ET MOUSSEUX,WINES AND SPARKS,WINES AND SPARKS
24117,VODKA,24,VODKA,VODKA,VODKA,VODKA
24118,TEQUILA,24,TEQUILA,TEQUILA,TEQUILA,TEQUILA
24119,RONES,24,RUMS,RHUMS,RUMS,RUMS
24120,AGUARDIENTES,24,SPIRITS,ESPRITS,SPIRITS,SPIRITS
24121,CREMAS Y CORDIALES,24,CREAMS AND CORDIALS,CRÈMES ET CORDIAUX,CREAMS AND CORDIALS,CREAMS AND CORDIALS
24122,ESTUCHES BEBIDAS,24,DRINK CASES,BOÎTES DE BOISSONS,DRINK CASES,DRINK CASES
24200,BEBIDAS NO ALCOHOLICAS,24,NON-ALCOHOLIC BEVERAGES,BOISSONS SANS ALCOOL,NON-ALCOHOLIC BEVERAGES,NON-ALCOHOLIC BEVERAGES
24201,AGUAS,24,WATERS,EAUX,WATERS,WATERS
24202,JUGOS Y NECTARES,24,JUICES AND NECTARS,JUS ET NECTARS,JUICES AND NECTARS,JUICES AND NECTARS
24203,MALTAS,24,MALTA,MALTE,MALTA,MALTA
24204,REFRESCOS,24,SOFT DRINKS,BOISSONS SANS ALCOOL,SOFT DRINKS,SOFT DRINKS
24205,SODAS,24,SODAS,SODAS,SODAS,SODAS
24206,HORCHATAS,24,HORCHATAS,HORCHATAS,HORCHATAS,HORCHATAS
24300,INFUSIONES,24,INFUSIONS,INFUSIONS,INFUSIONS,INFUSIONS
24301,CAFE,24,COFFEE,CAFÉ,COFFEE,COFFEE
24302,TE,24,TEA,THÉ,TEA,TEA
25100,TABACOS CUBANOS GRUPO 1,25,CUBAN TOBACCOS GROUP 1,TABACS CUBAINS GROUPE 1,CUBAN TOBACCOS GROUP 1,CUBAN TOBACCOS GROUP 1
25101,PARTAGAS,25,PARTAGAS,PARTAGAS,PARTAGAS,PARTAGAS
25102,PUNCH,25,PUNCH,PUNCH,PUNCH,PUNCH
25103,ROMEO Y JULIETA,25,ROMEO AND JULIET,ROMÉO ET JULIETTE,ROMEO AND JULIET,ROMEO AND JULIET
25104,H. UPMAN,25,H. UPMAN,H. UPMAN,H. UPMAN,H. UPMAN
25105,HOYO DE MONTERREY,25,HOYO DE MONTERREY,HOYO DE MONTERREY,HOYO DE MONTERREY,HOYO DE MONTERREY
25106,BOLIVAR,25,BOLIVAR,BOLIVAR,BOLIVAR,BOLIVAR
25107,POR LARRAÑAGA,25,BY LARRÑAGA,PAR LARRÑAGA,BY LARRÑAGA,BY LARRÑAGA
25108,RAMON ALLONES,25,RAMON ALLONES,RAMON ALLONES,RAMON ALLONES,RAMON ALLONES
25109,REY DEL MUNDO,25,KING OF THE WORLD,ROI DU MONDE,KING OF THE WORLD,KING OF THE WORLD
25200,TABACOS CUBANOS GRUPO 2,25,CUBAN TOBACCOS GROUP 2,TABACS CUBAINS GROUPE 2,CUBAN TOBACCOS GROUP 2,CUBAN TOBACCOS GROUP 2
25201,MONTECRISTO,25,MONTECRISTO,MONTÉCRISTO,MONTECRISTO,MONTECRISTO
25202,SAN LUIS REY,25,SAINT LOUIS THE KING,SAINT LOUIS LE ROI,SAINT LOUIS THE KING,SAINT LOUIS THE KING
25203,CIFUENTES,25,CIFUENTES,CIFUENTES,CIFUENTES,CIFUENTES
25204,COHIBA,25,COHIBA,COHIBA,COHIBA,COHIBA
25205,DAVIDOFF,25,DAVIDOFF,DAVIDOFF,DAVIDOFF,DAVIDOFF
25206,DIPLOMATICOS,25,DIPLOMATS,DIPLOMATS,DIPLOMATS,DIPLOMATS
25207,FLOR DE CANO,25,CANO FLOWER,FLEUR DE CANO,CANO FLOWER,CANO FLOWER
25208,FONSECA,25,FONSECA,FONSECA,FONSECA,FONSECA
25209,GLORIA CUBANA,25,CUBAN GLORY,GLOIRE CUBAINE,CUBAN GLORY,CUBAN GLORY
25300,TABACOS CUBANOS GRUPO 3,25,CUBAN TOBACCOS GROUP 3,TABACS CUBAINS GROUPE 3,CUBAN TOBACCOS GROUP 3,CUBAN TOBACCOS GROUP 3
25301,GISPERT,25,GISPERT,GISPERT,GISPERT,GISPERT
25302,JUAN LOPEZ,25,JUAN LOPEZ,JUAN LOPEZ,JUAN LOPEZ,JUAN LOPEZ
25303,LA EXCEPCION,25,THE EXCEPTION,L'EXCEPTION,THE EXCEPTION,THE EXCEPTION
25304,LOS STATOS,25,THE STATES,LES ÉTATS,THE STATES,THE STATES
25305,QUINTERO,25,QUINTERO,QUINTERO,QUINTERO,QUINTERO
25306,SANCHO PANZA,25,SANCHO PANZA,SANCHO PANZA,SANCHO PANZA,SANCHO PANZA
25307,RAFAEL GONZALEZ,25,RAFAEL GONZALEZ,RAFAEL GONZALEZ,RAFAEL GONZALEZ,RAFAEL GONZALEZ
25308,DUNHILL,25,DUNHILL,DUNHILL,DUNHILL,DUNHILL
25309,BELINDA,25,BELINDA,BELINDA,BELINDA,BELINDA
25310,CABAÑAS,25,CABINS,CABINES,CABINS,CABINS
25311,CANEY,25,CANEY,CANEY,CANEY,CANEY
25312,JOSE L.PIEDRA,25,JOSE L.PIEDRA,JOSÉ L. PIEDRA,JOSE L.PIEDRA,JOSE L.PIEDRA
25313,LA CORONA,25,THE CROWN,LA COURONNE,THE CROWN,THE CROWN
25314,TROYA,25,TROY,TROIE,TROY,TROY
25315,MINICIGARRILLOS,25,MINI CIGARETTES,MINI CIGARETTES,MINI CIGARETTES,MINI CIGARETTES
25316,ESTUCHES TABACO,25,TOBACCO CASES,ÉTUIS À TABAC,TOBACCO CASES,TOBACCO CASES
25317,BAUZA,25,BAUZA,BAUZA,BAUZA,BAUZA
25318,MARIA GUERRERO,25,MARIA GUERRERO,MARIA GUERRERO,MARIA GUERRERO,MARIA GUERRERO
25319,QUAI D`OSAY,25,QUAI D`OSAY,QUAI D'OSAY,QUAI D`OSAY,QUAI D`OSAY
25320,SIBONEY,25,SIBONEY,SIBONEY,SIBONEY,SIBONEY
25321,VEGUEROS,25,VEGUEROS,VÉGUEROS,VEGUEROS,VEGUEROS
25322,DANEMAM,25,DANEMAM,DANEMAM,DANEMAM,DANEMAM
25323,PERFECTOS,25,PERFECT,PARFAIT,PERFECT,PERFECT
25400,CIGARROS,25,CIGARS,CIGARES,CIGARS,CIGARS
25401,CIGARROS CUBANOS,25,CUBAN CIGARS,CIGARES CUBINS,CUBAN CIGARS,CUBAN CIGARS
25402,CIGARROS CANADIENSES,25,CANADIAN CIGARS,CIGARES CANADIENS,CANADIAN CIGARS,CANADIAN CIGARS
25403,CIGARROS BRASILEÑOS,25,BRAZILIAN CIGARS,CIGARES BRÉSILIENS,BRAZILIAN CIGARS,BRAZILIAN CIGARS
25404,CIGARROS AMERICANOS,25,AMERICAN CIGARS,CIGARES AMÉRICAINS,AMERICAN CIGARS,AMERICAN CIGARS
25405,CIGARROS FRANCESES,25,FRENCH CIGARS,CIGARES FRANÇAIS,FRENCH CIGARS,FRENCH CIGARS
25406,CIGARROS ITALIANOS,25,ITALIAN CIGARS,CIGARES ITALIENS,ITALIAN CIGARS,ITALIAN CIGARS
25500,PICADURAS,25,STINGS,PIQÛRES,STINGS,STINGS
25501,PICADURA EN PAQUETES,25,PACKAGED SNACKS,COLLATIONS EMBALLÉES,PACKAGED SNACKS,PACKAGED SNACKS
25502,PICADURAS EN POTES,25,BITCHES IN POTS,DES CHIENNES DANS DES POTS,BITCHES IN POTS,BITCHES IN POTS
26100,ARTICULOS DESECHABLES,26,DISPOSABLE ITEMS,ARTICLES JETABLES,DISPOSABLE ITEMS,DISPOSABLE ITEMS
26101,PLATOS,26,DISHES,PLATS,DISHES,DISHES
26102,VASOS,26,GLASSES,LUNETTES,GLASSES,GLASSES
26103,PORTA VASOS,26,CUP HOLDER,PORTE-GOBELET,CUP HOLDER,CUP HOLDER
26104,CUCHARAS,26,SPOONS,CUILLÈRES,SPOONS,SPOONS
26105,TENEDORES,26,FORKS,FOURCHES,FORKS,FORKS
26106,CUCHILLOS,26,KNIVES,COUTEAUX,KNIVES,KNIVES
26107,MANTELES,26,TABLECLOTHS,NAPPES,TABLECLOTHS,TABLECLOTHS
26108,SOBRE DE NYLON,26,NYLON ENVELOPE,ENVELOPPE EN NYLON,NYLON ENVELOPE,NYLON ENVELOPE
26109,ABSORVENTES,26,ABSORBENTS,ABSORBANTS,ABSORBENTS,ABSORBENTS
26110,PALILLOS,26,CHOPSTICKS,BAGUETTES,CHOPSTICKS,CHOPSTICKS
26111,JUEGOS,26,GAMES,JEUX,GAMES,GAMES
26200,INSUMOS P/RED MINO.Y ALMAC.,26,SUPPLIES FOR MINING NETWORK AND WAREHOUSE,FOURNITURES POUR LE RÉSEAU MINIER ET L'ENTREPÔT,SUPPLIES FOR MINING NETWORK AND WAREHOUSE,SUPPLIES FOR MINING NETWORK AND WAREHOUSE
26201,BOLSAS PLASTICAS,26,PLASTIC BAGS,SACS EN PLASTIQUE,PLASTIC BAGS,PLASTIC BAGS
26202,PRECINTAS,26,SEALS,SCELLÉS,SEALS,SEALS
26203,CAJAS,26,BOXES,BOÎTES,BOXES,BOXES
26204,ETIQUETAS,26,LABELS,ÉTIQUETTES,LABELS,LABELS
26205,TARJETAS,26,CARDS,CARTES,CARDS,CARDS
26206,CERTIFICADOS,26,CERTIFICATES,CERTIFICATS,CERTIFICATES,CERTIFICATES
26207,BLOCK,26,BLOCK,BLOC,BLOCK,BLOCK
26208,CARTILLA PAPEL,26,PAPER BOOKLET,LIVRET PAPIER,PAPER BOOKLET,PAPER BOOKLET
26209,ROLLOS P/CAJAS REGISTRADORAS,26,ROLLS FOR CASH REGISTERS,ROULEAUX POUR CAISSES ENREGISTREUSES,ROLLS FOR CASH REGISTERS,ROLLS FOR CASH REGISTERS
26210,CINTAS ENTINTADAS,26,INKED RIBBONS,RUBANS ENCRÉS,INKED RIBBONS,INKED RIBBONS
26211,SOBRES,26,ENVELOPES,ENVELOPPES,ENVELOPES,ENVELOPES
27100,EQUIPOS AUTOMOTRICES,27,AUTOMOTIVE EQUIPMENT,ÉQUIPEMENT AUTOMOBILE,AUTOMOTIVE EQUIPMENT,AUTOMOTIVE EQUIPMENT
27101,MOTOCICLETAS,27,MOTORCYCLES,MOTOS,MOTORCYCLES,MOTORCYCLES
27102,AUTOS DE PASAJEROS,27,PASSENGER CARS,VOITURES PARTICULIÈRES,PASSENGER CARS,PASSENGER CARS
27103,EQ.TRANS.LIG.MINIBUSES,27,EQ.TRANS.LIG.MINIBUSES,EQ.TRANS.LIG.MINIBUSES,EQ.TRANS.LIG.MINIBUSES,EQ.TRANS.LIG.MINIBUSES
27104,EQ.TRANS.PESADO Y AUTOBUSES,27,HEAVY TRANSPORT EQUIPMENT AND BUSES,ÉQUIPEMENTS DE TRANSPORT LOURD ET AUTOBUS,HEAVY TRANSPORT EQUIPMENT AND BUSES,HEAVY TRANSPORT EQUIPMENT AND BUSES
27105,EQ. DE CONSTRUCCIÓN,27,CONSTRUCTION EQUIPMENT,ÉQUIPEMENT DE CONSTRUCTION,CONSTRUCTION EQUIPMENT,CONSTRUCTION EQUIPMENT
27106,EQUIPOS INDUSTRIALES,27,INDUSTRIAL EQUIPMENT,ÉQUIPEMENT INDUSTRIEL,INDUSTRIAL EQUIPMENT,INDUSTRIAL EQUIPMENT
27107,EQUIPOS AGRICOLAS,27,AGRICULTURAL EQUIPMENT,ÉQUIPEMENT AGRICOLES,AGRICULTURAL EQUIPMENT,AGRICULTURAL EQUIPMENT
27108,EQUIPOS MINERIA,27,MINING EQUIPMENT,ÉQUIPEMENT MINIER,MINING EQUIPMENT,MINING EQUIPMENT
27200,ACCESORIOS,27,ACCESSORIES,ACCESSOIRES,ACCESSORIES,ACCESSORIES
27201,ALFOMBRAS P/AUTOS,27,CAR PADS,PATINS DE VOITURE,CAR PADS,CAR PADS
27202,ALARMAS ATOMOTRICES Y SUS ACC.,27,AUTOMOTIVE ALARMS AND THEIR ACCESSORIES,ALARMES AUTOMOBILES ET LEURS ACCESSOIRES,AUTOMOTIVE ALARMS AND THEIR ACCESSORIES,AUTOMOTIVE ALARMS AND THEIR ACCESSORIES
27203,ANTENAS P/AUTOS,27,CAR ANTENNAS,ANTENNES DE VOITURE,CAR ANTENNAS,CAR ANTENNAS
27204,PRODUCTOS DE AUXILIO,27,AID PRODUCTS,PRODUITS D'AIDE,AID PRODUCTS,AID PRODUCTS
27205,COPAS P/AUTOS,27,CAR CUPS,GOBELETS POUR VOITURE,CAR CUPS,CAR CUPS
27206,COJINES P/AUTOS,27,CAR CUSHIONS,COUSSINS DE VOITURE,CAR CUSHIONS,CAR CUSHIONS
27207,CORTINAS Y PAPELES P/AUTOS,27,CURTAINS AND PAPERS FOR CARS,RIDEAUX ET PAPIER POUR VOITURES,CURTAINS AND PAPERS FOR CARS,CURTAINS AND PAPERS FOR CARS
27208,CORNETAS Y PITOS,27,HORNS AND WHISTLES,KLAXONS ET SIFFLETS,HORNS AND WHISTLES,HORNS AND WHISTLES
27209,ESPEJOS,27,MIRRORS,MIROIRS,MIRRORS,MIRRORS
27210,FORROS  ASIENTO Y TIMON P/AUT.,27,SEAT AND STEERING WHEEL COVERS FOR AUTOMOTIVE,HOUSSES DE SIÈGE ET DE VOLANT POUR AUTOMOBILE,SEAT AND STEERING WHEEL COVERS FOR AUTOMOTIVE,SEAT AND STEERING WHEEL COVERS FOR AUTOMOTIVE
27211,HERRAMIENTAS AUTOMOTRIZ,27,AUTOMOTIVE TOOLS,OUTILS AUTOMOBILES,AUTOMOTIVE TOOLS,AUTOMOTIVE TOOLS
27212,PRODUCTOS HIGIENE Y LIMP. AUT.,27,HYGIENE AND CLEANING PRODUCTS,PRODUITS D'HYGIÈNE ET DE NETTOYAGE,HYGIENE AND CLEANING PRODUCTS,HYGIENE AND CLEANING PRODUCTS
27213,JGOS.HERRAMIENTAS AUTOMOTRIZ,27,AUTOMOTIVE TOOL SET,JEU D'OUTILS AUTOMOBILES,AUTOMOTIVE TOOL SET,AUTOMOTIVE TOOL SET
27214,LIMPIAPARABRISAS,27,WIPER,ESSUIE-GLACE,WIPER,WIPER
27215,LAMPARAS Y LUCES,27,LAMPS AND LIGHTS,LAMPES ET LUMIÈRES,LAMPS AND LIGHTS,LAMPS AND LIGHTS
27216,EQUIPOS DE MEDICION P/AUTOS,27,MEASURING EQUIPMENT FOR CARS,ÉQUIPEMENTS DE MESURE POUR VOITURES,MEASURING EQUIPMENT FOR CARS,MEASURING EQUIPMENT FOR CARS
27217,MEMOS,27,MEMOS,NOTES DE SERVICE,MEMOS,MEMOS
27218,NEBLINEROS,27,FOG LIGHTS,PHARES ANTIBROUILLARD,FOG LIGHTS,FOG LIGHTS
27219,OTROS ACC.ELEC.DE 12 V AUTOS,27,OTHER 12V ELECTRICAL ACCESSORIES FOR CARS,AUTRES ACCESSOIRES ÉLECTRIQUES 12V POUR VOITURES,OTHER 12V ELECTRICAL ACCESSORIES FOR CARS,OTHER 12V ELECTRICAL ACCESSORIES FOR CARS
27220,PROTECTORES Y MOLDURAS,27,PROTECTORS AND MOLDINGS,PROTECTIONS ET MOULURES,PROTECTORS AND MOLDINGS,PROTECTORS AND MOLDINGS
27221,PORTADORES,27,CARRIERS,TRANSPORTEURS,CARRIERS,CARRIERS
27222,PRODUCT.QUIM.P/USO AUTOMOTRIZ,27,CHEMICAL PRODUCT FOR AUTOMOTIVE USE,PRODUIT CHIMIQUE À USAGE AUTOMOBILE,CHEMICAL PRODUCT FOR AUTOMOTIVE USE,CHEMICAL PRODUCT FOR AUTOMOTIVE USE
27223,PRODUCT.DE SEGURIDAD P/AUTOS,27,CAR SAFETY PRODUCTS,PRODUITS DE SÉCURITÉ AUTOMOBILE,CAR SAFETY PRODUCTS,CAR SAFETY PRODUCTS
27224,TERMINALES P/BATERIAS,27,BATTERY TERMINALS,BORNES DE BATTERIE,BATTERY TERMINALS,BATTERY TERMINALS
27225,PARTES Y ACCE.P/BICICLETAS,27,PARTS AND ACCESSORIES FOR BICYCLES,PIÈCES ET ACCESSOIRES POUR VÉLOS,PARTS AND ACCESSORIES FOR BICYCLES,PARTS AND ACCESSORIES FOR BICYCLES
27300,NEUMATICOS,27,TIRES,PNEUS,TIRES,TIRES
27301,NEUMÁTICOS P/AUTOS DE PASAJERO,27,TIRES FOR PASSENGER CARS,PNEUS POUR VOITURES PARTICULIÈRES,TIRES FOR PASSENGER CARS,TIRES FOR PASSENGER CARS
27302,NEUM.P/AUTOS LIG.MINIB.MICROB.,27,TIRES FOR CARS LIG.MINIB.MICROB.,PNEUS POUR VOITURES LIG.MINIB.MICROB.,TIRES FOR CARS LIG.MINIB.MICROB.,TIRES FOR CARS LIG.MINIB.MICROB.
27303,NEUM. P/TRANSP.PESADO Y AUTOB.,27,TIRES FOR HEAVY TRANSPORT AND BUS,PNEUS POUR CAMIONS ET AUTOBUS,TIRES FOR HEAVY TRANSPORT AND BUS,TIRES FOR HEAVY TRANSPORT AND BUS
27304,NEUM. P/EQ. DE CONSTRUCCIÓN,27,PNEUM. FOR CONSTRUCTION EQUIPMENT,PNEUM. POUR ÉQUIPEMENTS DE CONSTRUCTION,PNEUM. FOR CONSTRUCTION EQUIPMENT,PNEUM. FOR CONSTRUCTION EQUIPMENT
27305,NEUM. P/EQ. INDUSTRIALES,27,PNEUM. FOR INDUSTRIAL EQUIPMENT,PNEUM. POUR ÉQUIPEMENTS INDUSTRIELS,PNEUM. FOR INDUSTRIAL EQUIPMENT,PNEUM. FOR INDUSTRIAL EQUIPMENT
27306,NEUM. P/EQ. AGRÍCOLAS,27,AGRICULTURAL EQUIPMENT TIRES,PNEUS POUR ÉQUIPEMENTS AGRICOLES,AGRICULTURAL EQUIPMENT TIRES,AGRICULTURAL EQUIPMENT TIRES
27307,NEUM. P/EQ. DE MINERÍA,27,PNEUM. P/EQ. DE MINERÑA,PNEUM. P/EQ. DE MINERÑA,PNEUM. P/EQ. DE MINERÑA,PNEUM. P/EQ. DE MINERÑA
27308,NEUMATICOS P/MOTOS,27,MOTORCYCLE TIRES,PNEUS DE MOTO,MOTORCYCLE TIRES,MOTORCYCLE TIRES
27309,OTROS NEUMATICOS,27,OTHER TIRES,AUTRES PNEUS,OTHER TIRES,OTHER TIRES
27400,CAMARAS,27,CAMERAS,CAMÉRAS,CAMERAS,CAMERAS
27401,CÁMARAS P/AUTOS DE PASAJEROS,27,CAMERAS FOR PASSENGER CARS,CAMÉRAS POUR VOITURES PARTICULIÈRES,CAMERAS FOR PASSENGER CARS,CAMERAS FOR PASSENGER CARS
27402,CAM.P/TRANS.LIG.MINIB.MICROB.,27,CAM.P/TRANS.LIG.MINIB.MICROB.,CAM.P/TRANS.LIG.MINIB.MICROB.,CAM.P/TRANS.LIG.MINIB.MICROB.,CAM.P/TRANS.LIG.MINIB.MICROB.
27403,CAM. P/TRANS.PESADO Y AUTOBUS,27,CAM. P/TRANS.HEAVY AND BUS,CAM. P/TRANS. LOURD ET BUS,CAM. P/TRANS.HEAVY AND BUS,CAM. P/TRANS.HEAVY AND BUS
27404,CAM. P/EQUIPOS DE MINERÍA,27,CAM. FOR MINING EQUIPMENT,CAM. POUR ÉQUIPEMENT MINIER,CAM. FOR MINING EQUIPMENT,CAM. FOR MINING EQUIPMENT
27405,CAM. P/EQUIPOS INDUSTRIALES,27,CAM. FOR INDUSTRIAL EQUIPMENT,CAM. POUR ÉQUIPEMENTS INDUSTRIELS,CAM. FOR INDUSTRIAL EQUIPMENT,CAM. FOR INDUSTRIAL EQUIPMENT
27406,CAM. P/EQUIPOS AGRÍCOLAS,27,CAM. FOR AGRICULTURAL EQUIPMENT,CAM. POUR ÉQUIPEMENT AGRICOLES,CAM. FOR AGRICULTURAL EQUIPMENT,CAM. FOR AGRICULTURAL EQUIPMENT
27407,CAM. P/EQUIPOS DE CONSTRUCCIÓN,27,CAM. FOR CONSTRUCTION EQUIPMENT,CAM. POUR ÉQUIPEMENT DE CONSTRUCTION,CAM. FOR CONSTRUCTION EQUIPMENT,CAM. FOR CONSTRUCTION EQUIPMENT
27408,CAMARAS P/MOTOS,27,Motorcycle Cameras,Caméras pour motos,Motorcycle Cameras,Motorcycle Cameras
27500,BATERIAS Y SOLUCION ELECTROL.,27,BATTERIES AND ELECTRONIC SOLUTION.,PILES ET SOLUTIONS ÉLECTRONIQUES.,BATTERIES AND ELECTRONIC SOLUTION.,BATTERIES AND ELECTRONIC SOLUTION.
27501,BATERIAS,27,BATTERIES,BATTERIES,BATTERIES,BATTERIES
27502,SOLUCIONES ELECTROLITICAS,27,ELECTROLYTE SOLUTIONS,SOLUTIONS ÉLECTROLYTIQUES,ELECTROLYTE SOLUTIONS,ELECTROLYTE SOLUTIONS
27503,ACTIVADOR DE BATERIAS,27,BATTERY ACTIVATOR,ACTIVATEUR DE BATTERIE,BATTERY ACTIVATOR,BATTERY ACTIVATOR
27600,PARTES Y PIEZAS AUTOMOT.,27,AUTOMOTIVE PARTS AND COMPONENTS,PIÈCES ET COMPOSANTS AUTOMOBILES,AUTOMOTIVE PARTS AND COMPONENTS,AUTOMOTIVE PARTS AND COMPONENTS
27601,PIEZAS DE REPUESTO,27,SPARE PARTS,DES PIÈCES DE RECHANGE,SPARE PARTS,SPARE PARTS
27602,BUJIAS,27,SPARK PLUGS,BOUGIES D'ALLUMAGE,SPARK PLUGS,SPARK PLUGS
27603,TANQUES PARA COMBUSTIBLES,27,FUEL TANKS,RÉSERVOIRS DE CARBURANT,FUEL TANKS,FUEL TANKS
27604,BOMBAS,27,PUMPS,POMPES,PUMPS,PUMPS
27700,MATERIAL Y EQUIPO DE PONCHERA,27,PUNCH BOWL MATERIALS AND EQUIPMENT,MATÉRIEL ET ÉQUIPEMENT POUR BOLS À PERCUSSION,PUNCH BOWL MATERIALS AND EQUIPMENT,PUNCH BOWL MATERIALS AND EQUIPMENT
27701,MATERIALES DE PONCHE,27,PUNCH MATERIALS,MATÉRIAUX DE PERFORATION,PUNCH MATERIALS,PUNCH MATERIALS
27702,EQUIPO DE PONCHES,27,STRIKEOUT TEAM,ÉQUIPE STRIKEOUT,STRIKEOUT TEAM,STRIKEOUT TEAM
27800,COMBUSTIBLES,27,FUELS,CARBURANTS,FUELS,FUELS
27801,GASOLINA SUPER ESPECIAL,27,SUPER SPECIAL GASOLINE,ESSENCE SUPER SPÉCIALE,SUPER SPECIAL GASOLINE,SUPER SPECIAL GASOLINE
27802,GASOLINA ESPECIAL,27,SPECIAL GASOLINE,ESSENCE SPÉCIALE,SPECIAL GASOLINE,SPECIAL GASOLINE
27803,GASOLINA REGULAR,27,REGULAR GASOLINE,ESSENCE ORDINAIRE,REGULAR GASOLINE,REGULAR GASOLINE
27804,DIESEL SUPERIOR,27,SUPERIOR DIESEL,DIESEL SUPÉRIEUR,SUPERIOR DIESEL,SUPERIOR DIESEL
27805,DIESEL ESPECIAL,27,SPECIAL DIESEL,DIESEL SPÉCIAL,SPECIAL DIESEL,SPECIAL DIESEL
27806,DIESEL REGULAR,27,REGULAR DIESEL,DIESEL ORDINAIRE,REGULAR DIESEL,REGULAR DIESEL
27900,LUBRICANTES,27,LUBRICANTS,LUBRIFIANTS,LUBRICANTS,LUBRICANTS
27901,LUBRICANTES,27,LUBRICANTS,LUBRIFIANTS,LUBRICANTS,LUBRICANTS
27902,ADITIVOS P/LUBRIC.Y COMBUST.,27,LUBRICANT AND FUEL ADDITIVES,ADDITIFS POUR LUBRIFIANTS ET CARBURANTS,LUBRICANT AND FUEL ADDITIVES,LUBRICANT AND FUEL ADDITIVES
27903,ADITIVOS,27,ADDITIVES,ADDITIFS,ADDITIVES,ADDITIVES
28100,PLATOS ELABORADOS,28,PREPARED DISHES,PLATS PRÉPARÉS,PREPARED DISHES,PREPARED DISHES
28101,PIZZAS,28,PIZZAS,PIZZAS,PIZZAS,PIZZAS
28102,POLLO C/PAPA FRITA,28,CHICKEN WITH FRENCH FRIES,POULET AVEC FRITES,CHICKEN WITH FRENCH FRIES,CHICKEN WITH FRENCH FRIES
28103,PERROS CALIENTES C/PAN,28,HOT DOGS WITH BUN,HOT-DOGS AVEC PAIN,HOT DOGS WITH BUN,HOT DOGS WITH BUN
28104,PASTA DE BOCADITOS,28,SNACK PASTE,PÂTE À COLLATION,SNACK PASTE,SNACK PASTE
28105,HAMBURGUESAS,28,BURGERS,BURGERS,BURGERS,BURGERS
28106,INFUSIONES,28,INFUSIONS,INFUSIONS,INFUSIONS,INFUSIONS
28107,SALADITOS,28,SAVORY ITEMS,PLATS SALÉS,SAVORY ITEMS,SAVORY ITEMS
28108,HELADOS MONTADOS,28,MOUNTED ICE CREAM,GLACE MONTÉE,MOUNTED ICE CREAM,MOUNTED ICE CREAM
28109,COMIDA CHINA,28,CHINESE FOOD,CUISINE CHINOISE,CHINESE FOOD,CHINESE FOOD
28110,EMPAREDADOS,28,SANDWICHES,SANDWICHS,SANDWICHES,SANDWICHES
28111,ENTRANTES,28,STARTERS,DÉPARTS,STARTERS,STARTERS
28112,POSTRES,28,DESSERTS,DESSERTS,DESSERTS,DESSERTS
28113,SPAGUETTIS,28,SPAGHETTI,SPAGHETTI,SPAGHETTI,SPAGHETTI
28114,PLATOS VARIOS,28,VARIOUS DISHES,PLATS VARIÉS,VARIOUS DISHES,VARIOUS DISHES
28200,ALIMENTOS P/LA VENTA,28,FOOD FOR SALE,NOURRITURE À VENDRE,FOOD FOR SALE,FOOD FOR SALE
28201,PANES,28,BREADS,PAINS,BREADS,BREADS
28202,PALITROQUES,28,STICKS,BÂTONNETS,STICKS,STICKS
28203,DULCES,28,SWEETS,BONBONS,SWEETS,SWEETS
28204,CAKE,28,CAKE,GÂTEAU,CAKE,CAKE
28205,GALLETAS,28,COOKIES,COOKIES,COOKIES,COOKIES
28300,BEBIDAS Y COCTELERIA P/VENTA,28,DRINKS AND COCKTAILS FOR SALE,BOISSONS ET COCKTAILS À VENDRE,DRINKS AND COCKTAILS FOR SALE,DRINKS AND COCKTAILS FOR SALE
28301,COCTELERIA,28,COCKTAILS,COCKTAILS,COCKTAILS,COCKTAILS
28302,TRAGOS,28,DRINKS,BOISSONS,DRINKS,DRINKS
28400,ALIMENTOS P/ LA ELABORACION,28,FOOD FOR PREPARATION,ALIMENTS POUR LA PRÉPARATION,FOOD FOR PREPARATION,FOOD FOR PREPARATION
28401,JAMON LASQUEADO,28,SLICED HAM,JAMBON TRANCHÉ,SLICED HAM,SLICED HAM
28402,SUB-PRODUCTO DE JAMON,28,HAM BY-PRODUCT,SOUS-PRODUIT DU JAMBON,HAM BY-PRODUCT,HAM BY-PRODUCT
28403,QUESO LASQUEADO,28,FLAKED CHEESE,FROMAGE EN FLOCONS,FLAKED CHEESE,FLAKED CHEESE
28404,QUESO MOLIDO,28,GROUND CHEESE,FROMAGE HACHÉ,GROUND CHEESE,GROUND CHEESE
28405,QUESOS EN DADOS,28,DICED CHEESE,FROMAGE EN DÉS,DICED CHEESE,DICED CHEESE
28406,BOLITAS DE QUESO,28,CHEESE BALLS,BOULES DE FROMAGE,CHEESE BALLS,CHEESE BALLS
28407,MORTADELLA LASQUEADA,28,SLICED MORTADELLA,MORTADELLE TRANCHÉE,SLICED MORTADELLA,SLICED MORTADELLA
28408,CHORIZO EN RODAJITAS,28,SLICED CHORIZO,CHORIZO TRANCHÉ,SLICED CHORIZO,SLICED CHORIZO
28409,DISCO PIZZA,28,DISCO PIZZA,PIZZA DISCO,DISCO PIZZA,DISCO PIZZA
28410,MARIPOSITAS CHINAS,28,CHINESE BUTTERFLIES,PAPILLONS CHINOIS,CHINESE BUTTERFLIES,CHINESE BUTTERFLIES
28411,ROLLITOS PRIMAVERA,28,SPRING ROLLS,ROULEAUX DE PRINTEMPS,SPRING ROLLS,SPRING ROLLS
28412,SALSA AGRIDULCE,28,SWEET AND SOUR SAUCE,SAUCE AIGRE-DOUCE,SWEET AND SOUR SAUCE,SWEET AND SOUR SAUCE
28413,PIERNA DE CERDO ASADA,28,ROASTED PORK LEG,Jarret de porc rôti,ROASTED PORK LEG,ROASTED PORK LEG
28414,POLLO ADOBADO (281-380 GRS),28,MARINATED CHICKEN (281-380 GRS),POULET MARINÉ (281-380 GR),MARINATED CHICKEN (281-380 GRS),MARINATED CHICKEN (281-380 GRS)
28415,CROQUETAS,28,CROQUETTES,CROQUETTES,CROQUETTES,CROQUETTES
28499,OTROS,28,OTHERS,AUTRES,OTHERS,OTHERS
28500,OTROS PRODUCTOS P/LA VENTA,28,OTHER PRODUCTS FOR SALE,AUTRES PRODUITS EN VENTE,OTHER PRODUCTS FOR SALE,OTHER PRODUCTS FOR SALE
28501,OTROS PRODUCTOS P/LA VENTA,28,OTHER PRODUCTS FOR SALE,AUTRES PRODUITS EN VENTE,OTHER PRODUCTS FOR SALE,OTHER PRODUCTS FOR SALE
29100,FOTOGRAFIA,29,PHOTOGRAPH,PHOTOGRAPHIER,PHOTOGRAPH,PHOTOGRAPH
29101,SERVICIOS FOTOGRAFICOS,29,PHOTOGRAPHIC SERVICES,SERVICES PHOTOGRAPHIQUES,PHOTOGRAPHIC SERVICES,PHOTOGRAPHIC SERVICES
29102,REVELADO E IMPRESION,29,DEVELOPMENT AND PRINTING,DÉVELOPPEMENT ET IMPRESSION,DEVELOPMENT AND PRINTING,DEVELOPMENT AND PRINTING
29199,OTROS,29,OTHERS,AUTRES,OTHERS,OTHERS
29201,ALQUILER DE PELICULA BETA,29,BETA MOVIE RENTAL,LOCATION DE FILMS BETA,BETA MOVIE RENTAL,BETA MOVIE RENTAL
29202,ALQUILER DE PELICULA VHS,29,VHS MOVIE RENTAL,LOCATION DE FILMS VHS,VHS MOVIE RENTAL,VHS MOVIE RENTAL
29203,SERVICIOS DE REP. EQ. (VIDEOS),29,EQUIPMENT REPAIR SERVICES (VIDEOS),SERVICES DE RÉPARATION D'ÉQUIPEMENT (VIDÉOS),EQUIPMENT REPAIR SERVICES (VIDEOS),EQUIPMENT REPAIR SERVICES (VIDEOS)
29299,OTROS,29,OTHERS,AUTRES,OTHERS,OTHERS
29301,SERVICIOS DE PONCHERA,29,PUNCH SERVICES,SERVICES PUNCH,PUNCH SERVICES,PUNCH SERVICES
29302,SERVICIOS DE FREGADO,29,WASHING SERVICES,SERVICES DE LAVAGE,WASHING SERVICES,WASHING SERVICES
29303,CAMBIO DE ACEITES,29,OIL CHANGE,VIDANGE,OIL CHANGE,OIL CHANGE
29304,SERVICIAR BATERIAS,29,SERVICING BATTERIES,ENTRETIEN DES BATTERIES,SERVICING BATTERIES,SERVICING BATTERIES
29305,CAMBIO DE NEUMATICO Y CAMARA,29,TIRE AND TUBE CHANGE,CHANGEMENT DE PNEUS ET DE CHAMBRE À AIR,TIRE AND TUBE CHANGE,TIRE AND TUBE CHANGE
29399,OTROS,29,OTHERS,AUTRES,OTHERS,OTHERS
29400,RECREATIVOS,29,RECREATIONAL,RÉCRÉATIF,RECREATIONAL,RECREATIONAL
29401,CARROS LOCOS,29,CRAZY CARS,VOITURES FOLLES,CRAZY CARS,CRAZY CARS
29402,MOTOR Y PAJARITO (FICHAS),29,MOTOR AND LITTLE BIRD (TOKENS),MOTEUR ET PETIT OISEAU (JETONS),MOTOR AND LITTLE BIRD (TOKENS),MOTOR AND LITTLE BIRD (TOKENS)
29403,HOCKY (FICHAS),29,HOCKY (TOKENS),HOCKY (JETONS),HOCKY (TOKENS),HOCKY (TOKENS)
29404,RENTA DE MOTOS,29,MOTORCYCLE RENTAL,LOCATION DE MOTOS,MOTORCYCLE RENTAL,MOTORCYCLE RENTAL
29405,RENTA DE PATINES,29,SKATE RENTAL,LOCATION DE PATINS,SKATE RENTAL,SKATE RENTAL
29406,BILLAR,29,BILLIARDS,BILLARD,BILLIARDS,BILLIARDS
29407,BOLERA,29,BOWLING ALLEY,PISTE DE BOWLING,BOWLING ALLEY,BOWLING ALLEY
29408,ARGOLLAS,29,RINGS,ANNEAUX,RINGS,RINGS
29499,OTROS,29,OTHERS,AUTRES,OTHERS,OTHERS
29500,OTROS SERVICIOS,29,OTHER SERVICES,AUTRES SERVICES,OTHER SERVICES,OTHER SERVICES
29501,ENVOLTURA DE REGALO,29,GIFT WRAPPING,EMBALLAGE CADEAU,GIFT WRAPPING,GIFT WRAPPING
29502,TABAQUERO,29,TOBACCONIST,MARCHAND DE TABAC,TOBACCONIST,TOBACCONIST
29599,OTROS,29,OTHERS,AUTRES,OTHERS,OTHERS
